# OBJ created via Mesh Extractor by KAMGAM
mtllib Houses111.mtl
o Mesh
v -4.956909 4.456913 -9.600128
v 9.971863 4.160572 -3.266815
v -4.724792 3.727369 -10.077210
v 10.206120 3.415735 -3.744843
v 2.499512 4.329636 -6.422302
v 2.728699 3.598930 -6.893555
v 5.874023 4.176018 -4.965393
v 6.100281 3.455425 -5.434631
v -0.984375 4.499218 -7.918060
v -0.779236 3.847992 -8.337708
v -5.297791 3.827290 -11.091060
v 11.305730 3.584181 -4.030029
v -5.148987 3.358706 -11.396270
v 11.455380 3.108227 -4.335541
v 3.007507 3.651896 -7.661469
v 3.232117 3.174133 -7.924164
v 7.148865 3.439934 -5.835541
v 7.293518 2.978727 -6.135590
v -1.136597 3.258770 -9.438385
v -0.986328 2.769753 -9.739685
v -4.922974 4.495033 -9.683868
v 2.532593 4.372982 -6.505219
v -0.863586 4.542568 -7.963348
v 5.976929 4.215866 -5.018372
v 9.140808 5.066864 -3.022522
v 9.128540 5.212009 -2.912750
v 9.688599 5.203968 -2.686462
v 2.601196 5.221283 -5.783661
v 5.669617 5.084221 -4.463654
v -4.617676 5.387012 -8.855438
v -1.131775 5.412510 -7.380951
v -4.698425 5.533710 -8.771271
v -5.252686 5.527691 -9.005310
v -7.222412 5.718407 -9.626709
v -5.335999 5.784760 -8.831573
v -6.568054 3.696995 -10.989260
v -4.677612 3.726362 -10.189480
v -6.456238 4.165062 -10.571320
v -6.814697 5.274220 -9.826080
v -6.238831 5.756458 -9.212189
v 11.503540 5.489162 -1.729492
v 9.607117 5.462132 -2.516510
v 12.139830 3.473579 -3.060303
v 11.647950 5.031532 -2.031128
v 11.727050 3.951180 -2.860748
v 11.388060 5.022472 -2.141083
v 10.517640 5.463379 -2.143158
v 11.401310 7.206665 -6.943573
v -6.716431 4.155926 -10.680600
v 11.986510 3.961754 -2.750244
v 11.680420 6.544170 -7.544342
v 13.564450 6.613831 -6.745972
v 13.382810 6.859585 -6.338776
v 13.123110 6.849789 -6.449036
v 12.712460 7.940483 -5.575134
v 12.972230 7.950092 -5.465057
v 12.798890 8.341228 -5.090149
v 11.816040 8.304886 -5.506622
v 11.012450 8.051350 -6.099609
v 9.558960 6.076439 -4.182526
v 6.119934 6.146748 -5.835754
v 7.880554 6.308277 -5.335205
v 3.218140 6.508030 -7.368011
v 4.455078 6.128380 -6.416077
v -0.860718 6.071716 -8.166077
v 0.865662 6.518715 -8.157562
v -0.035400 6.119274 -7.921722
v -3.954224 6.792305 -10.566560
v -2.696838 6.415638 -9.420471
v -2.873596 6.762066 -10.005190
v -4.080261 6.885334 -10.429530
v -4.596130 6.895348 -10.691040
v -4.664185 7.182396 -10.555910
v 9.556335 6.245728 -4.099762
v 10.101500 6.213875 -3.789581
v 10.005680 6.359314 -3.461487
v -0.721497 5.256748 -8.875763
v -4.435059 5.546844 -10.948360
v -1.322632 5.417870 -9.342957
v -2.130554 5.512253 -9.825684
v -2.406128 5.807556 -10.377010
v -2.958557 5.994381 -10.900820
v -3.814331 5.638908 -10.790590
v 3.214600 5.795128 -8.256531
v 0.250305 5.319588 -8.594482
v 1.192627 5.664085 -8.740326
v 2.049561 5.583385 -8.337921
v 6.612671 5.385399 -6.597870
v 5.072083 5.194572 -6.775024
v 6.282776 5.392780 -6.712524
v 10.536870 5.427612 -4.748474
v 8.040771 5.574352 -6.239166
v 9.034119 5.456635 -5.560974
v 9.686523 5.199631 -4.832428
v 10.267030 7.457336 -6.046875
v 10.265630 7.624302 -5.965942
v 10.734920 6.068840 -2.745728
v 10.473080 6.341713 -3.221161
v 12.110050 6.950447 -3.343262
v 12.255070 6.490726 -3.645325
v 11.995300 6.481121 -3.755402
v 12.345640 5.370255 -4.485260
v 12.605290 5.380207 -4.374969
v 12.750430 4.920147 -4.677246
v 10.866390 4.850479 -5.475616
v 11.074890 6.810455 -3.627136
v 10.437500 6.878933 -4.640533
v 9.873047 6.899872 -4.943359
v 9.880615 6.740753 -5.039215
v -4.172485 4.809174 -11.496610
v -6.083008 4.718941 -12.238490
v -5.602417 7.072380 -10.842930
v -6.643066 6.916386 -11.111300
v -5.914246 5.300201 -11.964970
v -6.173523 5.292198 -12.076350
v -4.539734 6.769653 -10.813320
v 2.740601 6.490513 -7.468872
v 10.844730 7.401257 -5.647125
v 10.482180 6.729210 -4.732880
v -3.727722 6.017170 -12.670990
v -5.500854 6.410664 -13.047790
v -6.085144 7.560242 -12.494260
v -6.218384 8.041809 -12.222260
v -3.608093 7.750977 -11.475920
v -3.716064 7.901054 -11.415070
v -4.241272 7.872841 -11.622830
v -4.316284 8.143982 -11.469730
v -3.947083 6.809967 -12.223210
v -5.629822 5.915001 -13.423520
v -5.226135 8.095108 -11.829680
v -5.822876 7.574314 -12.390500
v -4.198730 7.719250 -11.709590
v 11.074040 7.945190 -6.235687
v 10.264160 6.297695 -4.180786
v 13.139400 5.676388 -5.661133
v 11.260250 5.614029 -6.471710
v 11.077390 6.462410 -6.114197
v 13.016110 6.173916 -5.413605
v 12.754940 6.161800 -5.520142
v 12.457210 7.363300 -4.922455
v 12.718440 7.375114 -4.816071
v 12.595280 7.872349 -4.568695
v 11.606380 7.826958 -4.970123
v 11.913640 8.084671 -5.717712
v 10.816590 5.809902 -2.915894
v 11.156490 6.551624 -3.797211
v 11.675960 7.547302 -5.109863
v 10.253360 6.514549 -4.174286
v 10.774720 7.513992 -5.491791
v 10.663150 6.218342 -3.532257
v 9.688416 6.518486 -4.451508
v 9.687256 6.341469 -4.524323
v 10.735410 5.820587 -5.251251
v 10.570560 7.611980 -5.789490
v 10.601930 7.416870 -5.799225
v 11.247990 7.153103 -4.065552
v 11.331910 6.898804 -4.241425
v -4.157837 8.162502 -11.815090
v -4.095337 8.022057 -11.911470
v -3.627563 8.337414 -11.725560
v -3.498901 8.218758 -11.810760
v 11.990660 7.938480 -5.858612
v 12.450440 6.973858 -6.659546
v 12.147400 8.833687 -6.334686
v 12.946230 8.689499 -6.192108
v 12.049800 9.053902 -6.123566
v 13.032650 9.090244 -5.707092
v 13.205990 8.699108 -6.082031
v 12.684200 7.722870 -7.276489
v 13.356870 7.598808 -7.066010
v 12.224370 8.687492 -6.475555
v -4.629272 5.968746 -13.027650
v -5.415833 6.676716 -13.273960
v -4.556458 6.213844 -13.222930
v -5.557495 6.161774 -13.617890
v -5.678284 6.663380 -13.377320
v -5.097900 8.427238 -12.164370
v -5.707520 7.887970 -12.692960
v -5.969910 7.874336 -12.796480
v -6.090637 8.375610 -12.556060
v 10.417240 5.808517 -4.499298
v 9.614441 5.531693 -4.598083
v 8.875549 5.750916 -5.212372
v 7.950623 5.925175 -5.887909
v 6.194824 5.735710 -6.386200
v 4.911804 5.511448 -6.615601
v 3.052917 6.153946 -7.935669
v 1.033630 6.105034 -8.444794
v 0.119385 5.702824 -8.300201
v -0.800232 5.594788 -8.613708
v -1.406799 5.794624 -9.150208
v -2.297607 5.850609 -9.645477
v -2.573792 6.201424 -10.186680
v -3.058044 6.346848 -10.635010
v -3.894043 6.063683 -10.641390
v -4.511841 6.054993 -10.813930
v 1.945374 6.131248 -8.215454
v -5.158264 7.853367 -11.965880
v -9.679016 1.236715 2.333221
v -9.738953 1.413113 2.318695
v -10.321590 1.326565 2.158844
v -10.288640 1.147997 2.146118
v 5.968323 2.103857 4.155212
v 6.508240 2.320337 4.447418
v 5.966553 2.294327 4.183197
v 2.534607 2.261520 2.505188
v -7.562073 2.190365 -2.294006
v -4.194885 2.543716 -0.634094
v -8.162659 2.298271 -2.559845
v -7.628235 2.370705 -2.297333
v -10.044430 2.342928 -3.428253
v -8.222290 2.623541 -2.538086
v -9.683411 0.376680 -3.561737
v -9.687317 1.806961 -3.345306
v -9.938354 1.766087 -3.467651
v -9.094421 2.494410 -2.964630
v 8.274109 2.900658 5.361603
v 6.446106 2.665405 4.467377
v 8.708679 0.581108 5.175690
v 8.621704 1.025499 5.223114
v 8.370361 0.988152 5.100159
v 8.134460 2.244034 5.202759
v 8.385803 2.281384 5.325714
v 7.320862 2.775490 4.895294
v -11.446110 -0.384724 0.279236
v -11.194700 -0.348042 0.402252
v -11.444090 1.006023 0.497650
v -11.695370 0.968071 0.374817
v -11.798710 1.529156 0.414215
v -10.847470 1.669422 0.879364
v -9.974182 1.789768 1.306641
v -9.913269 1.474262 1.278717
v 4.702393 1.945271 8.242096
v 10.459900 1.692173 1.134674
v 10.216610 1.637520 0.997772
v 9.914856 3.025326 1.345703
v 10.169560 3.047462 1.465637
v 10.055600 3.634384 1.585693
v 9.092896 3.547302 1.133911
v 8.199707 3.519966 0.728058
v 8.276917 3.141615 0.649200
v -7.989258 1.443695 -7.399261
v -8.024719 2.770351 -6.937347
v -8.279663 2.746784 -7.056549
v -8.400879 3.259186 -6.904053
v -7.439392 3.377598 -6.456940
v -6.565063 3.557621 -6.056610
v -6.496948 3.260223 -6.139313
v 8.255371 3.139812 0.692322
v 7.689087 3.216352 0.449738
v 7.695923 3.019629 0.391052
v 4.171326 3.458399 -1.088501
v 1.173279 3.378487 -2.538940
v -2.546448 3.632288 -4.199371
v -5.892029 3.195751 -5.919952
v -5.961975 3.371391 -5.893860
v 4.191772 1.976959 7.897217
v 4.190979 1.804588 7.868042
v -9.310120 1.369635 1.538300
v -9.375427 1.545113 1.535034
v -8.479858 1.473616 1.944763
v -9.054077 1.325861 2.520813
v -6.629272 1.765812 2.117584
v -6.252441 2.009335 0.620606
v -6.596252 1.983681 0.364685
v -7.293884 1.843071 0.497620
v -6.587646 1.733583 2.498779
v -5.806152 1.824518 2.885925
v -6.045349 1.810211 2.633270
v -5.206177 1.924408 2.872009
v -4.562256 2.052729 2.621246
v -3.328369 2.134907 2.873474
v -3.063538 2.070683 3.305573
v -1.737854 1.718262 5.151550
v -1.628723 1.840580 4.318176
v -0.819519 1.605881 5.562866
v 1.271362 1.655979 5.275604
v -1.572144 1.645061 5.556610
v 0.152832 1.567629 5.701080
v 0.587219 1.610527 5.342834
v 5.625244 1.984123 4.893158
v 2.783569 1.868879 5.258301
v 3.623657 2.093735 4.284637
v 5.114746 2.071861 4.428253
v -5.468201 0.816700 2.503662
v -6.248352 0.929129 0.328735
v -6.424866 0.728689 1.799133
v -6.203369 0.726950 2.178436
v -5.778687 0.787201 2.276276
v -1.824585 0.966188 3.389740
v -5.002991 0.880608 2.638031
v -3.045471 1.043421 3.003082
v -2.623657 0.977942 3.412231
v 1.595764 0.632635 5.048279
v 0.380432 0.518528 5.344360
v 1.029419 0.610554 4.931580
v 6.513733 1.048458 4.823517
v 2.392578 0.726715 5.052063
v 4.879700 1.137293 3.966431
v 5.448914 1.022821 4.508362
v 6.043335 0.987303 4.888123
v -10.420840 1.627924 2.269440
v -11.638980 1.391203 2.582550
v -11.080570 1.483347 2.663361
v -12.452510 1.299698 1.821045
v -12.160460 1.342070 1.975128
v -12.311040 0.754667 1.698639
v -12.052800 0.793913 1.806976
v -11.670720 -0.509886 1.424774
v -11.709720 -0.091032 1.376343
v -11.932920 -0.550571 1.325012
v -11.776180 -0.865530 1.100891
v 5.904602 2.447531 7.883209
v 4.727966 2.264378 8.093231
v 6.791016 2.578604 8.483032
v 6.484741 2.525578 8.433807
v 7.011719 2.060398 8.190399
v 6.747192 2.018118 8.095886
v 7.080627 0.801100 7.781799
v 7.104248 1.205029 7.612854
v 7.302368 0.836382 7.965485
v 7.343689 0.343426 8.027832
v 5.272217 0.037346 7.652161
v 6.637146 0.236698 7.393127
v 5.098206 0.847038 7.765381
v 5.176270 0.566469 7.689911
v 5.644653 2.177837 4.876984
v 6.218079 2.207684 5.075562
v 6.146484 2.543756 5.117889
v 4.740906 1.776752 8.214447
v 6.252747 2.017046 5.063660
v -10.946530 1.007410 2.201752
v 5.998413 1.921125 7.833862
v 6.428467 1.035185 7.409760
v -11.402040 0.920656 2.039154
v -6.797974 2.603588 -3.976929
v -3.458862 2.884888 -2.228119
v -0.050598 3.200361 -1.708893
v -5.144531 2.813873 -3.375305
v -4.531555 2.777569 -2.540070
v -2.777100 2.951216 -2.024689
v -1.283264 3.169743 -2.193024
v 0.853210 3.260363 -1.876404
v 3.506470 2.793518 0.389160
v 7.039551 3.020025 1.702698
v 7.136780 3.250652 1.531433
v 1.801147 3.250591 -1.553528
v 2.614136 2.921814 -0.240479
v 4.221069 2.759224 0.899811
v 5.443604 3.023312 0.873993
v -6.798096 2.823236 -4.121246
v 3.510864 3.128611 0.292877
v 4.225525 3.095764 0.800171
v 5.446472 3.367371 0.777924
v 6.763794 3.361967 1.476959
v 1.878174 3.418468 -1.641052
v 2.618225 3.259586 -0.335785
v -3.409363 3.234283 -2.424591
v -2.869385 3.284340 -2.261414
v -1.196106 3.369570 -2.390137
v -5.159729 3.141054 -3.438721
v -4.340454 3.145830 -2.697876
v 2.155701 3.505924 -2.378021
v 3.778931 5.152840 -5.276550
v -0.852112 3.726929 -3.423340
v 0.129883 5.366425 -6.843536
v -4.040161 0.854160 -0.575745
v -10.488100 -0.026031 -1.612335
v -10.303590 0.002047 -1.522156
v -10.739690 1.348873 -1.519714
v -10.555180 1.377424 -1.429596
v -10.813050 1.314974 -1.359070
v -10.628600 1.343750 -1.269043
v -10.561710 -0.058027 -1.451813
v -10.377260 -0.029415 -1.361786
v -9.473511 0.453213 -3.837341
v -9.289001 0.481060 -3.747101
v -9.738281 1.895176 -3.739502
v -9.553955 1.925179 -3.649658
v -9.811035 1.856762 -3.578461
v -9.626709 1.886793 -3.488617
v -9.362061 0.443386 -3.585785
v -8.521362 1.039265 -5.985596
v -8.817322 2.607180 -5.811432
v -8.631958 2.631115 -5.721832
v -11.527830 2.560579 2.309570
v -8.954651 2.515360 -2.896301
v -9.058899 2.460371 -2.665680
v -9.268738 3.594706 -2.585449
v -9.165039 3.651814 -2.815857
v -10.878110 1.624998 1.316254
v -11.068180 2.656343 1.389069
v -8.856506 2.530079 -2.848267
v -8.960693 2.475086 -2.617645
v -9.066833 3.666540 -2.767853
v -9.170593 3.609430 -2.537445
v -10.672420 1.678524 1.132568
v -10.779790 1.638754 1.364349
v -10.862670 2.711472 1.205231
v -10.969910 2.670427 1.437134
v -11.449770 2.555691 2.387573
v -11.765870 2.962242 2.119110
v -11.563600 2.949951 2.291107
v -11.556090 1.437834 2.154694
v -11.342040 1.464279 2.309692
v -11.715390 2.572250 2.122040
v -9.190674 2.479862 -3.011719
v -9.294861 2.424147 -2.780975
v -9.504700 3.558403 -2.700775
v -9.401001 3.615456 -2.931183
v -9.574707 3.934586 -2.673279
v -9.471130 3.992023 -2.903564
v -9.338745 3.970905 -2.557953
v -9.235168 4.028397 -2.788208
v -11.007020 1.631447 0.968872
v -11.197140 2.663410 1.041595
v -11.372740 2.992434 1.299896
v -11.265560 3.034380 1.067871
v -11.136600 3.027447 1.415283
v -11.029420 3.068748 1.183380
v -9.288757 2.464199 -3.059570
v -9.393005 2.408861 -2.828918
v -9.499084 3.600084 -2.979095
v -9.602905 3.543627 -2.748779
v -9.545715 3.850677 -2.960754
v -9.649414 3.793396 -2.730469
v -11.105290 1.617250 0.920807
v -11.212710 1.577545 1.152588
v -11.295350 2.648500 0.993683
v -11.402590 2.607750 1.225525
v -11.340880 2.895519 1.011047
v -11.837830 2.824078 2.101807
v -9.113525 3.917311 -2.749512
v -9.217163 3.859921 -2.519196
v -10.908140 2.958023 1.222748
v -11.015380 2.916719 1.454651
v -11.483520 2.800474 2.433868
v -6.094604 5.761387 -9.150452
v -6.387085 6.660690 -8.538910
v -7.347778 3.366581 -6.292908
v -7.439331 3.305967 -6.108643
v -7.710510 4.570183 -5.847321
v -7.625183 4.629219 -6.003632
v -6.006714 5.761341 -9.108337
v -6.285522 6.664608 -8.496094
v -7.249268 3.385582 -6.247437
v -7.340881 3.323984 -6.062653
v -7.525696 4.647751 -5.959778
v -7.611267 4.588531 -5.802887
v -6.338745 5.751934 -9.253326
v -6.631287 6.651237 -8.641785
v -6.729004 6.951679 -8.437500
v -6.484863 6.961128 -8.334595
v -7.585022 3.325882 -6.402924
v -7.676331 3.265549 -6.219635
v -7.948853 4.527756 -5.955078
v -7.864136 4.587311 -6.110138
v -8.028137 4.925007 -5.883179
v -7.944519 4.986511 -6.031555
v -7.789368 4.966888 -5.775940
v -7.705139 5.028111 -5.925629
v -6.442017 5.744503 -9.291809
v -6.732849 6.647308 -8.684601
v -6.797852 6.847111 -8.548737
v -7.683960 3.310677 -6.448853
v -7.775024 3.249847 -6.265869
v -7.963501 4.571201 -6.154968
v -8.048096 4.512199 -6.000458
v -8.017334 4.835697 -6.101624
v -8.101074 4.775497 -5.951874
v -6.350525 6.864414 -8.360229
v -7.579041 4.912117 -5.907349
v -7.663818 4.851410 -5.754913
v 7.415283 0.868528 7.548096
v 7.231384 0.836197 7.458099
v 7.180237 2.118427 7.651001
v 6.996155 2.087744 7.560944
v 7.105225 2.100157 7.809509
v 6.921082 2.070004 7.719421
v 7.340027 0.852005 7.706482
v 7.156128 0.820158 7.616486
v 8.587280 1.029287 5.114471
v 8.402710 1.001913 5.024170
v 8.351501 2.284590 5.217041
v 8.166931 2.257219 5.126740
v 8.278015 2.255842 5.376251
v 8.093445 2.228481 5.285950
v 8.513794 1.000620 5.273682
v 8.329224 0.973244 5.183380
v 9.598389 1.599602 2.827484
v 9.332153 3.025997 2.984283
v 9.149963 2.982294 2.895813
v 4.829651 4.007683 10.555050
v 7.180115 2.761553 4.826447
v 7.074829 2.719967 5.054657
v 6.862183 3.885777 5.129700
v 6.967529 3.927092 4.901520
v 5.366028 2.432266 8.650146
v 5.304077 2.520061 8.886780
v 5.096863 3.572004 8.974457
v 5.179565 3.572104 8.748413
v 7.081177 2.752180 4.778076
v 6.975891 2.710567 5.006287
v 6.869324 3.912720 4.853455
v 6.763977 3.871399 5.081635
v 5.265869 2.413471 8.600830
v 5.201233 2.501162 8.833618
v 5.076477 3.556057 8.697449
v 4.989746 3.557272 8.918854
v 4.718201 4.023582 10.549290
v 5.150513 4.340351 10.561920
v 4.882446 4.379196 10.547970
v 5.132324 2.792728 9.959320
v 4.874512 2.822023 9.870850
v 5.097656 3.968990 10.568970
v 7.417725 2.785839 4.942688
v 7.312439 2.744211 5.170868
v 7.098389 3.919983 5.245270
v 7.203735 3.961363 5.017059
v 7.030090 4.290161 5.271606
v 7.135437 4.331486 5.043427
v 6.794006 4.255314 5.156097
v 6.899292 4.296719 4.927887
v 5.604065 2.466352 8.769196
v 5.544006 2.542507 9.015167
v 5.347107 3.607302 9.107910
v 5.423889 3.612337 8.871002
v 5.303040 3.976583 9.150330
v 5.366516 3.979855 8.906799
v 5.051025 3.943844 9.015045
v 5.120605 3.941969 8.783020
v 7.516418 2.796883 4.990936
v 7.411133 2.755276 5.219147
v 7.301941 3.975681 5.065125
v 7.196655 3.934307 5.293304
v 7.256409 4.222424 5.082611
v 7.151123 4.180965 5.310791
v 5.702026 2.474707 8.818542
v 5.639648 2.550621 9.067230
v 5.522461 3.625818 8.921112
v 5.445190 3.618839 9.161469
v 5.485413 3.869436 8.945526
v 5.416321 3.863050 9.190125
v 5.209045 3.953453 10.574740
v 5.244263 4.199867 10.570070
v 6.823975 4.158401 4.871002
v 6.718628 4.116989 5.099182
v 5.035156 3.801838 8.719574
v 4.953674 3.803631 8.943604
v 4.753296 4.270779 10.544590
v 10.371830 5.460846 -2.202576
v 10.078310 6.393105 -1.598389
v 8.864624 3.527584 1.239777
v 8.748901 3.533548 1.463348
v 8.495728 4.849434 1.675354
v 8.610229 4.818436 1.478149
v 10.278200 5.460083 -2.241241
v 8.765320 3.518185 1.193665
v 8.649475 3.524652 1.417267
v 8.495300 4.887550 1.438904
v 8.394836 4.847767 1.628967
v 10.617550 5.463997 -2.100769
v 10.323730 6.397110 -1.496338
v 10.223820 6.714924 -1.292755
v 9.978333 6.710915 -1.394806
v 9.101624 3.559040 1.350891
v 8.986206 3.564228 1.574432
v 8.737305 4.857948 1.787262
v 8.852295 4.825447 1.589478
v 8.651123 5.291779 1.864746
v 8.751160 5.323593 1.682922
v 8.409668 5.282337 1.752838
v 8.509277 5.315559 1.571594
v 10.425720 6.399109 -1.453827
v 10.359190 6.610638 -1.318359
v 9.199280 3.576492 1.397430
v 9.084167 3.580841 1.620728
v 8.938721 4.900215 1.642822
v 8.837463 4.863018 1.833923
v 8.881104 5.183567 1.700073
v 8.780457 5.150818 1.885162
v 9.909607 6.603165 -1.505341
v 8.437744 5.170650 1.496094
v 8.337952 5.135025 1.680145
v 8.026917 0.391420 4.016418
v 3.922791 0.282402 2.045868
v -1.747192 0.019575 6.095551
v -1.978455 -0.000067 6.167938
v -1.874146 -0.502070 5.956207
v -3.641663 0.309225 4.994354
v -3.519775 0.255520 5.206207
v -3.314697 -0.267586 5.059814
v -0.674072 0.801243 3.766968
v -0.622742 0.715109 4.008179
v -0.637390 0.189087 3.952393
v -0.688110 0.272009 3.710999
v -3.002930 1.017212 2.695343
v -2.773438 0.416996 2.843994
v 5.507629 3.523937 8.004425
v 5.401611 3.506588 7.973297
v 6.027527 2.469671 7.873596
v 5.762634 3.565666 8.079224
v 5.868713 3.583023 8.110321
v 5.810181 3.824013 8.156189
v 5.419678 3.886307 8.073395
v 5.674683 3.928034 8.148193
v 5.343079 3.747559 8.019165
v 5.773071 2.424274 7.799042
v 4.825989 3.736008 9.898956
v 5.234253 3.940866 9.905029
v 5.106201 3.708544 9.914154
v 4.851257 4.104950 9.877686
v 4.716675 3.747444 9.893463
v 5.215515 3.697697 9.919800
v 4.728516 3.992046 9.879578
v 5.137390 4.075317 9.892609
v 5.098206 3.381464 10.190730
v 5.055847 3.150532 10.211790
v 4.807190 3.497438 10.237240
v 4.781860 3.298313 10.228420
v 5.193359 2.517372 9.220551
v 5.425903 2.504814 9.389679
v -11.566470 2.107170 1.969757
v -11.380620 2.101542 2.194885
v -5.448730 8.837902 -11.029880
v -5.876709 9.132576 -11.033910
v -5.637024 9.140839 -10.920810
v -5.407166 7.964512 -11.951050
v -4.959839 7.981815 -11.762540
v -5.887817 8.822765 -11.237030
v -5.930664 9.078735 -11.174130
v -5.491638 9.093880 -10.966980
v 11.588990 8.979710 -4.568512
v 11.921880 9.295013 -4.297607
v 11.654720 9.282990 -4.339722
v 12.318120 8.283726 -5.318298
v 11.871220 8.267197 -5.507721
v 12.060420 8.966080 -4.445770
v 12.046810 9.195175 -4.347229
v 11.572140 9.202320 -4.461639
v -6.024170 5.906914 -9.330780
v -6.302917 6.826477 -8.697510
v -5.627319 8.667408 -10.897490
v -5.922668 5.910843 -9.287994
v -6.217224 6.816536 -8.672089
v -5.040283 7.845737 -11.559230
v -5.527649 8.670849 -10.850460
v -6.660339 7.102390 -8.614319
v -6.419006 7.120605 -8.505463
v -5.867004 8.659145 -11.010590
v -5.979248 8.945240 -10.793550
v -5.739624 8.953491 -10.680480
v -6.369934 5.893532 -9.476471
v -6.661987 6.791428 -8.865906
v -6.733765 7.012032 -8.715912
v -5.487549 7.828430 -11.747740
v -5.966675 8.655708 -11.057620
v -6.041321 8.845966 -10.913300
v -6.280823 7.011921 -8.539215
v -5.602295 8.861107 -10.706150
v 10.429140 5.688934 -2.430115
v 10.173220 6.575218 -1.816040
v 11.621520 8.795189 -4.360229
v 10.333130 5.674557 -2.454315
v 10.071040 6.569916 -1.857574
v 11.803470 8.090977 -5.332550
v 11.517210 8.803577 -4.394897
v 10.418820 6.588558 -1.715942
v 10.311650 6.897953 -1.510345
v 10.066280 6.883976 -1.610565
v 11.872440 8.775002 -4.276947
v 11.810910 9.047985 -4.025452
v 11.560000 9.068169 -4.108734
v 10.803590 5.664085 -2.238251
v 10.520940 6.594086 -1.674347
v 10.449710 6.799870 -1.537598
v 12.250430 8.107498 -5.143158
v 11.976810 8.766613 -4.242310
v 11.935910 8.948151 -4.075043
v 9.999939 6.775120 -1.720978
v 11.476260 8.985119 -4.227631
v -5.841187 7.718357 -9.787628
v -5.735840 7.732830 -9.758514
v -5.851257 6.759979 -10.502560
v -6.094543 7.683537 -9.857605
v -6.199951 7.669048 -9.886719
v -6.264160 7.872025 -9.755157
v -5.937744 8.023548 -9.589752
v -6.191101 7.988739 -9.659729
v -5.800049 7.935799 -9.626923
v -5.606567 6.770561 -10.401060
v 11.043150 7.732903 -3.119934
v 10.938600 7.740829 -3.153992
v 11.465940 6.794117 -3.656982
v 11.294620 7.713814 -3.038025
v 11.399230 7.705872 -3.003967
v 11.368960 7.910522 -2.863159
v 10.997620 8.040634 -2.908173
v 11.249080 8.021545 -2.826263
v 10.908330 7.945477 -3.013153
v 11.221370 6.783993 -3.758972
v -3.842346 4.453815 -14.939450
v -3.963440 4.244667 -14.880800
v -3.690063 4.275146 -14.854490
v -4.206360 5.894199 -9.927826
v -4.291931 6.334682 -10.967250
v -4.073669 6.489079 -10.869660
v 3.347595 5.708706 -6.718567
v 3.338806 6.601173 -8.276215
v 3.126465 6.436203 -8.225830
v 3.148376 6.615662 -8.178650
v 3.260742 6.182034 -7.766357
v 3.482544 6.311802 -7.667236
v 6.948303 5.781174 -5.687164
v 6.927246 5.967072 -5.586975
v 7.581665 6.454239 -6.487579
v 7.349365 6.556229 -6.353546
v 7.533997 6.546242 -6.302185
v 7.172791 6.146954 -6.078735
v 7.380554 5.945889 -6.098724
v 7.332703 6.113380 -5.976440
v -4.256775 4.172142 -13.656010
v -4.679443 4.310242 -12.944490
v -4.666565 4.120621 -13.097410
v -5.817627 6.041096 -12.789980
v -6.224304 7.019257 -11.914920
v -6.033386 7.026649 -11.834470
v -6.377441 4.725918 -11.340970
v -6.734375 5.823124 -10.594850
v -6.543457 5.830509 -10.514400
v 12.755620 5.768833 -4.952118
v 12.564880 5.761784 -5.032959
v 12.157780 6.821636 -4.177765
v 12.401120 6.932846 -4.230194
v 12.210390 6.925789 -4.311005
v 12.617490 5.865940 -5.166229
v 9.402832 5.598061 -4.175995
v 11.138980 6.731449 -8.180420
v 11.193600 6.534367 -8.044525
v 10.983340 6.548412 -8.223175
v 10.799380 6.609215 -7.206818
v 10.692500 6.808704 -7.253693
v 10.536870 6.625656 -7.296448
v 10.680910 6.734863 -6.597565
v 10.771910 6.535294 -6.639648
v 10.528930 6.605709 -6.730530
v 9.934387 6.506447 -5.493896
v 8.160645 7.834343 -7.311554
v 8.267700 7.612160 -7.447205
v 8.068054 7.769459 -7.564697
v 7.819031 6.917530 -7.038483
v 7.655090 7.063759 -6.866089
v 7.562317 7.000801 -7.119537
v 7.083191 6.552917 -6.433044
v 7.232178 6.408794 -6.618591
v 6.967773 6.461052 -6.657959
v 8.652100 6.329903 -6.103363
v 8.813904 6.297855 -5.974457
v 8.718933 6.480457 -5.978027
v 8.467407 5.801907 -5.062744
v 7.178040 5.105480 -4.764252
v 7.334045 5.220387 -4.604950
v 8.074646 6.815800 -6.246521
v 8.293091 6.671036 -6.031525
v 8.143127 6.839188 -6.004730
v 7.977478 6.202591 -5.772125
v 7.657715 6.254749 -5.872833
v 7.810059 6.330055 -5.687531
v -3.505066 5.930908 -9.662292
v -3.550232 6.066208 -10.996640
v -3.268250 6.241283 -10.933230
v -3.518066 6.282410 -10.937100
v -1.894714 5.514797 -8.634583
v -0.889771 6.051426 -10.660640
v -1.137024 6.029243 -10.681400
v -1.042175 6.257233 -10.675260
v -1.722534 5.627022 -9.598267
v -1.501282 5.641754 -9.490265
v -1.653503 5.846172 -9.504761
v 3.889465 5.527012 -9.726379
v 3.624634 5.527897 -9.828491
v 3.755066 5.763638 -9.843170
v 3.120239 5.605247 -9.050903
v 3.327271 5.624653 -8.864929
v 3.193054 5.858730 -8.981262
v 3.011719 5.783257 -8.046204
v 2.804504 5.785851 -8.234100
v 2.858826 6.015915 -8.118408
v 5.682312 4.915886 -9.797729
v 5.689758 4.694672 -9.674927
v 5.543579 4.734962 -9.875488
v 4.169312 5.520229 -9.190735
v 4.353210 5.395950 -9.054688
v 4.306763 5.644871 -9.038300
v 4.842529 5.283928 -9.680389
v 4.984314 5.241661 -9.476624
v 4.987244 5.458168 -9.604401
v 3.666077 5.640419 -7.658569
v 3.603882 5.864471 -7.585266
v 1.918396 6.092407 -7.852753
v 1.751770 6.391502 -7.956268
v 1.922302 6.340187 -7.804932
v 2.763062 6.444153 -8.976532
v 2.502747 6.655922 -8.867126
v 2.722595 6.620461 -8.800415
v 2.234436 6.328926 -8.417877
v 2.452393 6.048988 -8.364258
v 2.421936 6.289200 -8.285767
v -0.870117 5.337196 -7.944824
v -1.199524 5.325165 -8.177063
v -0.251404 6.654209 -10.478820
v -0.626892 6.530830 -10.438200
v -0.512207 6.756599 -10.357210
v -0.614685 6.140186 -9.800934
v -0.258118 6.208740 -9.633209
v -0.537170 6.342148 -9.645477
v 1.064514 5.881077 -7.719696
v 1.329712 5.760902 -7.659363
v 1.226501 5.910168 -7.585510
v 2.128418 6.705338 -8.815430
v 2.250916 6.516300 -8.622650
v 2.189941 6.701721 -8.610413
v 1.843628 6.300739 -8.395111
v 1.609070 6.462654 -8.490326
v 1.755127 6.464355 -8.332947
v 5.581116 5.243950 -5.323181
v 5.787170 5.259697 -5.309387
v 5.659241 5.397720 -5.216248
v 5.999023 6.597111 -7.071655
v 6.194092 6.574257 -6.990112
v 6.077454 6.748711 -6.964600
v 6.009705 6.081451 -6.586304
v 5.803284 6.068043 -6.600189
v 5.881653 6.220016 -6.493073
v -3.112854 5.781204 -9.357574
v -2.885681 5.832939 -9.336548
v -3.041504 5.936653 -9.197571
v -2.662231 7.939373 -11.771670
v -2.442078 7.931534 -11.685850
v -2.590820 8.093987 -11.611540
v -2.498474 7.354149 -11.162260
v -2.725891 7.304428 -11.183440
v -2.654480 7.459023 -11.023350
v -3.604858 5.738358 -9.484924
v -3.546631 5.618744 -9.644287
v -3.404724 5.728096 -9.536804
v -3.615112 8.159958 -12.957310
v -3.610657 7.974850 -13.051210
v -3.434814 8.081825 -13.024260
v -3.092285 7.680325 -11.726990
v -3.238464 7.583603 -11.837800
v -3.290283 7.685787 -11.666080
v -3.232788 8.046421 -12.325290
v -3.407227 7.936607 -12.348600
v -3.414551 8.125183 -12.264130
v -2.297607 6.405357 -10.007630
v -2.239746 6.508450 -9.748871
v -2.403870 6.496250 -9.845551
v 3.556335 5.414040 -6.043854
v 3.840149 5.397766 -5.997070
v 3.701477 5.534344 -5.960663
v 4.374329 6.070583 -7.585632
v 4.104126 6.123566 -7.684204
v 4.244202 6.220398 -7.567230
v 0.617554 5.412643 -7.581238
v 0.952210 5.403515 -7.517944
v 0.774719 5.514626 -7.419952
v 1.503113 7.136349 -9.047668
v 1.725525 6.970039 -8.832947
v 1.573303 7.147400 -8.805084
v 1.409912 6.518826 -8.579254
v 1.086365 6.595058 -8.680817
v 1.240601 6.655293 -8.493988
v 9.573608 5.357903 -4.300262
v 11.054630 6.346859 -7.723907
v 11.114750 6.134739 -7.622681
v 10.933170 6.146870 -7.776947
v 10.774290 6.199371 -6.899292
v 10.669070 6.413578 -6.923645
v 10.547670 6.213566 -6.976715
v 10.547180 6.329849 -6.105621
v 10.659610 6.149029 -6.213837
v 10.440610 6.201786 -6.269714
v 9.938232 5.829391 -5.141571
v -2.240417 5.648312 -8.750793
v -2.449646 5.689957 -8.932739
v -2.441895 5.838783 -8.700287
v -1.005676 6.544868 -11.553740
v -1.266602 6.523525 -11.657410
v -1.161377 6.776764 -11.617070
v -1.754517 6.353657 -10.887910
v -1.550781 6.367748 -10.698700
v -1.706482 6.599255 -10.761960
v -1.861816 6.304577 -9.868164
v -2.067200 6.308231 -10.054350
v -2.034302 6.518497 -9.888702
v 0.813599 6.204556 -11.730560
v 0.844482 5.961338 -11.660060
v 0.692749 6.027267 -11.848910
v -0.722656 6.473438 -11.027620
v -0.528198 6.350933 -10.919530
v -0.597168 6.583298 -10.848450
v -0.047119 6.439495 -11.547760
v 0.099731 6.374847 -11.356080
v 0.079773 6.612679 -11.432130
v -1.201538 6.189510 -9.510834
v -1.282837 6.382996 -9.389435
v -0.642700 6.410099 -8.678101
v -1.401855 6.327995 -8.828735
v -2.110352 6.420155 -9.292969
v 0.925049 6.826977 -8.882050
v 0.078674 6.395054 -8.393768
v -1.423401 6.330757 -8.842896
v -2.125610 5.978775 -9.408905
v 0.222229 5.952599 -8.443115
v -0.551514 5.968933 -8.748718
v -1.388855 5.883877 -8.925812
v -1.365723 5.880623 -8.910645
v 1.129944 6.416763 -8.966736
v 0.980347 6.978432 -9.140747
v 0.306946 7.164925 -9.700745
v -0.384888 6.863674 -9.399658
v -0.103943 7.117462 -9.763214
v -1.395996 6.725628 -9.541229
v -1.918030 6.760250 -9.829071
v -2.320007 6.682495 -9.866913
v -2.396118 6.317699 -10.149660
v -0.989258 6.760056 -9.439941
v 1.213684 6.645638 -9.357910
v 0.494568 6.876431 -10.005190
v -0.082214 6.793636 -10.061770
v -1.349304 6.449871 -9.928650
v -1.866455 6.438377 -10.131840
v -0.350037 6.580708 -9.775909
v -0.860230 6.473305 -9.773193
v -8.103638 1.223848 3.559875
v -8.088318 0.944355 3.527008
v -7.958191 1.061394 3.738678
v -7.441406 0.862732 2.864105
v -7.377563 1.130911 2.831360
v -7.232117 0.967949 3.010254
v -6.698608 1.241678 2.266113
v -6.523560 1.081415 2.407654
v -6.665894 1.648705 0.016388
v -7.786438 1.441820 2.153381
v -7.951050 1.384764 1.864899
v -7.890320 1.578222 1.961182
v -7.416809 1.545944 1.461548
v -0.821716 -0.000488 6.894226
v -0.575378 0.013632 6.926971
v -0.764099 0.169210 7.039856
v -0.180481 0.748980 5.948730
v -4.861938 -0.507401 5.112366
v -4.793213 -0.588678 4.890442
v -4.646484 -0.637381 5.086609
v -3.977234 0.810024 5.039886
v -4.462891 0.172573 5.324249
v -3.470764 1.267126 4.025726
v -1.566406 1.623924 4.710785
v -2.241394 0.790447 5.618744
v -2.097839 1.051128 5.675018
v -2.305725 1.046434 5.586151
v -1.949768 1.183809 5.014404
v 0.543884 0.471146 6.623535
v 0.940186 0.510424 6.564606
v 0.724304 0.697142 6.616486
v -1.764404 1.162512 5.690796
v -1.829712 1.136135 5.420898
v -1.854248 1.295080 5.523926
v -6.013611 1.679699 2.316193
v -6.573486 1.267534 4.428009
v -6.754517 1.233477 4.328827
v -6.725037 1.414120 4.421448
v -6.385742 1.392639 3.767242
v 4.301697 1.889555 3.614563
v 4.070435 1.868208 3.588623
v 4.148254 2.076628 3.563873
v 3.306580 1.736679 6.713898
v 3.098999 1.708349 6.604614
v 3.154175 1.916735 6.663696
v 3.324402 1.655037 5.859253
v 3.553589 1.690722 5.884247
v 3.401367 1.869270 5.834106
v 3.855774 1.645357 7.314148
v 4.064819 1.607101 7.298157
v 2.860352 1.731388 4.797516
v 2.885010 1.498093 5.336151
v -4.680298 1.222698 3.499969
v -4.836060 1.251232 3.257507
v -4.789856 1.379997 3.378418
v -4.421448 1.482649 2.944580
v -1.316956 1.422281 6.174744
v -1.489563 1.405169 5.890594
v -1.426636 1.587671 5.985687
v -0.936401 1.458923 5.481506
v 1.638916 0.007767 7.078857
v 1.898376 0.031151 7.184753
v 1.690308 0.189699 7.282227
v 2.144287 0.786133 6.573059
v 0.106201 -0.797012 6.828552
v 0.168030 -0.918421 6.633057
v 0.309021 -0.954510 6.836761
v 1.149902 0.338137 6.485931
v 0.589233 -0.192076 6.891083
v 1.686951 1.084698 5.273834
v 1.661865 1.322817 5.298981
v -0.854370 3.963581 -8.151031
v 6.741028 5.833206 -8.331482
v 6.828918 6.510277 -8.092529
v 6.604797 6.560600 -8.132446
v 6.516785 5.885429 -8.371765
v 6.153137 3.537508 -5.160217
v 5.977905 4.095375 -4.796600
v 5.767151 4.098339 -4.887115
v 5.942505 3.540285 -5.250824
v 0.968445 6.871765 -12.560000
v 0.723816 7.551331 -12.392400
v 0.523560 7.523190 -12.498570
v 0.768433 6.842766 -12.666290
v -0.739746 3.841640 -8.134735
v -0.919312 4.411278 -7.766998
v 4.883301 5.788486 -7.664154
v 4.638611 5.740551 -7.677826
v 4.870117 5.165611 -7.796143
v 5.114685 5.213753 -7.782288
v 1.860901 5.761333 -9.022705
v 2.011414 5.668846 -8.840881
v 1.964172 5.096985 -9.072571
v 1.813782 5.189617 -9.254608
v -0.040955 6.292625 -10.039220
v -0.252564 6.299164 -10.129330
v -0.151794 5.567371 -10.295410
v 0.059631 5.561386 -10.205140
v 0.400330 6.543221 -11.043640
v 0.181763 6.527283 -11.108610
v 0.320984 5.820183 -11.303740
v 0.540833 5.835602 -11.238710
v 6.738525 5.957706 -7.283112
v 6.524048 6.010082 -7.357513
v 6.458801 5.326691 -7.572845
v 6.673828 5.257553 -7.509613
v 0.924194 5.330276 -8.336823
v 1.012878 4.826469 -8.619476
v 1.003479 4.993370 -8.854279
v 4.975769 5.179253 -6.755249
v 5.195007 4.620190 -6.898376
v -4.266174 1.564163 3.403809
v -4.567993 1.225437 3.849274
v -3.229431 1.618809 4.345093
v -3.138672 1.872776 3.874695
v -3.491028 1.895943 3.461609
v -3.559814 1.255236 4.816040
v -2.974182 1.293753 5.339111
v -2.565247 1.658115 4.948395
v -2.755859 1.884310 4.245026
v -4.368835 0.978367 4.605408
v -2.596008 1.476921 5.323364
v 2.034607 2.418854 4.212585
v 2.071350 2.199932 5.298492
v -0.592590 1.807608 5.719482
v 1.527588 1.978046 6.094299
v 0.786865 1.916874 5.988251
v 0.216797 1.779320 6.353088
v -0.514038 1.728535 6.167755
v 1.591553 2.472160 3.714142
v 2.186768 2.101242 4.100067
v 0.848206 1.561995 6.005188
v 1.642822 1.628099 6.118896
v 2.226196 1.866089 5.265137
v 0.236511 1.415110 6.396545
v 1.711426 2.158422 3.565308
v -0.547607 1.360744 6.197662
v -0.631775 1.445282 5.716766
v 4.042664 2.138361 5.363312
v 3.593872 2.050066 5.858826
v 3.255981 2.039610 5.848724
v 3.005371 1.941092 6.210144
v 3.436829 1.904362 6.480438
v 4.386475 2.055538 5.616028
v 4.079163 1.871336 6.593964
v 4.514771 1.904171 6.291962
v 4.364258 1.988689 5.941437
v 3.565857 1.698280 5.764496
v 4.484802 1.644089 5.862061
v 4.512817 1.714087 5.473419
v 4.101990 1.809799 5.171295
v 3.378052 1.523489 6.508209
v 4.143433 1.506187 6.642548
v 3.163940 1.669125 5.753540
v 2.864258 1.550566 6.185913
v -6.484009 1.181044 3.133026
v -7.445007 0.976219 3.726349
v -6.198059 1.102724 3.644287
v -6.298889 1.040279 3.909210
v -6.510193 1.025990 3.887756
v -6.939392 1.041428 3.623352
v -6.445923 1.238661 2.867157
v -7.048035 1.248487 2.551544
v -7.897278 1.118286 2.813934
v -8.076782 0.994755 3.352081
v -6.622864 1.483496 3.025024
v -7.107910 1.494490 2.755066
v -7.775940 1.394690 2.949860
v -7.906006 1.296198 3.383820
v -7.395996 1.277981 3.702179
v -6.646912 1.437519 3.240479
v -6.997131 1.327963 3.629395
v -6.650452 1.313309 3.853943
v -6.482178 1.323536 3.876068
v -6.408264 1.373291 3.662750
v -8.775635 1.610817 1.832672
v -9.168091 1.878334 0.442291
v -8.697632 1.828239 0.884064
v -9.213623 1.521057 2.054474
v -10.229550 1.473501 1.779480
v -10.027220 1.844458 0.147644
v -9.677246 1.685089 1.047729
v 6.105713 3.441528 -5.039368
v 5.895081 3.443844 -5.129883
v -4.038086 0.788036 -0.908844
v -5.726746 2.798653 -11.357060
v -6.018127 3.716282 -10.759250
v -5.768860 2.932463 -11.271240
v -5.964783 3.550344 -10.869600
v -5.828857 3.487160 -10.863620
v -5.674622 3.001535 -11.180080
v -8.776611 -0.985569 -3.341736
v -8.884766 -0.390614 -3.303375
v -9.010437 -0.327215 -3.352478
v -9.048096 -0.119949 -3.339142
v -8.843750 -1.244797 -3.411346
v -8.873108 -1.082397 -3.401184
v -11.336790 -0.551977 -0.206482
v -9.764160 0.134644 -3.635742
v -9.642700 0.153256 -3.576385
v -7.186829 5.612343 -9.701477
v -12.379940 1.184010 1.708130
v -12.474850 0.989323 1.648346
v -7.312500 5.607491 -9.754456
v -12.498410 1.166874 1.642120
v -10.140690 2.186693 -3.496765
v -10.019350 2.206697 -3.437653
v -6.917664 5.731556 -9.500305
v -11.956970 1.381094 1.949127
v -12.140010 1.574774 1.855347
v -11.985470 1.596487 1.941528
v -9.751221 2.391144 -3.285309
v -9.791504 2.609261 -3.270081
v -9.633240 2.634754 -3.192871
v -9.592896 2.416323 -3.208038
v -12.356450 1.006466 1.714386
v -12.113280 1.358505 1.867340
v 6.881592 -0.749115 7.932251
v 5.884033 -0.933964 7.994507
v 5.693420 0.071930 8.080536
v 6.671326 0.232225 8.066833
v 5.853943 -0.781298 8.009552
v 6.850342 -0.601009 7.951202
v 5.731384 -0.103659 8.055450
v 6.708984 0.058662 8.041626
v 5.964783 -0.685488 8.043457
v 5.885437 -0.148935 8.043793
v 6.585632 -0.029739 8.033691
v 6.697144 -0.550499 7.962524
v 11.889890 2.506498 -3.897491
v 11.072810 2.483932 -4.240784
v 11.847900 2.639851 -3.811523
v 11.648500 3.274580 -3.406891
v 11.554930 3.202629 -3.498596
v 11.711980 2.702820 -3.817261
v 8.204712 -0.231709 4.792633
v 8.109192 0.267838 4.838867
v 8.208435 0.344584 4.899933
v 8.176758 0.507237 4.916718
v 7.413269 0.274773 4.511078
v 7.539490 0.216682 4.560272
v 7.638000 -0.303625 4.515381
v 7.539185 -0.392139 4.454468
v 7.567444 -0.544075 4.442963
v 8.329407 -0.287315 4.841064
v 7.582275 -1.721231 6.995728
v 8.269287 -1.783123 6.973633
v 8.266418 -1.931595 6.977448
v 12.045840 3.776653 -2.871460
v 7.265686 0.632624 8.101013
v 7.448425 0.511839 8.076508
v 7.415894 0.661030 8.098663
v 8.682556 0.714655 5.189911
v 8.803894 0.733862 5.249268
v 8.655396 0.853380 5.204773
v 11.583620 5.238785 -1.896881
v 11.538450 5.381950 -1.802612
v 6.872986 2.466135 8.349792
v 7.046692 2.316456 8.353973
v 11.708980 5.244171 -1.843597
v 11.663760 5.387482 -1.749176
v 7.008850 2.489178 8.378387
v 8.335510 2.559917 5.341949
v 8.456970 2.578812 5.401337
v 8.421936 2.772915 5.412567
v 8.300537 2.754004 5.353149
v 11.200130 5.480152 -1.859711
v 6.469604 2.750305 8.330261
v 11.144710 5.657082 -1.744202
v 7.980469 2.857132 5.217957
v 7.938110 3.091850 5.231598
v 7.296265 0.483494 8.082886
v 6.908020 2.292662 8.331360
v 6.515442 2.540785 8.300629
v 1.666626 0.269159 6.563873
v 1.454346 0.272497 6.476898
v 1.580505 -0.314472 6.215851
v 1.793213 -0.320210 6.302673
v 1.917664 0.699246 5.019775
v -5.407532 0.862120 2.396027
v -5.625916 0.833256 2.327637
v -5.494995 0.159918 2.266144
v -6.070129 0.556732 3.746490
v -6.258057 0.528889 3.614899
v -5.987793 -0.072260 3.405457
v -6.824280 -0.622437 4.347198
v -6.930298 -0.008635 4.714874
v -7.087952 -0.016764 4.549194
v -6.802551 -0.184509 4.516022
v -6.921875 -0.331099 4.327148
v -5.118225 3.762291 -12.876500
v -5.170044 3.869143 -12.765140
v -5.183350 4.546761 -12.496580
v -5.076904 3.944595 -12.677580
v -5.318481 4.610928 -12.504210
v -5.360474 4.794632 -12.421910
v -6.243286 5.108219 -12.245610
v -6.765198 6.739212 -11.156920
v -6.635986 6.751324 -11.112950
v -6.245422 7.078110 -10.761290
v -6.358154 6.888760 -10.934390
v -6.413940 7.062302 -10.818660
v -5.620544 6.472336 -13.402040
v -6.083984 8.161636 -12.516140
v -5.857422 8.508141 -12.271910
v -5.632080 8.353142 -12.333770
v -6.217529 8.140594 -12.549040
v -5.683289 8.535599 -12.228940
v -5.805969 8.325718 -12.376650
v 13.126650 5.384968 -7.134094
v 13.095760 5.530235 -7.073944
v 13.534790 6.733841 -6.336548
v 13.458370 6.593128 -6.493958
v 13.584660 6.598869 -6.442413
v 13.408570 6.727978 -6.388184
v 12.975710 8.243389 -5.148956
v 12.899350 8.102684 -5.306366
v 13.025570 8.108402 -5.254791
v 12.849550 8.237534 -5.200592
v 12.281860 8.481468 -5.184418
v 12.506710 8.325363 -5.245514
v 12.446410 8.489117 -5.117004
v 12.342290 8.317726 -5.312805
v 12.092650 6.359406 -7.050049
v 12.377560 5.572479 -7.330261
v 12.851560 6.131561 -6.870087
v 12.132080 6.173759 -7.126862
v 12.964970 5.597378 -7.091187
v 12.951780 6.208500 -6.793304
v 12.912290 6.394123 -6.716461
v 12.264160 6.106674 -7.109161
v 12.276120 5.495506 -7.407593
v 12.306950 5.350227 -7.467712
v 12.478210 4.033901 -5.486115
v 12.436580 4.161053 -5.398956
v 12.765990 5.164692 -4.385406
v 12.236760 6.780670 -3.277435
v 12.160220 6.639832 -3.434479
v 11.781560 6.890121 -3.409180
v 11.391540 4.921505 -5.270050
v 11.732120 4.227837 -5.689728
v 12.150450 4.692215 -5.090088
v 11.444760 4.759048 -5.381470
v 12.643130 5.165363 -4.445404
v 12.283140 6.638924 -3.374603
v 12.113830 6.781345 -3.337463
v 11.725460 7.062092 -3.291138
v 12.303590 4.224693 -5.410645
v 12.242190 4.754642 -4.991943
v 11.578980 4.695374 -5.369171
v 11.639160 4.165432 -5.788422
v 11.680790 4.038284 -5.875580
v 13.093260 8.997238 -5.841980
v 12.671940 9.212933 -5.712463
v 12.564330 9.034561 -5.899292
v 13.224730 9.013519 -5.803680
v 12.500490 9.191681 -5.762421
v 12.735660 9.055786 -5.849365
v 13.218260 5.869175 -5.514069
v 13.045840 6.005630 -5.469116
v 13.169250 6.005596 -5.410278
v 13.094850 5.869373 -5.572784
v 12.710390 4.987030 -6.437164
v 12.645140 5.509247 -6.008667
v 12.589360 5.666710 -5.890808
v 11.956300 5.399204 -6.320892
v 12.020320 4.876911 -6.749939
v 12.063900 4.753681 -6.842102
v 12.892460 4.810787 -6.531342
v 12.848820 4.933990 -6.439117
v 12.116700 4.946121 -6.659943
v 12.549990 5.440113 -6.098175
v 11.816590 5.452137 -6.319427
v 4.334351 2.245310 -1.392059
v 4.441162 1.619957 -1.519379
v -7.151001 0.098196 -7.440430
v -7.151367 0.754875 -7.247803
v -7.053833 0.178656 -7.365417
v -7.274902 0.830158 -7.290985
v -7.305908 1.019009 -7.251221
v -8.052551 1.235256 -7.506927
v -8.467896 3.160540 -7.001801
v -8.347656 3.163671 -6.937225
v -7.878906 3.485607 -6.573547
v -7.994751 3.271526 -6.714081
v -8.035034 3.474197 -6.656494
v 10.183470 0.331505 0.598206
v 9.954407 0.955929 0.671509
v 10.063960 0.395660 0.547272
v 10.044800 1.042929 0.754852
v 10.009280 1.199381 0.774384
v 10.607480 1.565481 1.155426
v 10.530940 1.373817 1.038239
v 10.494020 1.549845 1.080750
v 10.187260 3.463037 1.636688
v 10.098140 3.288534 1.537201
v 10.216550 3.297916 1.604126
v 10.068910 3.453285 1.569824
v 9.569092 3.747480 1.387482
v 9.759888 3.556948 1.433411
v 9.723877 3.758507 1.474243
v 2.614014 3.351692 -6.596466
v 6.100281 3.455425 -5.434631
v 2.728699 3.598930 -6.893555
v 2.728699 3.598930 -6.893555
v 2.499512 4.329636 -6.422302
v -5.148987 3.358706 -11.396270
v -5.262634 3.114759 -11.102050
v -1.099670 2.518496 -9.443665
v -0.986328 2.769753 -9.739685
v -0.986328 2.769753 -9.739685
v 3.232117 3.174133 -7.924164
v 3.007507 3.651896 -7.661469
v -1.136597 3.258770 -9.438385
v 7.032104 3.206490 -5.539154
v 7.148865 3.439934 -5.835541
v 11.305730 3.584181 -4.030029
v 5.976929 4.215866 -5.018372
v 2.532593 4.372982 -6.505219
v 1.911499 5.264568 -6.080231
v -4.617676 5.387012 -8.855438
v -4.698425 5.533710 -8.771271
v -4.080261 6.885334 -10.429530
v 13.139400 5.676388 -5.661133
v 13.016110 6.173916 -5.413605
v 12.605290 5.380207 -4.374969
v 12.754940 6.161800 -5.520142
v 12.345640 5.370255 -4.485260
v 12.457210 7.363300 -4.922455
v 11.995300 6.481121 -3.755402
v 12.110050 6.950447 -3.343262
v 12.718440 7.375114 -4.816071
v 12.255070 6.490726 -3.645325
v 11.260250 5.614029 -6.471710
v 11.680420 6.544170 -7.544342
v -6.716431 4.155926 -10.680600
v -6.173523 5.292198 -12.076350
v -6.507385 6.437233 -11.389340
v -6.085144 7.560242 -12.494260
v -6.643066 6.916386 -11.111300
v -6.238831 5.756458 -9.212189
v -5.602417 7.072380 -10.842930
v -5.252686 5.527691 -9.005310
v -5.335999 5.784760 -8.831573
v -4.664185 7.182396 -10.555910
v -4.596130 6.895348 -10.691040
v -4.080261 6.885334 -10.429530
v -3.954224 6.792305 -10.566560
v 9.140808 5.066864 -3.022522
v 9.558960 6.076439 -4.182526
v 9.128540 5.212009 -2.912750
v 9.556335 6.245728 -4.099762
v 9.688599 5.203968 -2.686462
v 10.101500 6.213875 -3.789581
v -4.435059 5.546844 -10.948360
v 9.688416 6.518486 -4.451508
v 9.607117 5.462132 -2.516510
v 10.734920 6.068840 -2.745728
v 11.503540 5.489162 -1.729492
v 11.647950 5.031532 -2.031128
v 12.255070 6.490726 -3.645325
v 11.995300 6.481121 -3.755402
v 11.388060 5.022472 -2.141083
v 11.727050 3.951180 -2.860748
v 11.986510 3.961754 -2.750244
v 12.139830 3.473579 -3.060303
v 12.750430 4.920147 -4.677246
v 11.074890 6.810455 -3.627136
v 12.110050 6.950447 -3.343262
v 10.250790 3.421236 -3.854126
v 10.866390 4.850479 -5.475616
v 7.880554 6.308277 -5.335205
v 4.455078 6.128380 -6.416077
v 6.194824 5.735710 -6.386200
v 6.119934 6.146748 -5.835754
v 3.218140 6.508030 -7.368011
v 4.911804 5.511448 -6.615601
v 4.455078 6.128380 -6.416077
v 3.052917 6.153946 -7.935669
v 2.518921 6.543083 -7.644043
v -0.035400 6.119274 -7.921722
v 0.865662 6.518715 -8.157562
v -0.860718 6.071716 -8.166077
v 0.119385 5.702824 -8.300201
v -0.035400 6.119274 -7.921722
v -2.696838 6.415638 -9.420471
v -0.800232 5.594788 -8.613708
v -0.860718 6.071716 -8.166077
v -2.696838 6.415638 -9.420471
v -3.954224 6.792305 -10.566560
v -2.573792 6.201424 -10.186680
v -2.873596 6.762066 -10.005190
v 7.880554 6.308277 -5.335205
v 7.950623 5.925175 -5.887909
v 9.558960 6.076439 -4.182526
v -1.406799 5.794624 -9.150208
v -2.696838 6.415638 -9.420471
v -2.297607 5.850609 -9.645477
v 9.873047 6.899872 -4.943359
v 9.558960 6.076439 -4.182526
v 8.875549 5.750916 -5.212372
v -3.954224 6.792305 -10.566560
v -3.058044 6.346848 -10.635010
v -4.922974 4.495033 -9.683868
v -6.083008 4.718941 -12.238490
v -6.568054 3.696995 -10.989260
v -4.677612 3.726362 -10.189480
v -4.172485 4.809174 -11.496610
v -5.602417 7.072380 -10.842930
v -4.316284 8.143982 -11.469730
v -4.664185 7.182396 -10.555910
v -6.643066 6.916386 -11.111300
v -6.218384 8.041809 -12.222260
v -5.226135 8.095108 -11.829680
v -5.602417 7.072380 -10.842930
v -6.242249 6.457985 -11.293030
v -6.456238 4.165062 -10.571320
v -5.914246 5.300201 -11.964970
v -7.222412 5.718407 -9.626709
v -7.074646 5.264156 -9.935638
v 3.052917 6.153946 -7.935669
v 3.218140 6.508030 -7.368011
v 2.740601 6.490513 -7.468872
v -3.894043 6.063683 -10.641390
v -3.954224 6.792305 -10.566560
v -4.539734 6.769653 -10.813320
v -4.511841 6.054993 -10.813930
v 9.880615 6.740753 -5.039215
v 9.687256 6.341469 -4.524323
v -6.083008 4.718941 -12.238490
v -5.822876 7.574314 -12.390500
v -3.716064 7.901054 -11.415070
v -4.080261 6.885334 -10.429530
v -4.596130 6.895348 -10.691040
v -4.241272 7.872841 -11.622830
v -5.500854 6.410664 -13.047790
v -5.914246 5.300201 -11.964970
v -6.173523 5.292198 -12.076350
v -5.763184 6.396889 -13.151370
v -5.629822 5.915001 -13.423520
v -4.198730 7.719250 -11.709590
v -4.539734 6.769653 -10.813320
v -3.954224 6.792305 -10.566560
v -3.608093 7.750977 -11.475920
v 10.844730 7.401257 -5.647125
v 10.264160 6.297695 -4.180786
v 9.558960 6.076439 -4.182526
v 9.614441 5.531693 -4.598083
v 10.866390 4.850479 -5.475616
v 12.750430 4.920147 -4.677246
v 10.482180 6.729210 -4.732880
v 13.564450 6.613831 -6.745972
v 13.382810 6.859585 -6.338776
v 13.123110 6.849789 -6.449036
v 12.718440 7.375114 -4.816071
v 12.712460 7.940483 -5.575134
v 12.457210 7.363300 -4.922455
v 12.972230 7.950092 -5.465057
v 12.798890 8.341228 -5.090149
v 12.595280 7.872349 -4.568695
v 10.734920 6.068840 -2.745728
v 11.074890 6.810455 -3.627136
v 11.247990 7.153103 -4.065552
v 11.606380 7.826958 -4.970123
v 11.816040 8.304886 -5.506622
v 11.156490 6.551624 -3.797211
v 10.253360 6.514549 -4.174286
v 10.437500 6.878933 -4.640533
v 11.331910 6.898804 -4.241425
v 11.675960 7.547302 -5.109863
v 11.913640 8.084671 -5.717712
v 10.101500 6.213875 -3.789581
v 10.473080 6.341713 -3.221161
v 10.663150 6.218342 -3.532257
v 10.816590 5.809902 -2.915894
v 10.734920 6.068840 -2.745728
v 10.101500 6.213875 -3.789581
v 9.556335 6.245728 -4.099762
v 10.417240 5.808517 -4.499298
v 10.267030 7.457336 -6.046875
v 9.558960 6.076439 -4.182526
v 10.774720 7.513992 -5.491791
v 11.606380 7.826958 -4.970123
v 12.595280 7.872349 -4.568695
v 10.774720 7.513992 -5.491791
v 11.675960 7.547302 -5.109863
v 10.816590 5.809902 -2.915894
v 10.005680 6.359314 -3.461487
v 10.101500 6.213875 -3.789581
v 10.663150 6.218342 -3.532257
v 10.473080 6.341713 -3.221161
v 11.012450 8.051350 -6.099609
v 10.774720 7.513992 -5.491791
v 10.570560 7.611980 -5.789490
v 10.601930 7.416870 -5.799225
v 10.844730 7.401257 -5.647125
v 10.774720 7.513992 -5.491791
v 10.267030 7.457336 -6.046875
v 10.601930 7.416870 -5.799225
v 10.570560 7.611980 -5.789490
v 11.680420 6.544170 -7.544342
v 11.401310 7.206665 -6.943573
v -4.241272 7.872841 -11.622830
v -4.157837 8.162502 -11.815090
v -3.627563 8.337414 -11.725560
v -3.716064 7.901054 -11.415070
v -3.716064 7.901054 -11.415070
v -3.627563 8.337414 -11.725560
v -3.498901 8.218758 -11.810760
v -3.608093 7.750977 -11.475920
v -3.608093 7.750977 -11.475920
v -3.498901 8.218758 -11.810760
v -4.095337 8.022057 -11.911470
v -4.198730 7.719250 -11.709590
v 11.913640 8.084671 -5.717712
v 11.012450 8.051350 -6.099609
v 11.074040 7.945190 -6.235687
v 11.680420 6.544170 -7.544342
v 13.564450 6.613831 -6.745972
v 13.123110 6.849789 -6.449036
v 12.450440 6.973858 -6.659546
v 12.946230 8.689499 -6.192108
v 13.564450 6.613831 -6.745972
v 13.382810 6.859585 -6.338776
v 13.123110 6.849789 -6.449036
v 11.816040 8.304886 -5.506622
v 12.049800 9.053902 -6.123566
v 13.032650 9.090244 -5.707092
v 12.798890 8.341228 -5.090149
v 13.032650 9.090244 -5.707092
v 13.205990 8.699108 -6.082031
v 12.972230 7.950092 -5.465057
v 13.205990 8.699108 -6.082031
v 12.946230 8.689499 -6.192108
v 12.712460 7.940483 -5.575134
v 13.123110 6.849789 -6.449036
v 13.356870 7.598808 -7.066010
v 12.684200 7.722870 -7.276489
v 12.450440 6.973858 -6.659546
v 12.450440 6.973858 -6.659546
v 12.684200 7.722870 -7.276489
v 12.224370 8.687492 -6.475555
v 11.990660 7.938480 -5.858612
v 12.946230 8.689499 -6.192108
v 13.356870 7.598808 -7.066010
v -4.172485 4.809174 -11.496610
v -3.727722 6.017170 -12.670990
v -4.629272 5.968746 -13.027650
v -4.556458 6.213844 -13.222930
v -5.557495 6.161774 -13.617890
v -5.629822 5.915001 -13.423520
v -5.226135 8.095108 -11.829680
v -5.097900 8.427238 -12.164370
v -5.415833 6.676716 -13.273960
v -5.707520 7.887970 -12.692960
v -5.707520 7.887970 -12.692960
v -5.969910 7.874336 -12.796480
v -5.969910 7.874336 -12.796480
v -6.090637 8.375610 -12.556060
v -6.090637 8.375610 -12.556060
v -5.097900 8.427238 -12.164370
v 10.536870 5.427612 -4.748474
v 10.417240 5.808517 -4.499298
v 9.614441 5.531693 -4.598083
v 9.034119 5.456635 -5.560974
v 9.686523 5.199631 -4.832428
v 9.614441 5.531693 -4.598083
v 8.875549 5.750916 -5.212372
v 7.950623 5.925175 -5.887909
v 8.040771 5.574352 -6.239166
v 9.034119 5.456635 -5.560974
v 8.875549 5.750916 -5.212372
v 6.194824 5.735710 -6.386200
v 6.612671 5.385399 -6.597870
v 8.040771 5.574352 -6.239166
v 7.950623 5.925175 -5.887909
v 6.612671 5.385399 -6.597870
v 6.194824 5.735710 -6.386200
v 4.911804 5.511448 -6.615601
v 5.072083 5.194572 -6.775024
v 6.282776 5.392780 -6.712524
v 6.194824 5.735710 -6.386200
v 3.052917 6.153946 -7.935669
v 3.214600 5.795128 -8.256531
v 5.072083 5.194572 -6.775024
v 4.911804 5.511448 -6.615601
v 2.049561 5.583385 -8.337921
v 3.214600 5.795128 -8.256531
v 3.052917 6.153946 -7.935669
v 1.945374 6.131248 -8.215454
v 2.049561 5.583385 -8.337921
v 1.945374 6.131248 -8.215454
v 1.033630 6.105034 -8.444794
v 1.192627 5.664085 -8.740326
v 0.119385 5.702824 -8.300201
v 0.250305 5.319588 -8.594482
v 1.192627 5.664085 -8.740326
v 1.033630 6.105034 -8.444794
v -0.800232 5.594788 -8.613708
v 0.250305 5.319588 -8.594482
v 0.119385 5.702824 -8.300201
v -1.406799 5.794624 -9.150208
v -0.721497 5.256748 -8.875763
v -0.800232 5.594788 -8.613708
v -2.130554 5.512253 -9.825684
v -1.322632 5.417870 -9.342957
v -1.406799 5.794624 -9.150208
v -2.297607 5.850609 -9.645477
v -2.573792 6.201424 -10.186680
v -2.130554 5.512253 -9.825684
v -2.297607 5.850609 -9.645477
v -3.058044 6.346848 -10.635010
v -2.406128 5.807556 -10.377010
v -2.573792 6.201424 -10.186680
v -3.894043 6.063683 -10.641390
v -3.814331 5.638908 -10.790590
v -2.958557 5.994381 -10.900820
v -3.058044 6.346848 -10.635010
v -4.435059 5.546844 -10.948360
v -3.814331 5.638908 -10.790590
v -3.894043 6.063683 -10.641390
v -4.511841 6.054993 -10.813930
v 10.264160 6.297695 -4.180786
v 0.865662 6.518715 -8.157562
v 1.033630 6.105034 -8.444794
v 1.945374 6.131248 -8.215454
v 2.518921 6.543083 -7.644043
v 2.518921 6.543083 -7.644043
v -3.954224 6.792305 -10.566560
v -2.873596 6.762066 -10.005190
v 6.119934 6.146748 -5.835754
v 10.005680 6.359314 -3.461487
v 10.002200 4.211769 -3.347504
v 10.536870 5.427612 -4.748474
v 9.686523 5.199631 -4.832428
v 5.976929 4.215866 -5.018372
v 9.686523 5.199631 -4.832428
v 6.612671 5.385399 -6.597870
v 6.282776 5.392780 -6.712524
v 3.214600 5.795128 -8.256531
v -0.721497 5.256748 -8.875763
v 0.250305 5.319588 -8.594482
v -0.863586 4.542568 -7.963348
v -0.863586 4.542568 -7.963348
v -1.322632 5.417870 -9.342957
v -2.406128 5.807556 -10.377010
v -2.958557 5.994381 -10.900820
v -0.721497 5.256748 -8.875763
v 11.990660 7.938480 -5.858612
v 11.074040 7.945190 -6.235687
v 10.265630 7.624302 -5.965942
v 12.147400 8.833687 -6.334686
v 12.224370 8.687492 -6.475555
v 11.503540 5.489162 -1.729492
v 10.517640 5.463379 -2.143158
v 10.734920 6.068840 -2.745728
v 12.049800 9.053902 -6.123566
v -4.241272 7.872841 -11.622830
v -4.316284 8.143982 -11.469730
v -5.226135 8.095108 -11.829680
v -5.158264 7.853367 -11.965880
v -3.947083 6.809967 -12.223210
v -4.629272 5.968746 -13.027650
v -3.727722 6.017170 -12.670990
v -5.158264 7.853367 -11.965880
v -4.198730 7.719250 -11.709590
v -4.241272 7.872841 -11.622830
v -4.556458 6.213844 -13.222930
v -4.629272 5.968746 -13.027650
v 9.128540 5.212009 -2.912750
v 9.688599 5.203968 -2.686462
v 9.140808 5.066864 -3.022522
v 9.128540 5.212009 -2.912750
v 7.689087 3.216352 0.449738
v 5.644653 2.177837 4.876984
v 4.191772 1.976959 7.897217
v 2.601196 5.221283 -5.783661
v 3.778931 5.152840 -5.276550
v 5.669617 5.084221 -4.463654
v 9.140808 5.066864 -3.022522
v 7.695923 3.019629 0.391052
v -1.131775 5.412510 -7.380951
v 0.129883 5.366425 -6.843536
v -1.131775 5.412510 -7.380951
v -2.546448 3.632288 -4.199371
v -4.617676 5.387012 -8.855438
v -5.252686 5.527691 -9.005310
v -4.698425 5.533710 -8.771271
v -4.617676 5.387012 -8.855438
v -5.892029 3.195751 -5.919952
v -5.961975 3.371391 -5.893860
v -4.698425 5.533710 -8.771271
v -9.375427 1.545113 1.535034
v -7.628235 2.370705 -2.297333
v -10.321590 1.326565 2.158844
v -9.913269 1.474262 1.278717
v -11.728820 -1.074389 1.067963
v -11.343020 -0.943617 0.239471
v -11.670720 -0.509886 1.424774
v -11.932920 -0.550571 1.325012
v -11.446110 -0.384724 0.279236
v -11.194700 -0.348042 0.402252
v -11.444090 1.006023 0.497650
v -11.695370 0.968071 0.374817
v -6.496948 3.260223 -6.139313
v -8.162659 2.298271 -2.559845
v -9.578247 -0.199942 -3.599579
v -7.881042 0.918455 -7.523682
v -9.432129 0.414667 -3.438904
v -7.734253 1.467690 -7.280304
v -9.687317 1.806961 -3.345306
v -8.024719 2.770351 -6.937347
v -8.400879 3.259186 -6.904053
v -10.044430 2.342928 -3.428253
v -9.938354 1.766087 -3.467651
v -8.279663 2.746784 -7.056549
v -6.244751 2.072792 -6.428894
v -7.439392 3.377598 -6.456940
v -6.565063 3.557621 -6.056610
v -8.222290 2.623541 -2.538086
v -9.094421 2.494410 -2.964630
v -10.420840 1.627924 2.269440
v -11.638980 1.391203 2.582550
v -10.847470 1.669422 0.879364
v 11.503540 5.489162 -1.729492
v 10.517640 5.463379 -2.143158
v 9.688599 5.203968 -2.686462
v 9.607117 5.462132 -2.516510
v 11.986510 3.961754 -2.750244
v 12.139830 3.473579 -3.060303
v 10.572510 1.188694 0.996002
v 11.727050 3.951180 -2.860748
v 11.986510 3.961754 -2.750244
v 10.459900 1.692173 1.134674
v 11.388060 5.022472 -2.141083
v 11.727050 3.951180 -2.860748
v 10.216610 1.637520 0.997772
v 11.647950 5.031532 -2.031128
v 11.388060 5.022472 -2.141083
v 9.914856 3.025326 1.345703
v 11.503540 5.489162 -1.729492
v 11.647950 5.031532 -2.031128
v 10.169560 3.047462 1.465637
v 10.055600 3.634384 1.585693
v 10.517640 5.463379 -2.143158
v 9.092896 3.547302 1.133911
v 8.199707 3.519966 0.728058
v 9.607117 5.462132 -2.516510
v -9.683411 0.376680 -3.561737
v -9.432129 0.414667 -3.438904
v -9.432129 0.414667 -3.438904
v -9.687317 1.806961 -3.345306
v -9.938354 1.766087 -3.467651
v -9.687317 1.806961 -3.345306
v -11.798710 1.529156 0.414215
v -9.974182 1.789768 1.306641
v 6.218079 2.207684 5.075562
v 4.702393 1.945271 8.242096
v 4.727966 2.264378 8.093231
v 6.146484 2.543756 5.117889
v 8.708679 0.581108 5.175690
v 10.216610 1.637520 0.997772
v 10.459900 1.692173 1.134674
v 8.621704 1.025499 5.223114
v 8.370361 0.988152 5.100159
v 10.169560 3.047462 1.465637
v 9.914856 3.025326 1.345703
v 8.134460 2.244034 5.202759
v 8.385803 2.281384 5.325714
v 9.092896 3.547302 1.133911
v 10.055600 3.634384 1.585693
v 8.274109 2.900658 5.361603
v 8.199707 3.519966 0.728058
v 9.092896 3.547302 1.133911
v 7.320862 2.775490 4.895294
v 6.446106 2.665405 4.467377
v -4.677612 3.726362 -10.189480
v -4.922974 4.495033 -9.683868
v -7.881042 0.918455 -7.523682
v -6.052124 1.135857 -6.641815
v -4.677612 3.726362 -10.189480
v -6.568054 3.696995 -10.989260
v -6.568054 3.696995 -10.989260
v -6.716431 4.155926 -10.680600
v -6.456238 4.165062 -10.571320
v -6.814697 5.274220 -9.826080
v -7.074646 5.264156 -9.935638
v -8.279663 2.746784 -7.056549
v -8.024719 2.770351 -6.937347
v -6.814697 5.274220 -9.826080
v -7.222412 5.718407 -9.626709
v -7.074646 5.264156 -9.935638
v -7.222412 5.718407 -9.626709
v -6.238831 5.756458 -9.212189
v -7.439392 3.377598 -6.456940
v -8.400879 3.259186 -6.904053
v -6.238831 5.756458 -9.212189
v -5.335999 5.784760 -8.831573
v -6.565063 3.557621 -6.056610
v -7.439392 3.377598 -6.456940
v 7.689087 3.216352 0.449738
v 8.255371 3.139812 0.692322
v 7.695923 3.019629 0.391052
v 7.689087 3.216352 0.449738
v 7.136780 3.250652 1.531433
v 4.171326 3.458399 -1.088501
v 7.695923 3.019629 0.391052
v 1.173279 3.378487 -2.538940
v 2.155701 3.505924 -2.378021
v -2.546448 3.632288 -4.199371
v -2.546448 3.632288 -4.199371
v -6.496948 3.260223 -6.139313
v -6.798096 2.823236 -4.121246
v -9.679016 1.236715 2.333221
v -9.738953 1.413113 2.318695
v -9.738953 1.413113 2.318695
v -10.321590 1.326565 2.158844
v -9.310120 1.369635 1.538300
v -9.679016 1.236715 2.333221
v 8.274109 2.900658 5.361603
v 5.904602 2.447531 7.883209
v 7.320862 2.775490 4.895294
v 6.791016 2.578604 8.483032
v 8.385803 2.281384 5.325714
v 8.134460 2.244034 5.202759
v 7.011719 2.060398 8.190399
v 8.370361 0.988152 5.100159
v 8.134460 2.244034 5.202759
v 6.747192 2.018118 8.095886
v 7.080627 0.801100 7.781799
v 8.370361 0.988152 5.100159
v 8.621704 1.025499 5.223114
v 7.302368 0.836382 7.965485
v 7.343689 0.343426 8.027832
v 6.878479 0.361303 4.280426
v 6.218079 2.207684 5.075562
v 5.644653 2.177837 4.876984
v 5.966553 2.294327 4.183197
v 6.508240 2.320337 4.447418
v 6.146484 2.543756 5.117889
v 4.702393 1.945271 8.242096
v 4.190979 1.804588 7.868042
v 4.191772 1.976959 7.897217
v -9.054077 1.325861 2.520813
v -8.738159 0.299109 2.317627
v -9.110229 0.235567 2.340881
v -9.679016 1.236715 2.333221
v -9.679016 1.236715 2.333221
v -9.110229 0.235567 2.340881
v -10.009830 0.120171 1.890717
v -10.288640 1.147997 2.146118
v -8.479858 1.473616 1.944763
v -8.271240 0.412272 1.895355
v -8.738159 0.299109 2.317627
v -9.054077 1.325861 2.520813
v -7.289795 0.718184 0.569794
v -8.271240 0.412272 1.895355
v -8.479858 1.473616 1.944763
v -6.770386 0.854748 0.198883
v -7.289795 0.718184 0.569794
v -7.293884 1.843071 0.497620
v -6.252441 2.009335 0.620606
v -6.770386 0.854748 0.198883
v -6.596252 1.983681 0.364685
v 5.625244 1.984123 4.893158
v -6.045349 1.810211 2.633270
v -5.806152 1.824518 2.885925
v -6.629272 1.765812 2.117584
v -6.587646 1.733583 2.498779
v -6.424866 0.728689 1.799133
v -6.248352 0.929129 0.328735
v -6.252441 2.009335 0.620606
v -6.629272 1.765812 2.117584
v -5.778687 0.787201 2.276276
v -6.203369 0.726950 2.178436
v -6.587646 1.733583 2.498779
v -6.045349 1.810211 2.633270
v -2.483215 2.019453 3.562836
v -2.483215 2.019453 3.562836
v -1.845154 1.916603 3.973877
v -1.824585 0.966188 3.389740
v -5.468201 0.816700 2.503662
v -5.806152 1.824518 2.885925
v -5.206177 1.924408 2.872009
v -4.316711 1.029791 2.271881
v -5.002991 0.880608 2.638031
v -5.206177 1.924408 2.872009
v -4.562256 2.052729 2.621246
v -2.623657 0.977942 3.412231
v -2.483215 2.019453 3.562836
v -1.628723 1.840580 4.318176
v -1.737854 1.718262 5.151550
v -1.608704 0.710548 4.634583
v -1.512207 0.905296 3.625092
v -1.824585 0.966188 3.389740
v -1.839111 1.899199 3.967438
v -1.512207 0.905296 3.625092
v -1.512207 0.905296 3.625092
v -1.838318 1.915436 3.978241
v -1.628723 1.840580 4.318176
v -0.819519 1.605881 5.562866
v -0.119690 0.558283 5.113556
v -1.737854 1.718262 5.151550
v -1.572144 1.645061 5.556610
v -0.927246 0.580212 5.130493
v -1.608704 0.710548 4.634583
v -3.586365 1.116413 2.285858
v -4.316711 1.029791 2.271881
v -4.562256 2.052729 2.621246
v -3.045471 1.043421 3.003082
v -3.586365 1.116413 2.285858
v -3.328369 2.134907 2.873474
v -3.063538 2.070683 3.305573
v -1.572144 1.645061 5.556610
v -0.819519 1.605881 5.562866
v -0.119690 0.558283 5.113556
v -0.927246 0.580212 5.130493
v 1.271362 1.655979 5.275604
v 0.152832 1.567629 5.701080
v 0.380432 0.518528 5.344360
v 2.783569 1.868879 5.258301
v 2.783569 1.868879 5.258301
v 3.623657 2.093735 4.284637
v 3.912964 1.109720 3.850769
v 2.783569 1.868879 5.258301
v 2.898682 0.820488 4.908630
v 2.392578 0.726715 5.052063
v 5.114746 2.071861 4.428253
v 5.448914 1.022821 4.508362
v 3.623657 2.093735 4.284637
v 5.114746 2.071861 4.428253
v 4.879700 1.137293 3.966431
v 3.912964 1.109720 3.850769
v 4.190979 1.804588 7.868042
v 4.740906 1.776752 8.214447
v 5.625244 1.984123 4.893158
v 6.043335 0.987303 4.888123
v 5.625244 1.984123 4.893158
v 6.252747 2.017046 5.063660
v 6.513733 1.048458 4.823517
v 5.968323 2.103857 4.155212
v 5.625244 1.984123 4.893158
v 5.114746 2.071861 4.428253
v 2.534607 2.261520 2.505188
v 3.623657 2.093735 4.284637
v -1.838318 1.915436 3.978241
v -0.527344 2.510717 1.112854
v 2.534607 2.261520 2.505188
v 1.271362 1.655979 5.275604
v 0.587219 1.610527 5.342834
v 0.152832 1.567629 5.701080
v -1.217163 2.585196 0.798340
v -2.483215 2.019453 3.562836
v -3.063538 2.070683 3.305573
v -3.328369 2.134907 2.873474
v -1.217163 2.585196 0.798340
v -3.328369 2.134907 2.873474
v -4.562256 2.052729 2.621246
v -7.562073 2.190365 -2.294006
v -6.596252 1.983681 0.364685
v -7.293884 1.843071 0.497620
v -12.452510 1.299698 1.821045
v 7.320862 2.775490 4.895294
v 6.252747 2.017046 5.063660
v 4.740906 1.776752 8.214447
v -10.321590 1.326565 2.158844
v -10.288640 1.147997 2.146118
v -10.288640 1.147997 2.146118
v -10.009830 0.120171 1.890717
v -10.946530 1.007410 2.201752
v -10.946530 1.007410 2.201752
v -11.638980 1.391203 2.582550
v -11.080570 1.483347 2.663361
v -10.009830 0.120171 1.890717
v -11.709720 -0.091032 1.376343
v -11.402040 0.920656 2.039154
v -10.946530 1.007410 2.201752
v -12.052800 0.793913 1.806976
v -12.160460 1.342070 1.975128
v -11.638980 1.391203 2.582550
v -12.052800 0.793913 1.806976
v -12.311040 0.754667 1.698639
v -12.452510 1.299698 1.821045
v -12.160460 1.342070 1.975128
v -10.321590 1.326565 2.158844
v -10.946530 1.007410 2.201752
v -11.080570 1.483347 2.663361
v -10.420840 1.627924 2.269440
v 6.484741 2.525578 8.433807
v 6.791016 2.578604 8.483032
v 7.011719 2.060398 8.190399
v 6.747192 2.018118 8.095886
v 7.080627 0.801100 7.781799
v 7.302368 0.836382 7.965485
v 7.343689 0.343426 8.027832
v 6.637146 0.236698 7.393127
v 6.747192 2.018118 8.095886
v 7.104248 1.205029 7.612854
v 4.727966 2.264378 8.093231
v 5.397156 2.360870 7.773865
v 4.702393 1.945271 8.242096
v 5.904602 2.447531 7.883209
v 6.484741 2.525578 8.433807
v 6.747192 2.018118 8.095886
v 5.998413 1.921125 7.833862
v 5.904602 2.447531 7.883209
v 5.998413 1.921125 7.833862
v 4.740906 1.776752 8.214447
v 4.702393 1.945271 8.242096
v 4.702393 1.945271 8.242096
v 5.397156 2.360870 7.773865
v 5.904602 2.447531 7.883209
v 5.098206 0.847038 7.765381
v 4.740906 1.776752 8.214447
v 5.998413 1.921125 7.833862
v 6.428467 1.035185 7.409760
v 5.176270 0.566469 7.689911
v 5.098206 0.847038 7.765381
v 6.428467 1.035185 7.409760
v 7.104248 1.205029 7.612854
v 7.080627 0.801100 7.781799
v 6.637146 0.236698 7.393127
v 6.428467 1.035185 7.409760
v 5.638184 0.079626 7.768066
v 5.272217 0.037346 7.652161
v 5.176270 0.566469 7.689911
v 6.637146 0.236698 7.393127
v 5.638184 0.079626 7.768066
v 5.176270 0.566469 7.689911
v 6.428467 1.035185 7.409760
v -11.402040 0.920656 2.039154
v -12.052800 0.793913 1.806976
v -11.638980 1.391203 2.582550
v -12.052800 0.793913 1.806976
v -6.797974 2.603588 -3.976929
v -3.458862 2.884888 -2.228119
v -1.217163 2.585196 0.798340
v 0.853210 3.260363 -1.876404
v 0.853210 3.260363 -1.876404
v 2.614136 2.921814 -0.240479
v 7.039551 3.020025 1.702698
v 5.968323 2.103857 4.155212
v 4.221069 2.759224 0.899811
v 7.039551 3.020025 1.702698
v 5.968323 2.103857 4.155212
v 3.506470 2.793518 0.389160
v 7.136780 3.250652 1.531433
v 7.039551 3.020025 1.702698
v 6.508240 2.320337 4.447418
v 5.966553 2.294327 4.183197
v 7.136780 3.250652 1.531433
v 8.255371 3.139812 0.692322
v -6.496948 3.260223 -6.139313
v -5.961975 3.371391 -5.893860
v -6.798096 2.823236 -4.121246
v 3.506470 2.793518 0.389160
v 4.221069 2.759224 0.899811
v 4.221069 2.759224 0.899811
v 4.225525 3.095764 0.800171
v 5.446472 3.367371 0.777924
v 5.443604 3.023312 0.873993
v 5.443604 3.023312 0.873993
v 5.446472 3.367371 0.777924
v 6.763794 3.361967 1.476959
v 7.039551 3.020025 1.702698
v 7.039551 3.020025 1.702698
v 6.763794 3.361967 1.476959
v 7.695923 3.019629 0.391052
v 0.853210 3.260363 -1.876404
v 1.878174 3.418468 -1.641052
v 1.801147 3.250591 -1.553528
v 1.801147 3.250591 -1.553528
v 1.878174 3.418468 -1.641052
v 2.614136 2.921814 -0.240479
v 2.614136 2.921814 -0.240479
v 2.618225 3.259586 -0.335785
v -3.458862 2.884888 -2.228119
v -2.869385 3.284340 -2.261414
v -2.777100 2.951216 -2.024689
v -2.777100 2.951216 -2.024689
v -2.869385 3.284340 -2.261414
v -1.196106 3.369570 -2.390137
v -1.283264 3.169743 -2.193024
v -1.283264 3.169743 -2.193024
v -1.196106 3.369570 -2.390137
v -0.050598 3.200361 -1.708893
v -6.797974 2.603588 -3.976929
v -6.798096 2.823236 -4.121246
v -5.159729 3.141054 -3.438721
v -5.144531 2.813873 -3.375305
v -5.144531 2.813873 -3.375305
v -5.159729 3.141054 -3.438721
v -4.340454 3.145830 -2.697876
v -4.531555 2.777569 -2.540070
v -4.531555 2.777569 -2.540070
v -4.340454 3.145830 -2.697876
v -2.546448 3.632288 -4.199371
v -0.852112 3.726929 -3.423340
v -1.196106 3.369570 -2.390137
v -2.869385 3.284340 -2.261414
v -3.409363 3.234283 -2.424591
v -5.892029 3.195751 -5.919952
v -2.546448 3.632288 -4.199371
v -5.159729 3.141054 -3.438721
v -6.798096 2.823236 -4.121246
v 4.171326 3.458399 -1.088501
v 3.510864 3.128611 0.292877
v 2.618225 3.259586 -0.335785
v 1.878174 3.418468 -1.641052
v 4.171326 3.458399 -1.088501
v 5.446472 3.367371 0.777924
v 4.225525 3.095764 0.800171
v 3.510864 3.128611 0.292877
v -6.798096 2.823236 -4.121246
v 2.155701 3.505924 -2.378021
v 4.171326 3.458399 -1.088501
v 1.878174 3.418468 -1.641052
v 5.669617 5.084221 -4.463654
v 4.171326 3.458399 -1.088501
v 0.494263 3.393414 -2.855682
v -0.050598 3.200361 -1.708893
v -1.196106 3.369570 -2.390137
v -0.852112 3.726929 -3.423340
v 1.911499 5.264568 -6.080231
v 0.494263 3.393414 -2.855682
v -0.852112 3.726929 -3.423340
v 0.129883 5.366425 -6.843536
v -11.576720 -0.442463 0.741638
v -11.502750 -0.417416 0.582703
v -11.751770 0.932936 0.678680
v -11.825740 0.906887 0.837860
v -10.561710 -0.058027 -1.451813
v -10.488100 -0.026031 -1.612335
v -10.739690 1.348873 -1.519714
v -10.813050 1.314974 -1.359070
v -9.546570 0.415735 -3.676025
v -9.473511 0.453213 -3.837341
v -9.738281 1.895176 -3.739502
v -9.811035 1.856762 -3.578461
v -8.590027 0.990809 -5.826843
v -8.521362 1.039265 -5.985596
v -8.817322 2.607180 -5.811432
v -7.638428 1.751362 -8.033539
v -7.576477 1.838415 -8.184906
v -7.923462 3.182720 -7.674683
v -7.978333 3.104654 -7.552582
v -6.912537 3.275036 -9.886841
v -6.866272 3.410032 -10.012120
v -7.258545 4.650040 -9.253296
v -7.305298 4.520031 -9.133759
v -9.066833 3.666540 -2.767853
v -9.170593 3.609430 -2.537445
v -8.960693 2.475086 -2.617645
v -10.969910 2.670427 1.437134
v -10.779790 1.638754 1.364349
v -10.961000 2.697699 1.157135
v -10.862670 2.711472 1.205231
v -9.170593 3.609430 -2.537445
v -9.268738 3.594706 -2.585449
v -9.602905 3.543627 -2.748779
v -9.499084 3.600084 -2.979095
v -9.066833 3.666540 -2.767853
v -9.170593 3.609430 -2.537445
v -11.402590 2.607750 1.225525
v -11.295350 2.648500 0.993683
v -10.862670 2.711472 1.205231
v -10.969910 2.670427 1.437134
v -11.068180 2.656343 1.389069
v -10.878110 1.624998 1.316254
v -11.342040 1.464279 2.309692
v -11.380620 2.101542 2.194885
v -11.483520 2.800474 2.433868
v -11.372740 2.992434 1.299896
v -11.136600 3.027447 1.415283
v -9.268738 3.594706 -2.585449
v -9.058899 2.460371 -2.665680
v -10.770750 1.664766 1.084473
v -10.961000 2.697699 1.157135
v -9.499084 3.600084 -2.979095
v -9.288757 2.464199 -3.059570
v -9.504700 3.558403 -2.700775
v -9.393005 2.408861 -2.828918
v -9.602905 3.543627 -2.748779
v -9.471130 3.992023 -2.903564
v -9.574707 3.934586 -2.673279
v -9.649414 3.793396 -2.730469
v -9.545715 3.850677 -2.960754
v -11.007020 1.631447 0.968872
v -11.197140 2.663410 1.041595
v -11.295350 2.648500 0.993683
v -11.105290 1.617250 0.920807
v -11.340880 2.895519 1.011047
v -11.197140 2.663410 1.041595
v -9.504700 3.558403 -2.700775
v -9.602905 3.543627 -2.748779
v -11.295350 2.648500 0.993683
v -9.338745 3.970905 -2.557953
v -9.235168 4.028397 -2.788208
v -9.113525 3.917311 -2.749512
v -9.217163 3.859921 -2.519196
v -11.136600 3.027447 1.415283
v -11.029420 3.068748 1.183380
v -10.908140 2.958023 1.222748
v -11.015380 2.916719 1.454651
v -7.249268 3.385582 -6.247437
v -7.525696 4.647751 -5.959778
v -7.611267 4.588531 -5.802887
v -7.340881 3.323984 -6.062653
v -9.165039 3.651814 -2.815857
v -9.066833 3.666540 -2.767853
v -7.611267 4.588531 -5.802887
v -7.710510 4.570183 -5.847321
v -7.625183 4.629219 -6.003632
v -7.525696 4.647751 -5.959778
v -6.285522 6.664608 -8.496094
v -6.387085 6.660690 -8.538910
v -8.048096 4.512199 -6.000458
v -7.963501 4.571201 -6.154968
v -7.525696 4.647751 -5.959778
v -7.611267 4.588531 -5.802887
v -9.499084 3.600084 -2.979095
v -9.545715 3.850677 -2.960754
v -9.190674 2.479862 -3.011719
v -9.401001 3.615456 -2.931183
v -7.710510 4.570183 -5.847321
v -7.439331 3.305967 -6.108643
v -8.954651 2.515360 -2.896301
v -9.165039 3.651814 -2.815857
v -9.066833 3.666540 -2.767853
v -9.113525 3.917311 -2.749512
v -9.235168 4.028397 -2.788208
v -9.471130 3.992023 -2.903564
v -7.705139 5.028111 -5.925629
v -7.944519 4.986511 -6.031555
v -6.285522 6.664608 -8.496094
v -6.387085 6.660690 -8.538910
v -6.094604 5.761387 -9.150452
v -7.347778 3.366581 -6.292908
v -7.625183 4.629219 -6.003632
v -6.631287 6.651237 -8.641785
v -6.338745 5.751934 -9.253326
v -6.732849 6.647308 -8.684601
v -7.585022 3.325882 -6.402924
v -7.864136 4.587311 -6.110138
v -7.963501 4.571201 -6.154968
v -7.683960 3.310677 -6.448853
v -7.944519 4.986511 -6.031555
v -8.028137 4.925007 -5.883179
v -8.101074 4.775497 -5.951874
v -8.017334 4.835697 -6.101624
v -9.401001 3.615456 -2.931183
v -7.948853 4.527756 -5.955078
v -8.048096 4.512199 -6.000458
v -9.499084 3.600084 -2.979095
v -9.471130 3.992023 -2.903564
v -9.545715 3.850677 -2.960754
v -7.864136 4.587311 -6.110138
v -6.732849 6.647308 -8.684601
v -7.963501 4.571201 -6.154968
v -6.729004 6.951679 -8.437500
v -7.944519 4.986511 -6.031555
v -8.017334 4.835697 -6.101624
v -6.797852 6.847111 -8.548737
v -7.789368 4.966888 -5.775940
v -7.705139 5.028111 -5.925629
v -7.579041 4.912117 -5.907349
v -7.663818 4.851410 -5.754913
v -9.235168 4.028397 -2.788208
v -7.789368 4.966888 -5.775940
v -7.663818 4.851410 -5.754913
v -9.113525 3.917311 -2.749512
v -7.705139 5.028111 -5.925629
v -6.484863 6.961128 -8.334595
v -6.350525 6.864414 -8.360229
v -7.579041 4.912117 -5.907349
v 7.340027 0.852005 7.706482
v 7.105225 2.100157 7.809509
v 7.180237 2.118427 7.651001
v 7.415283 0.868528 7.548096
v 8.513794 1.000620 5.273682
v 8.278015 2.255842 5.376251
v 8.351501 2.284590 5.217041
v 8.587280 1.029287 5.114471
v 9.521973 1.586388 2.994293
v 9.256287 3.009274 3.142517
v 9.332153 3.025997 2.984283
v 9.598389 1.599602 2.827484
v 10.906860 1.930485 -0.089386
v 10.603580 3.509548 0.280548
v 10.982120 2.001446 -0.273438
v 6.869324 3.912720 4.853455
v 7.081177 2.752180 4.778076
v 6.975891 2.710567 5.006287
v 6.763977 3.871399 5.081635
v 5.076477 3.556057 8.697449
v 5.265869 2.413471 8.600830
v 5.201233 2.501162 8.833618
v 4.989746 3.557272 8.918854
v 5.179565 3.572104 8.748413
v 5.076477 3.556057 8.697449
v 7.196655 3.934307 5.293304
v 7.301941 3.975681 5.065125
v 6.763977 3.871399 5.081635
v 6.869324 3.912720 4.853455
v 5.445190 3.618839 9.161469
v 5.522461 3.625818 8.921112
v 4.989746 3.557272 8.918854
v 5.076477 3.556057 8.697449
v 5.096863 3.572004 8.974457
v 4.953674 3.803631 8.943604
v 4.989746 3.557272 8.918854
v 5.303040 3.976583 9.150330
v 5.051025 3.943844 9.015045
v 5.485413 3.869436 8.945526
v 5.522461 3.625818 8.921112
v 5.401611 3.506588 7.973297
v 6.862183 3.885777 5.129700
v 5.507629 3.523937 8.004425
v 7.074829 2.719967 5.054657
v 7.516418 2.796883 4.990936
v 7.301941 3.975681 5.065125
v 7.196655 3.934307 5.293304
v 7.411133 2.755276 5.219147
v 7.135437 4.331486 5.043427
v 7.256409 4.222424 5.082611
v 7.151123 4.180965 5.310791
v 7.030090 4.290161 5.271606
v 5.604065 2.466352 8.769196
v 5.702026 2.474707 8.818542
v 5.522461 3.625818 8.921112
v 5.423889 3.612337 8.871002
v 5.445190 3.618839 9.161469
v 5.639648 2.550621 9.067230
v 5.366516 3.979855 8.906799
v 5.485413 3.869436 8.945526
v 5.416321 3.863050 9.190125
v 5.303040 3.976583 9.150330
v 5.303040 3.976583 9.150330
v 5.416321 3.863050 9.190125
v 5.137390 4.075317 9.892609
v 5.097656 3.968990 10.568970
v 4.829651 4.007683 10.555050
v 5.423889 3.612337 8.871002
v 5.522461 3.625818 8.921112
v 5.868713 3.583023 8.110321
v 5.762634 3.565666 8.079224
v 5.810181 3.824013 8.156189
v 5.674683 3.928034 8.148193
v 6.794006 4.255314 5.156097
v 6.718628 4.116989 5.099182
v 6.823975 4.158401 4.871002
v 6.899292 4.296719 4.927887
v 5.051025 3.943844 9.015045
v 4.953674 3.803631 8.943604
v 5.035156 3.801838 8.719574
v 5.120605 3.941969 8.783020
v 5.120605 3.941969 8.783020
v 5.035156 3.801838 8.719574
v 5.343079 3.747559 8.019165
v 5.419678 3.886307 8.073395
v 8.495300 4.887550 1.438904
v 8.765320 3.518185 1.193665
v 8.649475 3.524652 1.417267
v 8.394836 4.847767 1.628967
v 8.610229 4.818436 1.478149
v 10.078310 6.393105 -1.598389
v 9.975891 6.392426 -1.640533
v 8.495300 4.887550 1.438904
v 8.837463 4.863018 1.833923
v 8.938721 4.900215 1.642822
v 8.394836 4.847767 1.628967
v 8.495300 4.887550 1.438904
v 7.301941 3.975681 5.065125
v 7.256409 4.222424 5.082611
v 7.417725 2.785839 4.942688
v 7.203735 3.961363 5.017059
v 8.495728 4.849434 1.675354
v 6.967529 3.927092 4.901520
v 7.180115 2.761553 4.826447
v 8.748901 3.533548 1.463348
v 6.823975 4.158401 4.871002
v 6.869324 3.912720 4.853455
v 8.651123 5.291779 1.864746
v 7.135437 4.331486 5.043427
v 6.899292 4.296719 4.927887
v 8.409668 5.282337 1.752838
v 8.751160 5.323593 1.682922
v 8.509277 5.315559 1.571594
v 9.975891 6.392426 -1.640533
v 10.078310 6.393105 -1.598389
v 8.610229 4.818436 1.478149
v 8.864624 3.527584 1.239777
v 10.371830 5.460846 -2.202576
v 9.101624 3.559040 1.350891
v 9.199280 3.576492 1.397430
v 8.938721 4.900215 1.642822
v 8.852295 4.825447 1.589478
v 8.751160 5.323593 1.682922
v 8.881104 5.183567 1.700073
v 8.780457 5.150818 1.885162
v 8.651123 5.291779 1.864746
v 7.203735 3.961363 5.017059
v 7.301941 3.975681 5.065125
v 8.837463 4.863018 1.833923
v 8.737305 4.857948 1.787262
v 8.651123 5.291779 1.864746
v 8.780457 5.150818 1.885162
v 7.256409 4.222424 5.082611
v 7.135437 4.331486 5.043427
v 8.852295 4.825447 1.589478
v 8.938721 4.900215 1.642822
v 10.425720 6.399109 -1.453827
v 10.323730 6.397110 -1.496338
v 10.223820 6.714924 -1.292755
v 10.359190 6.610638 -1.318359
v 8.881104 5.183567 1.700073
v 8.751160 5.323593 1.682922
v 8.409668 5.282337 1.752838
v 8.337952 5.135025 1.680145
v 8.437744 5.170650 1.496094
v 8.509277 5.315559 1.571594
v 6.899292 4.296719 4.927887
v 6.823975 4.158401 4.871002
v 8.337952 5.135025 1.680145
v 8.409668 5.282337 1.752838
v 8.509277 5.315559 1.571594
v 8.437744 5.170650 1.496094
v 9.909607 6.603165 -1.505341
v 9.978333 6.710915 -1.394806
v 8.121521 -0.108934 3.973969
v -11.527830 2.560579 2.309570
v -11.449770 2.555691 2.387573
v -10.969910 2.670427 1.437134
v -11.068180 2.656343 1.389069
v -11.304440 2.622417 1.273499
v -11.566470 2.107170 1.969757
v -11.556090 1.437834 2.154694
v -11.114440 1.591585 1.200653
v -11.793330 2.576906 2.044067
v -11.715390 2.572250 2.122040
v -11.304440 2.622417 1.273499
v -11.402590 2.607750 1.225525
v -11.483520 2.800474 2.433868
v -11.563600 2.949951 2.291107
v -3.436584 -0.214012 4.847961
v -2.784302 1.066580 2.600372
v -2.555481 0.469816 2.749237
v -1.643127 -0.480835 5.883881
v -3.002930 1.017212 2.695343
v -2.773438 0.416996 2.843994
v 5.401611 3.506588 7.973297
v 5.507629 3.523937 8.004425
v 6.862183 3.885777 5.129700
v 6.763977 3.871399 5.081635
v 7.098389 3.919983 5.245270
v 7.312439 2.744211 5.170868
v 5.419678 3.886307 8.073395
v 5.674683 3.928034 8.148193
v 5.366516 3.979855 8.906799
v 5.120605 3.941969 8.783020
v 5.179565 3.572104 8.748413
v 5.366028 2.432266 8.650146
v 5.762634 3.565666 8.079224
v 5.868713 3.583023 8.110321
v 7.196655 3.934307 5.293304
v 7.098389 3.919983 5.245270
v 5.674683 3.928034 8.148193
v 5.810181 3.824013 8.156189
v 5.419678 3.886307 8.073395
v 5.343079 3.747559 8.019165
v 4.829651 4.007683 10.555050
v 4.825989 3.736008 9.898956
v 4.716675 3.747444 9.893463
v 5.244263 4.199867 10.570070
v 5.234253 3.940866 9.905029
v 5.097656 3.968990 10.568970
v 5.209045 3.953453 10.574740
v 5.215515 3.697697 9.919800
v 4.753296 4.270779 10.544590
v 4.728516 3.992046 9.879578
v 4.851257 4.104950 9.877686
v 4.874512 2.822023 9.870850
v 4.825989 3.736008 9.898956
v 4.825989 3.736008 9.898956
v 4.807190 3.497438 10.237240
v 4.781860 3.298313 10.228420
v 4.825989 3.736008 9.898956
v 4.829651 4.007683 10.555050
v 4.807190 3.497438 10.237240
v 4.716675 3.747444 9.893463
v 4.728516 3.992046 9.879578
v 4.753296 4.270779 10.544590
v 4.718201 4.023582 10.549290
v 4.851257 4.104950 9.877686
v 5.137390 4.075317 9.892609
v 4.882446 4.379196 10.547970
v 5.137390 4.075317 9.892609
v 5.234253 3.940866 9.905029
v 5.244263 4.199867 10.570070
v 5.150513 4.340351 10.561920
v 4.716675 3.747444 9.893463
v 4.825989 3.736008 9.898956
v 5.096863 3.572004 8.974457
v 4.989746 3.557272 8.918854
v 5.215515 3.697697 9.919800
v 5.234253 3.940866 9.905029
v 5.416321 3.863050 9.190125
v 5.445190 3.618839 9.161469
v 5.347107 3.607302 9.107910
v 5.544006 2.542507 9.015167
v 5.106201 3.708544 9.914154
v 5.215515 3.697697 9.919800
v 5.445190 3.618839 9.161469
v 5.347107 3.607302 9.107910
v 4.851257 4.104950 9.877686
v 4.728516 3.992046 9.879578
v 4.953674 3.803631 8.943604
v 5.051025 3.943844 9.015045
v 5.106201 3.708544 9.914154
v 5.055847 3.150532 10.211790
v 5.098206 3.381464 10.190730
v 5.106201 3.708544 9.914154
v 5.098206 3.381464 10.190730
v 5.097656 3.968990 10.568970
v 5.106201 3.708544 9.914154
v 5.304077 2.520061 8.886780
v 5.132324 2.792728 9.959320
v 5.106201 3.708544 9.914154
v -11.715390 2.572250 2.122040
v -11.527830 2.560579 2.309570
v -11.380620 2.101542 2.194885
v -11.566470 2.107170 1.969757
v -11.527830 2.560579 2.309570
v -11.793330 2.576906 2.044067
v -11.765870 2.962242 2.119110
v -11.563600 2.949951 2.291107
v -11.483520 2.800474 2.433868
v -11.837830 2.824078 2.101807
v -11.449770 2.555691 2.387573
v 4.807190 3.497438 10.237240
v 5.098206 3.381464 10.190730
v 5.055847 3.150532 10.211790
v 4.781860 3.298313 10.228420
v 4.781860 3.298313 10.228420
v 5.055847 3.150532 10.211790
v 5.132324 2.792728 9.959320
v 4.874512 2.822023 9.870850
v 4.718201 4.023582 10.549290
v 5.150513 4.340351 10.561920
v 4.882446 4.379196 10.547970
v 5.209045 3.953453 10.574740
v 5.604065 2.466352 8.769196
v 6.027527 2.469671 7.873596
v 5.773071 2.424274 7.799042
v 5.366028 2.432266 8.650146
v 5.425903 2.504814 9.389679
v 5.193359 2.517372 9.220551
v 4.874512 2.822023 9.870850
v 5.132324 2.792728 9.959320
v 5.544006 2.542507 9.015167
v 5.304077 2.520061 8.886780
v 5.193359 2.517372 9.220551
v 5.425903 2.504814 9.389679
v 5.265869 2.413471 8.600830
v 5.201233 2.501162 8.833618
v 5.304077 2.520061 8.886780
v 5.366028 2.432266 8.650146
v 5.544006 2.542507 9.015167
v 5.604065 2.466352 8.769196
v 5.702026 2.474707 8.818542
v -1.978455 -0.000067 6.167938
v -3.002930 1.017212 2.695343
v -2.784302 1.066580 2.600372
v -1.747192 0.019575 6.095551
v -1.874146 -0.502070 5.956207
v -1.978455 -0.000067 6.167938
v -1.747192 0.019575 6.095551
v -1.643127 -0.480835 5.883881
v -0.622742 0.715109 4.008179
v -3.519775 0.255520 5.206207
v -3.641663 0.309225 4.994354
v -0.674072 0.801243 3.766968
v -3.519775 0.255520 5.206207
v -3.314697 -0.267586 5.059814
v -3.436584 -0.214012 4.847961
v -3.641663 0.309225 4.994354
v -5.887817 8.822765 -11.237030
v -5.448730 8.837902 -11.029880
v 11.588990 8.979710 -4.568512
v 12.060420 8.966080 -4.445770
v -6.006714 5.761341 -9.108337
v -6.285522 6.664608 -8.496094
v -4.959839 7.981815 -11.762540
v -5.448730 8.837902 -11.029880
v -5.922668 5.910843 -9.287994
v -6.217224 6.816536 -8.672089
v -5.141846 7.841808 -11.602050
v -5.527649 8.670849 -10.850460
v -5.040283 7.845737 -11.559230
v -5.627319 8.667408 -10.897490
v -5.527649 8.670849 -10.850460
v -6.732849 6.647308 -8.684601
v -6.442017 5.744503 -9.291809
v -6.661987 6.791428 -8.865906
v -6.797852 6.847111 -8.548737
v -6.732849 6.647308 -8.684601
v -6.484863 6.961128 -8.334595
v -6.729004 6.951679 -8.437500
v -6.217224 6.816536 -8.672089
v -6.285522 6.664608 -8.496094
v -6.350525 6.864414 -8.360229
v -5.407166 7.964512 -11.951050
v -5.887817 8.822765 -11.237030
v -5.887817 8.822765 -11.237030
v -5.930664 9.078735 -11.174130
v -5.966675 8.655708 -11.057620
v -5.491638 9.093880 -10.966980
v -5.448730 8.837902 -11.029880
v -5.527649 8.670849 -10.850460
v -5.385986 7.832359 -11.704960
v -6.041321 8.845966 -10.913300
v -5.966675 8.655708 -11.057620
v -5.735840 7.732830 -9.758514
v -6.302917 6.826477 -8.697510
v -5.841187 7.718357 -9.787628
v -6.024170 5.906914 -9.330780
v -6.729004 6.951679 -8.437500
v -6.797852 6.847111 -8.548737
v -6.733765 7.012032 -8.715912
v -6.660339 7.102390 -8.614319
v -5.385986 7.832359 -11.704960
v -5.487549 7.828430 -11.747740
v -5.966675 8.655708 -11.057620
v -5.867004 8.659145 -11.010590
v -5.979248 8.945240 -10.793550
v -6.041321 8.845966 -10.913300
v -5.930664 9.078735 -11.174130
v -5.876709 9.132576 -11.033910
v -6.660339 7.102390 -8.614319
v -6.733765 7.012032 -8.715912
v -6.264160 7.872025 -9.755157
v -6.191101 7.988739 -9.659729
v -6.419006 7.120605 -8.505463
v -6.280823 7.011921 -8.539215
v -6.350525 6.864414 -8.360229
v -6.484863 6.961128 -8.334595
v -5.637024 9.140839 -10.920810
v -5.491638 9.093880 -10.966980
v -5.602295 8.861107 -10.706150
v -5.739624 8.953491 -10.680480
v -5.739624 8.953491 -10.680480
v -5.602295 8.861107 -10.706150
v -5.800049 7.935799 -9.626923
v -5.937744 8.023548 -9.589752
v 9.975891 6.392426 -1.640533
v 10.278200 5.460083 -2.241241
v 11.871220 8.267197 -5.507721
v 11.588990 8.979710 -4.568512
v 10.071040 6.569916 -1.857574
v 10.333130 5.674557 -2.454315
v 11.904970 8.094723 -5.289551
v 11.803470 8.090977 -5.332550
v 11.517210 8.803577 -4.394897
v 11.621520 8.795189 -4.360229
v 11.517210 8.803577 -4.394897
v 10.714050 5.465698 -2.060608
v 10.425720 6.399109 -1.453827
v 10.520940 6.594086 -1.674347
v 10.425720 6.399109 -1.453827
v 10.359190 6.610638 -1.318359
v 10.223820 6.714924 -1.292755
v 9.978333 6.710915 -1.394806
v 9.909607 6.603165 -1.505341
v 9.975891 6.392426 -1.640533
v 10.071040 6.569916 -1.857574
v 12.318120 8.283726 -5.318298
v 12.060420 8.966080 -4.445770
v 12.060420 8.966080 -4.445770
v 11.976810 8.766613 -4.242310
v 12.046810 9.195175 -4.347229
v 11.572140 9.202320 -4.461639
v 11.517210 8.803577 -4.394897
v 11.588990 8.979710 -4.568512
v 12.148930 8.103756 -5.186157
v 9.999939 6.775120 -1.720978
v 10.071040 6.569916 -1.857574
v 10.938600 7.740829 -3.153992
v 10.173220 6.575218 -1.816040
v 10.429140 5.688934 -2.430115
v 11.043150 7.732903 -3.119934
v 10.803590 5.664085 -2.238251
v 10.520940 6.594086 -1.674347
v 10.223820 6.714924 -1.292755
v 10.311650 6.897953 -1.510345
v 10.449710 6.799870 -1.537598
v 10.359190 6.610638 -1.318359
v 12.148930 8.103756 -5.186157
v 11.872440 8.775002 -4.276947
v 11.976810 8.766613 -4.242310
v 12.250430 8.107498 -5.143158
v 11.810910 9.047985 -4.025452
v 11.921880 9.295013 -4.297607
v 12.046810 9.195175 -4.347229
v 11.935910 8.948151 -4.075043
v 11.872440 8.775002 -4.276947
v 11.294620 7.713814 -3.038025
v 11.399230 7.705872 -3.003967
v 11.976810 8.766613 -4.242310
v 10.311650 6.897953 -1.510345
v 11.249080 8.021545 -2.826263
v 11.368960 7.910522 -2.863159
v 10.449710 6.799870 -1.537598
v 10.066280 6.883976 -1.610565
v 9.978333 6.710915 -1.394806
v 9.909607 6.603165 -1.505341
v 9.999939 6.775120 -1.720978
v 11.654720 9.282990 -4.339722
v 11.560000 9.068169 -4.108734
v 11.476260 8.985119 -4.227631
v 11.572140 9.202320 -4.461639
v 10.997620 8.040634 -2.908173
v 10.908330 7.945477 -3.013153
v -5.841187 7.718357 -9.787628
v -6.302917 6.826477 -8.697510
v -6.217224 6.816536 -8.672089
v -5.735840 7.732830 -9.758514
v -6.094543 7.683537 -9.857605
v -6.568420 6.781792 -8.837158
v -6.268372 5.897472 -9.433685
v -5.851257 6.759979 -10.502560
v -6.264160 7.872025 -9.755157
v -6.199951 7.669048 -9.886719
v -5.979248 8.945240 -10.793550
v -5.739624 8.953491 -10.680480
v -5.800049 7.935799 -9.626923
v -5.602295 8.861107 -10.706150
v -5.527649 8.670849 -10.850460
v -5.735840 7.732830 -9.758514
v -5.841187 7.718357 -9.787628
v -5.627319 8.667408 -10.897490
v -5.141846 7.841808 -11.602050
v -5.606567 6.770561 -10.401060
v -6.264160 7.872025 -9.755157
v -6.041321 8.845966 -10.913300
v -5.979248 8.945240 -10.793550
v -6.191101 7.988739 -9.659729
v -5.800049 7.935799 -9.626923
v -5.937744 8.023548 -9.589752
v 10.938600 7.740829 -3.153992
v 10.071040 6.569916 -1.857574
v 10.173220 6.575218 -1.816040
v 11.043150 7.732903 -3.119934
v 11.465940 6.794117 -3.656982
v 10.698430 5.647938 -2.266876
v 10.418820 6.588558 -1.715942
v 11.294620 7.713814 -3.038025
v 11.399230 7.705872 -3.003967
v 10.520940 6.594086 -1.674347
v 10.449710 6.799870 -1.537598
v 11.368960 7.910522 -2.863159
v 10.997620 8.040634 -2.908173
v 11.249080 8.021545 -2.826263
v 10.938600 7.740829 -3.153992
v 10.908330 7.945477 -3.013153
v 11.221370 6.783993 -3.758972
v 11.904970 8.094723 -5.289551
v 11.621520 8.795189 -4.360229
v 11.043150 7.732903 -3.119934
v 11.294620 7.713814 -3.038025
v 10.418820 6.588558 -1.715942
v 10.520940 6.594086 -1.674347
v 11.399230 7.705872 -3.003967
v 11.249080 8.021545 -2.826263
v 11.368960 7.910522 -2.863159
v 10.997620 8.040634 -2.908173
v 10.066280 6.883976 -1.610565
v 9.999939 6.775120 -1.720978
v 10.908330 7.945477 -3.013153
v -5.876709 9.132576 -11.033910
v -5.930664 9.078735 -11.174130
v -5.491638 9.093880 -10.966980
v -5.637024 9.140839 -10.920810
v 11.921880 9.295013 -4.297607
v 11.654720 9.282990 -4.339722
v 11.572140 9.202320 -4.461639
v 12.046810 9.195175 -4.347229
v -4.424255 6.563839 -11.422090
v -4.291931 6.334682 -10.967250
v -4.073669 6.489079 -10.869660
v -4.215332 6.750191 -11.473240
v -4.215332 6.750191 -11.473240
v -4.073669 6.489079 -10.869660
v -4.286316 6.494911 -10.864170
v 3.482544 6.311802 -7.667236
v 3.136475 5.762650 -6.744354
v 3.267334 6.338940 -7.664093
v 3.126465 6.436203 -8.225830
v 3.260742 6.182034 -7.766357
v 3.482544 6.311802 -7.667236
v 3.338806 6.601173 -8.276215
v 3.338806 6.601173 -8.276215
v 3.482544 6.311802 -7.667236
v 3.267334 6.338940 -7.664093
v 3.148376 6.615662 -8.178650
v 3.148376 6.615662 -8.178650
v 3.267334 6.338940 -7.664093
v 3.260742 6.182034 -7.766357
v 3.126465 6.436203 -8.225830
v 6.779724 6.017433 -5.701843
v 7.172791 6.146954 -6.078735
v 7.380554 5.945889 -6.098724
v 6.948303 5.781174 -5.687164
v 6.927246 5.967072 -5.586975
v 7.332703 6.113380 -5.976440
v 7.349365 6.556229 -6.353546
v 7.172791 6.146954 -6.078735
v 7.380554 5.945889 -6.098724
v 7.581665 6.454239 -6.487579
v 7.581665 6.454239 -6.487579
v 7.380554 5.945889 -6.098724
v 7.332703 6.113380 -5.976440
v 7.533997 6.546242 -6.302185
v 7.533997 6.546242 -6.302185
v 7.332703 6.113380 -5.976440
v 7.172791 6.146954 -6.078735
v 7.349365 6.556229 -6.353546
v -4.666565 4.120621 -13.097410
v -4.679443 4.310242 -12.944490
v -5.109802 3.942434 -11.821260
v -5.085083 3.755943 -11.974240
v -5.772705 6.165325 -12.907990
v -6.179382 7.143497 -12.032930
v -6.224304 7.019257 -11.914920
v -5.817627 6.041096 -12.789980
v -6.325989 4.832359 -11.472870
v -6.682922 5.929565 -10.726750
v -6.734375 5.823124 -10.594850
v 12.808230 5.872990 -5.085419
v 12.755620 5.768833 -4.952118
v 12.348510 6.828690 -4.096924
v 12.401120 6.932846 -4.230194
v 10.771910 6.535294 -6.639648
v 10.799380 6.609215 -7.206818
v 10.692500 6.808704 -7.253693
v 10.680910 6.734863 -6.597565
v 10.528930 6.605709 -6.730530
v 10.536870 6.625656 -7.296448
v 11.193600 6.534367 -8.044525
v 10.799380 6.609215 -7.206818
v 10.692500 6.808704 -7.253693
v 11.138980 6.731449 -8.180420
v 11.138980 6.731449 -8.180420
v 10.692500 6.808704 -7.253693
v 10.536870 6.625656 -7.296448
v 10.983340 6.548412 -8.223175
v 10.983340 6.548412 -8.223175
v 10.536870 6.625656 -7.296448
v 10.799380 6.609215 -7.206818
v 11.193600 6.534367 -8.044525
v 9.678284 5.566765 -4.194489
v 10.197140 6.457813 -5.463959
v 10.091920 6.618408 -5.347351
v 9.586914 5.727043 -4.063995
v 9.402832 5.598061 -4.175995
v 9.934387 6.506447 -5.493896
v 10.771910 6.535294 -6.639648
v 10.197140 6.457813 -5.463959
v 10.091920 6.618408 -5.347351
v 10.680910 6.734863 -6.597565
v 10.680910 6.734863 -6.597565
v 10.091920 6.618408 -5.347351
v 9.934387 6.506447 -5.493896
v 10.528930 6.605709 -6.730530
v 10.528930 6.605709 -6.730530
v 9.934387 6.506447 -5.493896
v 10.197140 6.457813 -5.463959
v 10.771910 6.535294 -6.639648
v 7.232178 6.408794 -6.618591
v 7.819031 6.917530 -7.038483
v 7.655090 7.063759 -6.866089
v 7.083191 6.552917 -6.433044
v 6.967773 6.461052 -6.657959
v 7.562317 7.000801 -7.119537
v 8.267700 7.612160 -7.447205
v 7.819031 6.917530 -7.038483
v 7.655090 7.063759 -6.866089
v 8.160645 7.834343 -7.311554
v 8.160645 7.834343 -7.311554
v 7.655090 7.063759 -6.866089
v 7.562317 7.000801 -7.119537
v 8.068054 7.769459 -7.564697
v 8.068054 7.769459 -7.564697
v 7.562317 7.000801 -7.119537
v 7.819031 6.917530 -7.038483
v 8.267700 7.612160 -7.447205
v 7.232178 6.408794 -6.618591
v 6.839050 5.970421 -5.735168
v 6.700745 6.111343 -5.540253
v 7.083191 6.552917 -6.433044
v 6.700745 6.111343 -5.540253
v 6.569580 5.998695 -5.745117
v 6.967773 6.461052 -6.657959
v 6.569580 5.998695 -5.745117
v 6.839050 5.970421 -5.735168
v 7.232178 6.408794 -6.618591
v 8.596313 5.650635 -5.120728
v 8.813904 6.297855 -5.974457
v 8.652100 6.329903 -6.103363
v 8.400574 5.651340 -5.188110
v 8.596313 5.650635 -5.120728
v 8.652100 6.329903 -6.103363
v 8.718933 6.480457 -5.978027
v 8.467407 5.801907 -5.062744
v 8.400574 5.651340 -5.188110
v 8.718933 6.480457 -5.978027
v 8.813904 6.297855 -5.974457
v 7.977478 6.202591 -5.772125
v 7.510071 5.116295 -4.702576
v 7.657715 6.254749 -5.872833
v 7.810059 6.330055 -5.687531
v 7.334045 5.220387 -4.604950
v 7.178040 5.105480 -4.764252
v 8.293091 6.671036 -6.031525
v 8.074646 6.815800 -6.246521
v 7.657715 6.254749 -5.872833
v 7.977478 6.202591 -5.772125
v 8.074646 6.815800 -6.246521
v 8.143127 6.839188 -6.004730
v 7.810059 6.330055 -5.687531
v 7.657715 6.254749 -5.872833
v 8.143127 6.839188 -6.004730
v 8.293091 6.671036 -6.031525
v 7.977478 6.202591 -5.772125
v 7.810059 6.330055 -5.687531
v -3.779236 5.779037 -9.793793
v -3.550232 6.066208 -10.996640
v -3.268250 6.241283 -10.933230
v -3.746094 5.988564 -9.707855
v -3.518066 6.282410 -10.937100
v -3.675476 6.179405 -11.598880
v -3.550232 6.066208 -10.996640
v -3.268250 6.241283 -10.933230
v -3.401062 6.339020 -11.715790
v -3.401062 6.339020 -11.715790
v -3.268250 6.241283 -10.933230
v -3.518066 6.282410 -10.937100
v -3.622437 6.399414 -11.609280
v -3.622437 6.399414 -11.609280
v -3.550232 6.066208 -10.996640
v -3.675476 6.179405 -11.598880
v -1.722534 5.627022 -9.598267
v -1.501282 5.641754 -9.490265
v -2.046692 5.717781 -8.649017
v -1.653503 5.846172 -9.504761
v -1.137024 6.029243 -10.681400
v -1.722534 5.627022 -9.598267
v -1.501282 5.641754 -9.490265
v -0.889771 6.051426 -10.660640
v -0.889771 6.051426 -10.660640
v -1.501282 5.641754 -9.490265
v -1.653503 5.846172 -9.504761
v -1.042175 6.257233 -10.675260
v -1.042175 6.257233 -10.675260
v -1.137024 6.029243 -10.681400
v 2.804504 5.785851 -8.234100
v 3.120239 5.605247 -9.050903
v 3.327271 5.624653 -8.864929
v 3.011719 5.783257 -8.046204
v 2.858826 6.015915 -8.118408
v 3.193054 5.858730 -8.981262
v 3.624634 5.527897 -9.828491
v 3.120239 5.605247 -9.050903
v 3.327271 5.624653 -8.864929
v 3.889465 5.527012 -9.726379
v 3.889465 5.527012 -9.726379
v 3.327271 5.624653 -8.864929
v 3.193054 5.858730 -8.981262
v 3.755066 5.763638 -9.843170
v 3.755066 5.763638 -9.843170
v 3.193054 5.858730 -8.981262
v 3.120239 5.605247 -9.050903
v 3.624634 5.527897 -9.828491
v 4.984314 5.241661 -9.476624
v 4.353210 5.395950 -9.054688
v 4.987244 5.458168 -9.604401
v 4.306763 5.644871 -9.038300
v 4.169312 5.520229 -9.190735
v 4.842529 5.283928 -9.680389
v 5.543579 4.734962 -9.875488
v 4.842529 5.283928 -9.680389
v 4.984314 5.241661 -9.476624
v 5.689758 4.694672 -9.674927
v 5.689758 4.694672 -9.674927
v 4.984314 5.241661 -9.476624
v 4.987244 5.458168 -9.604401
v 5.682312 4.915886 -9.797729
v 5.682312 4.915886 -9.797729
v 4.987244 5.458168 -9.604401
v 4.842529 5.283928 -9.680389
v 5.543579 4.734962 -9.875488
v 4.353210 5.395950 -9.054688
v 4.306763 5.644871 -9.038300
v 4.306763 5.644871 -9.038300
v 3.603882 5.864471 -7.585266
v 3.471497 5.774754 -7.762848
v 4.169312 5.520229 -9.190735
v 4.169312 5.520229 -9.190735
v 3.471497 5.774754 -7.762848
v 3.666077 5.640419 -7.658569
v 4.353210 5.395950 -9.054688
v 1.751770 6.391502 -7.956268
v 2.234436 6.328926 -8.417877
v 2.452393 6.048988 -8.364258
v 1.918396 6.092407 -7.852753
v 1.922302 6.340187 -7.804932
v 2.421936 6.289200 -8.285767
v 2.502747 6.655922 -8.867126
v 2.234436 6.328926 -8.417877
v 2.452393 6.048988 -8.364258
v 2.763062 6.444153 -8.976532
v 2.763062 6.444153 -8.976532
v 2.452393 6.048988 -8.364258
v 2.421936 6.289200 -8.285767
v 2.722595 6.620461 -8.800415
v 2.722595 6.620461 -8.800415
v 2.421936 6.289200 -8.285767
v 2.234436 6.328926 -8.417877
v 2.502747 6.655922 -8.867126
v -1.199524 5.325165 -8.177063
v -0.614685 6.140186 -9.800934
v -0.258118 6.208740 -9.633209
v -0.870117 5.337196 -7.944824
v -1.127197 5.504765 -7.995392
v -0.537170 6.342148 -9.645477
v -0.626892 6.530830 -10.438200
v -0.614685 6.140186 -9.800934
v -0.258118 6.208740 -9.633209
v -0.251404 6.654209 -10.478820
v -0.251404 6.654209 -10.478820
v -0.258118 6.208740 -9.633209
v -0.537170 6.342148 -9.645477
v -0.512207 6.756599 -10.357210
v -0.512207 6.756599 -10.357210
v -0.537170 6.342148 -9.645477
v -0.614685 6.140186 -9.800934
v -0.626892 6.530830 -10.438200
v 1.843628 6.300739 -8.395111
v 1.329712 5.760902 -7.659363
v 1.609070 6.462654 -8.490326
v 1.755127 6.464355 -8.332947
v 1.226501 5.910168 -7.585510
v 1.064514 5.881077 -7.719696
v 2.250916 6.516300 -8.622650
v 2.128418 6.705338 -8.815430
v 1.609070 6.462654 -8.490326
v 1.843628 6.300739 -8.395111
v 2.128418 6.705338 -8.815430
v 2.189941 6.701721 -8.610413
v 1.755127 6.464355 -8.332947
v 1.609070 6.462654 -8.490326
v 2.189941 6.701721 -8.610413
v 2.250916 6.516300 -8.622650
v 1.843628 6.300739 -8.395111
v 1.755127 6.464355 -8.332947
v 6.009705 6.081451 -6.586304
v 5.787170 5.259697 -5.309387
v 5.803284 6.068043 -6.600189
v 5.881653 6.220016 -6.493073
v 5.659241 5.397720 -5.216248
v 5.581116 5.243950 -5.323181
v 6.194092 6.574257 -6.990112
v 5.999023 6.597111 -7.071655
v 5.803284 6.068043 -6.600189
v 6.009705 6.081451 -6.586304
v 5.999023 6.597111 -7.071655
v 6.077454 6.748711 -6.964600
v 6.077454 6.748711 -6.964600
v 6.194092 6.574257 -6.990112
v 6.009705 6.081451 -6.586304
v 5.881653 6.220016 -6.493073
v -2.498474 7.354149 -11.162260
v -2.885681 5.832939 -9.336548
v -2.725891 7.304428 -11.183440
v -2.654480 7.459023 -11.023350
v -3.041504 5.936653 -9.197571
v -3.112854 5.781204 -9.357574
v -2.442078 7.931534 -11.685850
v -2.662231 7.939373 -11.771670
v -2.725891 7.304428 -11.183440
v -2.498474 7.354149 -11.162260
v -2.662231 7.939373 -11.771670
v -2.590820 8.093987 -11.611540
v -2.654480 7.459023 -11.023350
v -2.725891 7.304428 -11.183440
v -2.590820 8.093987 -11.611540
v -2.442078 7.931534 -11.685850
v -3.238464 7.583603 -11.837800
v -3.546631 5.618744 -9.644287
v -3.290283 7.685787 -11.666080
v -3.092285 7.680325 -11.726990
v -3.404724 5.728096 -9.536804
v -3.604858 5.738358 -9.484924
v -3.238464 7.583603 -11.837800
v -3.092285 7.680325 -11.726990
v -3.407227 7.936607 -12.348600
v -3.290283 7.685787 -11.666080
v -3.238464 7.583603 -11.837800
v -3.414551 8.125183 -12.264130
v -3.232788 8.046421 -12.325290
v -3.092285 7.680325 -11.726990
v -3.290283 7.685787 -11.666080
v -3.434814 8.081825 -13.024260
v -3.610657 7.974850 -13.051210
v -3.407227 7.936607 -12.348600
v -3.232788 8.046421 -12.325290
v -3.610657 7.974850 -13.051210
v -3.615112 8.159958 -12.957310
v -3.414551 8.125183 -12.264130
v -3.407227 7.936607 -12.348600
v -3.615112 8.159958 -12.957310
v -3.434814 8.081825 -13.024260
v -3.232788 8.046421 -12.325290
v -3.414551 8.125183 -12.264130
v -2.239746 6.508450 -9.748871
v -2.297607 6.405357 -10.007630
v -2.399597 5.883354 -9.585144
v -2.284241 6.088253 -9.424774
v -2.403870 6.496250 -9.845551
v -2.239746 6.508450 -9.748871
v -2.284241 6.088253 -9.424774
v -2.465881 6.050400 -9.467926
v 4.374329 6.070583 -7.585632
v 3.840149 5.397766 -5.997070
v 4.104126 6.123566 -7.684204
v 4.244202 6.220398 -7.567230
v 3.701477 5.534344 -5.960663
v 4.670776 6.297951 -7.944824
v 4.490479 6.370834 -8.163544
v 4.104126 6.123566 -7.684204
v 4.374329 6.070583 -7.585632
v 4.490479 6.370834 -8.163544
v 4.556885 6.458038 -7.985016
v 4.244202 6.220398 -7.567230
v 4.104126 6.123566 -7.684204
v 4.556885 6.458038 -7.985016
v 4.670776 6.297951 -7.944824
v 4.374329 6.070583 -7.585632
v 4.244202 6.220398 -7.567230
v 1.409912 6.518826 -8.579254
v 0.952210 5.403515 -7.517944
v 1.086365 6.595058 -8.680817
v 1.240601 6.655293 -8.493988
v 0.774719 5.514626 -7.419952
v 0.617554 5.412643 -7.581238
v 1.725525 6.970039 -8.832947
v 1.503113 7.136349 -9.047668
v 1.086365 6.595058 -8.680817
v 1.409912 6.518826 -8.579254
v 1.503113 7.136349 -9.047668
v 1.573303 7.147400 -8.805084
v 1.240601 6.655293 -8.493988
v 1.086365 6.595058 -8.680817
v 1.573303 7.147400 -8.805084
v 1.725525 6.970039 -8.832947
v 1.409912 6.518826 -8.579254
v 1.240601 6.655293 -8.493988
v 10.659610 6.149029 -6.213837
v 10.774290 6.199371 -6.899292
v 10.669070 6.413578 -6.923645
v 10.547180 6.329849 -6.105621
v 10.440610 6.201786 -6.269714
v 10.547670 6.213566 -6.976715
v 11.114750 6.134739 -7.622681
v 10.774290 6.199371 -6.899292
v 10.669070 6.413578 -6.923645
v 11.054630 6.346859 -7.723907
v 11.054630 6.346859 -7.723907
v 10.669070 6.413578 -6.923645
v 10.547670 6.213566 -6.976715
v 10.933170 6.146870 -7.776947
v 10.933170 6.146870 -7.776947
v 10.547670 6.213566 -6.976715
v 10.774290 6.199371 -6.899292
v 11.114750 6.134739 -7.622681
v 9.811462 5.330879 -4.316254
v 10.165100 5.787388 -5.115723
v 10.061280 5.968014 -4.998901
v 9.719604 5.511234 -4.187439
v 9.573608 5.357903 -4.300262
v 9.938232 5.829391 -5.141571
v 10.659610 6.149029 -6.213837
v 10.061280 5.968014 -4.998901
v 10.547180 6.329849 -6.105621
v 10.547180 6.329849 -6.105621
v 10.061280 5.968014 -4.998901
v 9.938232 5.829391 -5.141571
v 10.440610 6.201786 -6.269714
v 10.440610 6.201786 -6.269714
v 9.938232 5.829391 -5.141571
v 10.165100 5.787388 -5.115723
v 10.659610 6.149029 -6.213837
v -2.067200 6.308231 -10.054350
v -1.754517 6.353657 -10.887910
v -1.550781 6.367748 -10.698700
v -1.861816 6.304577 -9.868164
v -2.034302 6.518497 -9.888702
v -1.706482 6.599255 -10.761960
v -1.266602 6.523525 -11.657410
v -1.754517 6.353657 -10.887910
v -1.550781 6.367748 -10.698700
v -1.005676 6.544868 -11.553740
v -1.005676 6.544868 -11.553740
v -1.550781 6.367748 -10.698700
v -1.706482 6.599255 -10.761960
v -1.161377 6.776764 -11.617070
v -2.067200 6.308231 -10.054350
v -1.861816 6.304577 -9.868164
v -2.034302 6.518497 -9.888702
v -2.449646 5.689957 -8.932739
v -2.067200 6.308231 -10.054350
v -1.861816 6.304577 -9.868164
v -2.441895 5.838783 -8.700287
v -2.034302 6.518497 -9.888702
v -1.754517 6.353657 -10.887910
v -1.266602 6.523525 -11.657410
v -1.161377 6.776764 -11.617070
v -1.706482 6.599255 -10.761960
v 0.099731 6.374847 -11.356080
v -0.528198 6.350933 -10.919530
v 0.079773 6.612679 -11.432130
v -0.597168 6.583298 -10.848450
v -0.722656 6.473438 -11.027620
v -0.047119 6.439495 -11.547760
v 0.692749 6.027267 -11.848910
v -0.047119 6.439495 -11.547760
v 0.099731 6.374847 -11.356080
v 0.844482 5.961338 -11.660060
v 0.844482 5.961338 -11.660060
v 0.099731 6.374847 -11.356080
v 0.079773 6.612679 -11.432130
v 0.813599 6.204556 -11.730560
v -0.528198 6.350933 -10.919530
v -0.597168 6.583298 -10.848450
v -0.597168 6.583298 -10.848450
v -1.282837 6.382996 -9.389435
v -1.406860 6.312916 -9.585602
v -0.722656 6.473438 -11.027620
v -0.722656 6.473438 -11.027620
v -1.406860 6.312916 -9.585602
v -1.201538 6.189510 -9.510834
v -0.528198 6.350933 -10.919530
v -0.384888 6.863674 -9.399658
v -2.320007 6.682495 -9.866913
v -2.110352 6.420155 -9.292969
v -0.642700 6.410099 -8.678101
v 0.078674 6.395054 -8.393768
v -2.110352 6.420155 -9.292969
v -1.423401 6.330757 -8.842896
v -2.125610 5.978775 -9.408905
v -1.401855 6.327995 -8.828735
v -0.642700 6.410099 -8.678101
v -0.551514 5.968933 -8.748718
v -1.365723 5.880623 -8.910645
v 0.078674 6.395054 -8.393768
v 0.925049 6.826977 -8.882050
v 0.222229 5.952599 -8.443115
v 0.925049 6.826977 -8.882050
v 0.980347 6.978432 -9.140747
v 1.129944 6.416763 -8.966736
v 0.222229 5.952599 -8.443115
v 1.129944 6.416763 -8.966736
v 1.213684 6.645638 -9.357910
v -0.551514 5.968933 -8.748718
v -1.388855 5.883877 -8.925812
v -1.365723 5.880623 -8.910645
v -0.551514 5.968933 -8.748718
v -0.082214 6.793636 -10.061770
v -2.125610 5.978775 -9.408905
v -2.396118 6.317699 -10.149660
v -1.866455 6.438377 -10.131840
v -1.918030 6.760250 -9.829071
v -2.320007 6.682495 -9.866913
v -2.396118 6.317699 -10.149660
v -1.349304 6.449871 -9.928650
v -1.395996 6.725628 -9.541229
v -1.918030 6.760250 -9.829071
v -1.866455 6.438377 -10.131840
v -0.860230 6.473305 -9.773193
v -0.989258 6.760056 -9.439941
v -1.395996 6.725628 -9.541229
v -1.349304 6.449871 -9.928650
v 0.980347 6.978432 -9.140747
v 0.306946 7.164925 -9.700745
v 0.494568 6.876431 -10.005190
v 1.213684 6.645638 -9.357910
v 0.306946 7.164925 -9.700745
v -0.103943 7.117462 -9.763214
v -0.082214 6.793636 -10.061770
v 0.494568 6.876431 -10.005190
v -0.103943 7.117462 -9.763214
v -0.384888 6.863674 -9.399658
v -0.350037 6.580708 -9.775909
v -0.082214 6.793636 -10.061770
v -0.989258 6.760056 -9.439941
v -0.860230 6.473305 -9.773193
v -0.350037 6.580708 -9.775909
v -0.384888 6.863674 -9.399658
v -1.401855 6.327995 -8.828735
v -0.642700 6.410099 -8.678101
v -11.864750 0.538948 2.280884
v -10.966550 0.781599 0.857666
v -11.657040 0.439585 2.359558
v -6.748230 0.971891 2.313507
v -7.441406 0.862732 2.864105
v -7.377563 1.130911 2.831360
v -6.698608 1.241678 2.266113
v -6.523560 1.081415 2.407654
v -7.232117 0.967949 3.010254
v -8.088318 0.944355 3.527008
v -7.441406 0.862732 2.864105
v -7.377563 1.130911 2.831360
v -8.103638 1.223848 3.559875
v -8.103638 1.223848 3.559875
v -7.377563 1.130911 2.831360
v -7.232117 0.967949 3.010254
v -7.958191 1.061394 3.738678
v -7.958191 1.061394 3.738678
v -7.232117 0.967949 3.010254
v -7.441406 0.862732 2.864105
v -8.088318 0.944355 3.527008
v -6.748230 0.971891 2.313507
v -6.325867 1.358492 1.404419
v -6.286560 1.632912 1.346222
v -6.698608 1.241678 2.266113
v -6.286560 1.632912 1.346222
v -6.090576 1.471790 1.462158
v -7.502686 1.338657 1.432922
v -6.767395 1.442965 0.010895
v -7.221619 1.436237 1.588898
v -7.416809 1.545944 1.461548
v -6.665894 1.648705 0.016388
v -6.454163 1.526545 0.101318
v -7.786438 1.441820 2.153381
v -7.890320 1.578222 1.961182
v -7.416809 1.545944 1.461548
v -7.221619 1.436237 1.588898
v -7.890320 1.578222 1.961182
v -7.951050 1.384764 1.864899
v -7.502686 1.338657 1.432922
v -7.416809 1.545944 1.461548
v 4.983765 1.207281 5.410217
v 5.161804 1.799940 4.264801
v 5.366882 1.853161 4.378723
v 5.199036 1.276144 5.480255
v 0.282593 1.124508 5.217255
v -0.008179 0.544033 5.907043
v -0.238220 0.580029 5.803131
v 0.052673 1.159698 5.113220
v 0.110474 1.328135 5.258789
v -0.180481 0.748980 5.948730
v -0.821716 -0.000488 6.894226
v -0.238220 0.580029 5.803131
v -0.180481 0.748980 5.948730
v -0.764099 0.169210 7.039856
v -0.764099 0.169210 7.039856
v -0.575378 0.013632 6.926971
v -3.327087 0.534487 5.621918
v -2.956421 1.258856 5.043884
v -2.908447 1.362757 5.278229
v -3.279724 0.641857 5.856415
v -3.279724 0.641857 5.856415
v -2.908447 1.362757 5.278229
v -2.719910 1.144703 5.194427
v -3.056702 0.503523 5.722382
v -2.748962 1.452354 4.479828
v -2.293030 1.666119 3.346588
v -2.213501 1.855810 3.490234
v -2.689392 1.589207 4.680359
v -4.387512 0.102913 5.102142
v -3.914551 0.617088 4.909332
v -4.462891 0.172573 5.324249
v -3.977234 0.810024 5.039886
v -3.770935 0.648846 5.100342
v -4.242126 0.037239 5.298981
v -4.793213 -0.588678 4.890442
v -4.387512 0.102913 5.102142
v -4.462891 0.172573 5.324249
v -4.861938 -0.507401 5.112366
v -4.861938 -0.507401 5.112366
v -4.462891 0.172573 5.324249
v -4.242126 0.037239 5.298981
v -4.646484 -0.637381 5.086609
v -3.914551 0.617088 4.909332
v -3.977234 0.810024 5.039886
v -3.977234 0.810024 5.039886
v -3.278625 1.105158 4.123810
v -3.770935 0.648846 5.100342
v -1.399536 1.574804 4.870483
v -1.764221 1.139469 5.154053
v -1.863098 0.947840 4.935028
v -1.447815 1.406610 4.605560
v -1.566406 1.623924 4.710785
v -1.949768 1.183809 5.014404
v -2.241394 0.790447 5.618744
v -1.863098 0.947840 4.935028
v -1.949768 1.183809 5.014404
v -2.305725 1.046434 5.586151
v -2.305725 1.046434 5.586151
v -1.949768 1.183809 5.014404
v -1.764221 1.139469 5.154053
v -2.097839 1.051128 5.675018
v 0.543884 0.471146 6.623535
v 0.619507 0.694357 5.701111
v 0.825440 0.850060 5.817719
v 0.724304 0.697142 6.616486
v 0.724304 0.697142 6.616486
v 0.825440 0.850060 5.817719
v 1.007019 0.624395 5.833771
v 0.940186 0.510424 6.564606
v -1.764404 1.162512 5.690796
v -1.854248 1.295080 5.523926
v -1.373840 1.359858 5.203705
v -1.206726 1.263010 5.336243
v -1.854248 1.295080 5.523926
v -1.829712 1.136135 5.420898
v -1.377930 1.180504 5.150177
v -1.373840 1.359858 5.203705
v -6.431519 1.192112 3.747253
v -6.059326 1.478487 2.296295
v -6.234253 1.246380 3.773773
v -6.385742 1.392639 3.767242
v -6.013611 1.679699 2.316193
v -5.862061 1.532759 2.322906
v -6.754517 1.233477 4.328827
v -6.573486 1.267534 4.428009
v -6.234253 1.246380 3.773773
v -6.431519 1.192112 3.747253
v -6.573486 1.267534 4.428009
v -6.725037 1.414120 4.421448
v -6.725037 1.414120 4.421448
v -6.754517 1.233477 4.328827
v -6.431519 1.192112 3.747253
v -6.385742 1.392639 3.767242
v 3.324402 1.655037 5.859253
v 4.070435 1.868208 3.588623
v 3.098999 1.708349 6.604614
v 3.306580 1.736679 6.713898
v 3.553589 1.690722 5.884247
v 3.154175 1.916735 6.663696
v 3.098999 1.708349 6.604614
v 3.972046 1.819008 6.586487
v 3.801392 1.724981 6.598724
v 4.617676 1.807016 3.778687
v 4.790161 1.889982 3.779907
v 3.991028 1.633465 6.655762
v 3.801392 1.724981 6.598724
v 3.980225 1.785755 7.341492
v 3.855774 1.645357 7.314148
v 3.801392 1.724981 6.598724
v 3.972046 1.819008 6.586487
v 4.115723 1.333010 7.926086
v 4.324890 1.298306 7.914703
v 4.064819 1.607101 7.298157
v 3.855774 1.645357 7.314148
v 4.238586 1.474268 7.948303
v 4.115723 1.333010 7.926086
v 3.855774 1.645357 7.314148
v 3.980225 1.785755 7.341492
v 2.700195 1.474089 5.296387
v 2.671875 1.708288 4.781281
v -4.483765 1.328053 2.876648
v -3.810791 1.830370 1.268555
v -4.240662 1.361937 3.016205
v -4.421448 1.482649 2.944580
v -3.736511 1.989416 1.316010
v -3.544067 1.868576 1.350311
v -4.680298 1.222698 3.499969
v -4.789856 1.379997 3.378418
v -4.421448 1.482649 2.944580
v -4.240662 1.361937 3.016205
v -4.789856 1.379997 3.378418
v -4.836060 1.251232 3.257507
v -4.483765 1.328053 2.876648
v -4.421448 1.482649 2.944580
v -1.025208 1.267857 5.454041
v -0.281372 1.296398 4.038910
v -0.731567 1.299860 5.603943
v -0.936401 1.458923 5.481506
v -0.175232 1.475029 4.043213
v -1.489563 1.405169 5.890594
v -1.316956 1.422281 6.174744
v -0.731567 1.299860 5.603943
v -1.316956 1.422281 6.174744
v -1.426636 1.587671 5.985687
v -0.936401 1.458923 5.481506
v -0.731567 1.299860 5.603943
v -1.426636 1.587671 5.985687
v -1.489563 1.405169 5.890594
v -1.025208 1.267857 5.454041
v -0.936401 1.458923 5.481506
v -11.607480 0.293852 1.633636
v -11.002260 0.469011 0.795563
v -11.419980 0.163666 1.688721
v 2.498047 1.154097 5.891235
v 2.308105 0.564064 6.540894
v 2.092896 0.604319 6.369690
v 2.289856 1.178719 5.710480
v 2.356995 1.383532 5.874603
v 2.144287 0.786133 6.573059
v 1.638916 0.007767 7.078857
v 2.092896 0.604319 6.369690
v 2.144287 0.786133 6.573059
v 1.690308 0.189699 7.282227
v 2.289856 1.178719 5.710480
v 2.750061 1.576721 4.511841
v 2.843689 1.820335 4.610016
v 2.356995 1.383532 5.874603
v 2.308105 0.564064 6.540894
v 1.898376 0.031151 7.184753
v 1.690308 0.189699 7.282227
v 2.144287 0.786133 6.573059
v 0.660828 -0.314396 6.692780
v 1.193542 0.117426 6.402802
v 0.589233 -0.192076 6.891083
v 1.149902 0.338137 6.485931
v 1.337158 0.189566 6.581329
v 0.797058 -0.350763 6.899261
v 0.168030 -0.918421 6.633057
v 0.660828 -0.314396 6.692780
v 0.589233 -0.192076 6.891083
v 0.106201 -0.797012 6.828552
v 0.106201 -0.797012 6.828552
v 0.589233 -0.192076 6.891083
v 0.797058 -0.350763 6.899261
v 0.309021 -0.954510 6.836761
v 1.193542 0.117426 6.402802
v 1.149902 0.338137 6.485931
v 1.149902 0.338137 6.485931
v 1.661865 1.322817 5.298981
v 1.833740 1.189060 5.429596
v 1.337158 0.189566 6.581329
v 4.969543 4.544662 -6.871277
v 1.012878 4.826469 -8.619476
v 4.750122 5.104607 -6.728149
v 5.195007 4.620190 -6.898376
v 4.975769 5.179253 -6.755249
v 0.914673 5.497116 -8.571472
v 1.003479 4.993370 -8.854279
v -0.151794 5.567371 -10.295410
v -0.950867 3.845753 -8.224854
v -0.739746 3.841640 -8.134735
v 0.059631 5.561386 -10.205140
v -0.040955 6.292625 -10.039220
v -1.130615 4.416294 -7.857086
v -0.252564 6.299164 -10.129330
v 0.320984 5.820183 -11.303740
v -0.151794 5.567371 -10.295410
v 0.059631 5.561386 -10.205140
v 0.540833 5.835602 -11.238710
v 0.400330 6.543221 -11.043640
v -0.040955 6.292625 -10.039220
v -0.252564 6.299164 -10.129330
v 0.181763 6.527283 -11.108610
v 0.400330 6.543221 -11.043640
v 0.723816 7.551331 -12.392400
v 0.968445 6.871765 -12.560000
v 0.540833 5.835602 -11.238710
v 0.523560 7.523190 -12.498570
v 0.181763 6.527283 -11.108610
v 0.320984 5.820183 -11.303740
v 0.768433 6.842766 -12.666290
v 0.768433 6.842766 -12.666290
v 0.320984 5.820183 -11.303740
v 0.540833 5.835602 -11.238710
v 0.968445 6.871765 -12.560000
v 0.723816 7.551331 -12.392400
v 0.400330 6.543221 -11.043640
v 0.181763 6.527283 -11.108610
v 0.523560 7.523190 -12.498570
v 6.738525 5.957706 -7.283112
v 6.828918 6.510277 -8.092529
v 6.741028 5.833206 -8.331482
v 6.673828 5.257553 -7.509613
v 6.458801 5.326691 -7.572845
v 5.942505 3.540285 -5.250824
v 6.153137 3.537508 -5.160217
v 6.673828 5.257553 -7.509613
v 6.738525 5.957706 -7.283112
v 5.977905 4.095375 -4.796600
v 5.767151 4.098339 -4.887115
v 6.524048 6.010082 -7.357513
v 6.604797 6.560600 -8.132446
v 6.524048 6.010082 -7.357513
v 6.458801 5.326691 -7.572845
v 6.516785 5.885429 -8.371765
v 6.516785 5.885429 -8.371765
v 6.458801 5.326691 -7.572845
v 6.673828 5.257553 -7.509613
v 6.741028 5.833206 -8.331482
v 6.828918 6.510277 -8.092529
v 6.738525 5.957706 -7.283112
v 6.524048 6.010082 -7.357513
v 6.604797 6.560600 -8.132446
v 1.860901 5.761333 -9.022705
v 1.813782 5.189617 -9.254608
v 5.114685 5.213753 -7.782288
v 4.883301 5.788486 -7.664154
v 2.011414 5.668846 -8.840881
v 1.964172 5.096985 -9.072571
v 1.012878 4.826469 -8.619476
v 1.964172 5.096985 -9.072571
v 1.813782 5.189617 -9.254608
v 1.003479 4.993370 -8.854279
v 0.914673 5.497116 -8.571472
v 1.860901 5.761333 -9.022705
v 2.011414 5.668846 -8.840881
v 0.924194 5.330276 -8.336823
v -1.003479 4.435955 -7.845612
v -0.854370 3.963581 -8.151031
v 4.969543 4.544662 -6.871277
v 4.870117 5.165611 -7.796143
v 4.638611 5.740551 -7.677826
v 4.750122 5.104607 -6.728149
v 5.114685 5.213753 -7.782288
v 4.870117 5.165611 -7.796143
v 4.638611 5.740551 -7.677826
v 4.883301 5.788486 -7.664154
v 5.195007 4.620190 -6.898376
v 5.818115 4.117649 -4.908112
v 4.975769 5.179253 -6.755249
v -3.229431 1.618809 4.345093
v -4.266174 1.564163 3.403809
v -2.565247 1.658115 4.948395
v -4.154968 1.142967 3.095856
v -4.266174 1.564163 3.403809
v -4.567993 1.225437 3.849274
v -4.493103 0.763462 3.594910
v -2.891846 1.488131 3.623413
v -3.138672 1.872776 3.874695
v -3.491028 1.895943 3.461609
v -3.286621 1.514341 3.160614
v -3.286621 1.514341 3.160614
v -3.491028 1.895943 3.461609
v -4.266174 1.564163 3.403809
v -4.154968 1.142967 3.095856
v -3.363525 0.795996 4.678009
v -3.559814 1.255236 4.816040
v -2.974182 1.293753 5.339111
v -2.707581 0.839342 5.263885
v -2.249390 1.247602 4.826233
v -2.565247 1.658115 4.948395
v -2.755859 1.884310 4.245026
v -2.462952 1.501026 4.038300
v -2.462952 1.501026 4.038300
v -2.755859 1.884310 4.245026
v -3.138672 1.872776 3.874695
v -2.891846 1.488131 3.623413
v -4.493103 0.763462 3.594910
v -4.567993 1.225437 3.849274
v -4.368835 0.978367 4.605408
v -4.269958 0.486473 4.441956
v -4.269958 0.486473 4.441956
v -4.368835 0.978367 4.605408
v -3.559814 1.255236 4.816040
v -3.363525 0.795996 4.678009
v -2.707581 0.839342 5.263885
v -2.974182 1.293753 5.339111
v -2.596008 1.476921 5.323364
v -2.283875 1.044586 5.246277
v -2.283875 1.044586 5.246277
v -2.596008 1.476921 5.323364
v -2.565247 1.658115 4.948395
v -2.249390 1.247602 4.826233
v -0.491943 1.501118 5.517090
v -0.057861 1.676361 4.896820
v -0.462219 1.859615 5.533386
v -0.057617 2.023258 4.955200
v 0.786865 1.916874 5.988251
v 1.527588 1.978046 6.094299
v 1.642822 1.628099 6.118896
v 0.848206 1.561995 6.005188
v 1.527588 1.978046 6.094299
v 2.071350 2.199932 5.298492
v 2.226196 1.866089 5.265137
v 1.642822 1.628099 6.118896
v -0.331238 2.035980 4.734802
v -0.462219 1.859615 5.533386
v -0.491943 1.501118 5.517090
v 0.216797 1.779320 6.353088
v 0.786865 1.916874 5.988251
v 0.848206 1.561995 6.005188
v 0.236511 1.415110 6.396545
v -0.592590 1.807608 5.719482
v -0.514038 1.728535 6.167755
v -0.547607 1.360744 6.197662
v -0.631775 1.445282 5.716766
v -0.514038 1.728535 6.167755
v 0.216797 1.779320 6.353088
v 0.236511 1.415110 6.396545
v -0.547607 1.360744 6.197662
v -0.462219 1.859615 5.533386
v -0.592590 1.807608 5.719482
v -0.631775 1.445282 5.716766
v -0.491943 1.501118 5.517090
v -0.685425 2.141840 4.020966
v -0.331238 2.035980 4.734802
v -0.351379 1.689911 4.660370
v 3.378052 1.523489 6.508209
v 3.565857 1.698280 5.764496
v 3.436829 1.904362 6.480438
v 3.593872 2.050066 5.858826
v 4.042664 2.138361 5.363312
v 3.593872 2.050066 5.858826
v 3.565857 1.698280 5.764496
v 4.101990 1.809799 5.171295
v 3.436829 1.904362 6.480438
v 4.079163 1.871336 6.593964
v 4.143433 1.506187 6.642548
v 3.378052 1.523489 6.508209
v 3.255981 2.039610 5.848724
v 3.005371 1.941092 6.210144
v 2.864258 1.550566 6.185913
v 3.163940 1.669125 5.753540
v 3.005371 1.941092 6.210144
v 3.436829 1.904362 6.480438
v 3.378052 1.523489 6.508209
v 2.864258 1.550566 6.185913
v 4.079163 1.871336 6.593964
v 4.514771 1.904171 6.291962
v 4.663330 1.553940 6.280701
v 4.143433 1.506187 6.642548
v -6.622864 1.483496 3.025024
v -7.107910 1.494490 2.755066
v -7.048035 1.248487 2.551544
v -7.897278 1.118286 2.813934
v -7.775940 1.394690 2.949860
v -8.076782 0.994755 3.352081
v -7.906006 1.296198 3.383820
v -7.395996 1.277981 3.702179
v -6.646912 1.437519 3.240479
v -6.622864 1.483496 3.025024
v -6.445923 1.238661 2.867157
v -7.445007 0.976219 3.726349
v -7.395996 1.277981 3.702179
v -6.939392 1.041428 3.623352
v -6.997131 1.327963 3.629395
v -6.650452 1.313309 3.853943
v -6.510193 1.025990 3.887756
v -6.650452 1.313309 3.853943
v -6.482178 1.323536 3.876068
v -6.298889 1.040279 3.909210
v -6.482178 1.323536 3.876068
v -6.408264 1.373291 3.662750
v -6.198059 1.102724 3.644287
v -6.408264 1.373291 3.662750
v -6.646912 1.437519 3.240479
v -6.484009 1.181044 3.133026
v -6.198059 1.102724 3.644287
v -6.510193 1.025990 3.887756
v -7.048035 1.248487 2.551544
v -7.897278 1.118286 2.813934
v -8.076782 0.994755 3.352081
v -7.445007 0.976219 3.726349
v -6.997131 1.327963 3.629395
v -7.906006 1.296198 3.383820
v -7.775940 1.394690 2.949860
v -6.484009 1.181044 3.133026
v -6.445923 1.238661 2.867157
v -6.939392 1.041428 3.623352
v -9.213623 1.521057 2.054474
v -8.775635 1.610817 1.832672
v -8.650574 1.239000 1.877655
v -9.142395 1.139977 2.126343
v -10.229550 1.473501 1.779480
v -9.213623 1.521057 2.054474
v -9.142395 1.139977 2.126343
v -8.775635 1.610817 1.832672
v -8.562866 1.481886 0.813049
v -8.650574 1.239000 1.877655
v -9.168091 1.878334 0.442291
v -9.065613 1.955853 0.159912
v -8.975830 1.624739 0.000305
v -9.090820 1.536957 0.317413
v -9.065613 1.955853 0.159912
v -9.192688 2.049040 -0.293457
v -9.118347 1.729221 -0.508728
v 5.895081 3.443844 -5.129883
v 4.441162 1.619957 -1.519379
v -10.493410 -1.747953 0.117462
v -10.471800 -1.906715 0.121857
v -10.470030 -1.066290 0.147675
v -10.390380 -1.652260 0.164185
v -10.594480 -1.004248 0.096527
v -10.470030 -1.066290 0.147675
v -8.884766 -0.390614 -3.303375
v -7.151367 0.754875 -7.247803
v -5.828857 3.487160 -10.863620
v -9.010437 -0.327215 -3.352478
v -7.274902 0.830158 -7.290985
v -7.126465 -0.056896 -7.469086
v -8.776611 -0.985569 -3.341736
v -8.873108 -1.082397 -3.401184
v -7.151001 0.098196 -7.440430
v -7.053833 0.178656 -7.365417
v -9.764160 0.134644 -3.635742
v -9.731201 -0.045767 -3.647583
v -8.024292 1.070681 -7.544586
v -10.140690 2.186693 -3.496765
v -10.107480 2.005547 -3.509003
v -8.435547 2.998526 -7.049622
v -8.467896 3.160540 -7.001801
v -9.633240 2.634754 -3.192871
v -9.791504 2.609261 -3.270081
v -8.035034 3.474197 -6.656494
v -12.498410 1.166874 1.642120
v -12.379940 1.184010 1.708130
v -11.985470 1.596487 1.941528
v -11.956970 1.381094 1.949127
v 5.885437 -0.148935 8.043793
v 6.585632 -0.029739 8.033691
v 6.850342 -0.601009 7.951202
v 5.853943 -0.781298 8.009552
v 5.964783 -0.685488 8.043457
v 6.697144 -0.550499 7.962524
v 6.881592 -0.749115 7.932251
v 6.850342 -0.601009 7.951202
v 5.885437 -0.148935 8.043793
v 5.964783 -0.685488 8.043457
v 6.697144 -0.550499 7.962524
v 6.585632 -0.029739 8.033691
v 5.693420 0.071930 8.080536
v 5.731384 -0.103659 8.055450
v 7.638000 -0.303625 4.515381
v 5.964783 -0.685488 8.043457
v 5.853943 -0.781298 8.009552
v 8.109192 0.267838 4.838867
v 6.585632 -0.029739 8.033691
v 6.708984 0.058662 8.041626
v 11.554930 3.202629 -3.498596
v 9.954407 0.955929 0.671509
v 10.044800 1.042929 0.754852
v 8.208435 0.344584 4.899933
v 7.539185 -0.392139 4.454468
v 10.210210 0.182615 0.569122
v 8.204712 -0.231709 4.792633
v 10.063960 0.395660 0.547272
v 10.183470 0.331505 0.598206
v 8.329407 -0.287315 4.841064
v 8.776733 0.872707 5.264130
v 10.644170 1.389374 1.113342
v 8.803894 0.733862 5.249268
v 10.607480 1.565481 1.155426
v 8.421936 2.772915 5.412567
v 10.216550 3.297916 1.604126
v 8.456970 2.578812 5.401337
v 10.187260 3.463037 1.636688
v 7.779480 3.069120 5.154022
v 9.723877 3.758507 1.474243
v 7.938110 3.091850 5.231598
v 7.265686 0.632624 8.101013
v 7.415894 0.661030 8.098663
v 6.872986 2.466135 8.349792
v 7.008850 2.489178 8.378387
v 6.338013 2.510635 8.263885
v 6.292175 2.720181 8.293518
v 2.008972 0.049957 4.998688
v 1.783875 0.037741 4.956116
v 1.661987 0.666966 5.029480
v 2.008972 0.049957 4.998688
v 1.917664 0.699246 5.019775
v 2.869263 1.239893 2.421814
v 2.989624 0.588165 2.375214
v -5.276611 0.189335 2.334320
v -5.799805 -0.044605 3.537079
v -5.987793 -0.072260 3.405457
v -6.258057 0.528889 3.614899
v -6.070129 0.556732 3.746490
v -10.622130 -0.799974 0.090607
v -10.594480 -1.004248 0.096527
v -10.390380 -1.652260 0.164185
v -10.493410 -1.747953 0.117462
v -8.873108 -1.082397 -3.401184
v -8.776611 -0.985569 -3.341736
v -11.336790 -0.551977 -0.206482
v -11.312810 -0.730293 -0.200928
v -9.731201 -0.045767 -3.647583
v -9.764160 0.134644 -3.635742
v -12.498410 1.166874 1.642120
v -12.474850 0.989323 1.648346
v -10.107480 2.005547 -3.509003
v -10.140690 2.186693 -3.496765
v -11.985470 1.596487 1.941528
v -12.140010 1.574774 1.855347
v -9.791504 2.609261 -3.270081
v -9.633240 2.634754 -3.192871
v -12.140010 1.574774 1.855347
v -12.113280 1.358505 1.867340
v -9.751221 2.391144 -3.285309
v -9.791504 2.609261 -3.270081
v 5.853943 -0.781298 8.009552
v 5.884033 -0.933964 7.994507
v 6.671326 0.232225 8.066833
v 5.693420 0.071930 8.080536
v 7.380615 0.444376 4.527405
v 8.176758 0.507237 4.916718
v 6.708984 0.058662 8.041626
v 6.671326 0.232225 8.066833
v 5.731384 -0.103659 8.055450
v 5.885437 -0.148935 8.043793
v 7.539490 0.216682 4.560272
v 7.413269 0.274773 4.511078
v 6.850342 -0.601009 7.951202
v 6.697144 -0.550499 7.962524
v 8.204712 -0.231709 4.792633
v 8.329407 -0.287315 4.841064
v 7.448425 0.511839 8.076508
v 7.415894 0.661030 8.098663
v 8.776733 0.872707 5.264130
v 8.803894 0.733862 5.249268
v 7.296265 0.483494 8.082886
v 7.448425 0.511839 8.076508
v 8.803894 0.733862 5.249268
v 7.046692 2.316456 8.353973
v 7.008850 2.489178 8.378387
v 8.421936 2.772915 5.412567
v 8.456970 2.578812 5.401337
v 6.908020 2.292662 8.331360
v 7.046692 2.316456 8.353973
v 8.456970 2.578812 5.401337
v 8.335510 2.559917 5.341949
v 6.469604 2.750305 8.330261
v 6.292175 2.720181 8.293518
v 7.779480 3.069120 5.154022
v 7.938110 3.091850 5.231598
v 6.515442 2.540785 8.300629
v 6.469604 2.750305 8.330261
v 7.938110 3.091850 5.231598
v 7.980469 2.857132 5.217957
v 1.580505 -0.314472 6.215851
v 1.454346 0.272497 6.476898
v 1.666626 0.269159 6.563873
v 1.793213 -0.320210 6.302673
v 1.454346 0.272497 6.476898
v 1.661987 0.666966 5.029480
v 1.917664 0.699246 5.019775
v 1.666626 0.269159 6.563873
v -6.640320 -0.597412 4.483398
v -6.802551 -0.184509 4.516022
v -6.070129 0.556732 3.746490
v -5.799805 -0.044605 3.537079
v -6.921875 -0.331099 4.327148
v -6.258057 0.528889 3.614899
v -6.258057 0.528889 3.614899
v -5.625916 0.833256 2.327637
v -5.407532 0.862120 2.396027
v -6.070129 0.556732 3.746490
v -7.087952 -0.016764 4.549194
v -6.258057 0.528889 3.614899
v -6.070129 0.556732 3.746490
v -6.930298 -0.008635 4.714874
v -6.824280 -0.622437 4.347198
v -6.921875 -0.331099 4.327148
v -6.802551 -0.184509 4.516022
v -6.640320 -0.597412 4.483398
v -6.921875 -0.331099 4.327148
v -7.087952 -0.016764 4.549194
v -6.930298 -0.008635 4.714874
v -6.802551 -0.184509 4.516022
v -5.828857 3.487160 -10.863620
v -5.674622 3.001535 -11.180080
v -5.964783 3.550344 -10.869600
v -5.828857 3.487160 -10.863620
v -5.183350 4.546761 -12.496580
v -5.768860 2.932463 -11.271240
v -5.726746 2.798653 -11.357060
v -6.658325 3.980490 -10.802120
v -6.783997 3.975075 -10.855040
v -7.186829 5.612343 -9.701477
v -7.312500 5.607491 -9.754456
v -5.964783 3.550344 -10.869600
v -5.318481 4.610928 -12.504210
v -5.076904 3.944595 -12.677580
v -5.674622 3.001535 -11.180080
v -5.768860 2.932463 -11.271240
v -5.170044 3.869143 -12.765140
v -6.243286 5.108219 -12.245610
v -6.783997 3.975075 -10.855040
v -6.737549 3.831459 -10.951510
v -6.197510 4.965145 -12.341060
v -6.243286 5.108219 -12.245610
v -6.114075 5.120327 -12.201600
v -6.765198 6.739212 -11.156920
v -7.312500 5.607491 -9.754456
v -7.266235 5.465370 -9.851105
v -6.719421 6.596165 -11.252440
v -6.765198 6.739212 -11.156920
v -6.245422 7.078110 -10.761290
v -6.810181 5.910297 -9.314087
v -6.974121 5.903954 -9.383179
v -6.413940 7.062302 -10.818660
v -5.754028 6.451286 -13.434970
v -6.217529 8.140594 -12.549040
v -6.175293 7.990200 -12.635470
v -5.683289 8.535599 -12.228940
v -6.245422 7.078110 -10.761290
v -6.413940 7.062302 -10.818660
v -5.857422 8.508141 -12.271910
v -5.711853 6.300888 -13.521360
v -5.578369 6.322117 -13.488340
v -5.620544 6.472336 -13.402040
v -5.754028 6.451286 -13.434970
v -5.805969 8.325718 -12.376650
v -5.632080 8.353142 -12.333770
v -5.683289 8.535599 -12.228940
v -5.857422 8.508141 -12.271910
v 11.554930 3.202629 -3.498596
v 11.711980 2.702820 -3.817261
v 11.648500 3.274580 -3.406891
v 12.150450 4.692215 -5.090088
v 11.554930 3.202629 -3.498596
v 10.831300 3.252369 -3.750092
v 11.126650 2.685970 -4.063446
v 10.969240 3.186922 -3.744537
v 11.030640 2.617945 -4.154633
v 11.732120 4.227837 -5.689728
v 11.126650 2.685970 -4.063446
v 11.847900 2.639851 -3.811523
v 11.889890 2.506498 -3.897491
v 12.045840 3.776653 -2.871460
v 12.170780 3.783485 -2.817627
v 11.538450 5.381950 -1.802612
v 11.663760 5.387482 -1.749176
v 10.831300 3.252369 -3.750092
v 10.969240 3.186922 -3.744537
v 11.578980 4.695374 -5.369171
v 11.444760 4.759048 -5.381470
v 11.030640 2.617945 -4.154633
v 11.639160 4.165432 -5.788422
v 13.584660 6.598869 -6.442413
v 13.218260 5.869175 -5.514069
v 13.025570 8.108402 -5.254791
v 12.283140 6.638924 -3.374603
v 12.236760 6.780670 -3.277435
v 12.975710 8.243389 -5.148956
v 12.446410 8.489117 -5.117004
v 11.725460 7.062092 -3.291138
v 11.565190 7.062973 -3.369446
v 12.281860 8.481468 -5.184418
v 12.710390 4.987030 -6.437164
v 12.242190 4.754642 -4.991943
v 12.645140 5.509247 -6.008667
v 12.549990 5.440113 -6.098175
v 12.150450 4.692215 -5.090088
v 11.639160 4.165432 -5.788422
v 12.116700 4.946121 -6.659943
v 11.732120 4.227837 -5.689728
v 12.848820 4.933990 -6.439117
v 13.169250 6.005596 -5.410278
v 12.113830 6.781345 -3.337463
v 12.849550 8.237534 -5.200592
v 12.975710 8.243389 -5.148956
v 12.236760 6.780670 -3.277435
v 12.020320 4.876911 -6.749939
v 12.242190 4.754642 -4.991943
v 11.648500 3.274580 -3.406891
v 11.593260 3.450508 -3.295532
v 12.188960 4.917118 -4.880585
v 12.436580 4.161053 -5.398956
v 11.847900 2.639851 -3.811523
v 11.711980 2.702820 -3.817261
v 12.303590 4.224693 -5.410645
v 12.812440 5.022942 -4.482574
v 12.219120 3.629478 -2.914886
v 12.170780 3.783485 -2.817627
v 12.765990 5.164692 -4.385406
v 12.160220 6.639832 -3.434479
v 11.708980 5.244171 -1.843597
v 11.663760 5.387482 -1.749176
v 11.725460 7.062092 -3.291138
v 11.144710 5.657082 -1.744202
v 10.980470 5.652550 -1.813232
v 11.565190 7.062973 -3.369446
v 13.277280 8.884010 -5.916504
v 13.224730 9.013519 -5.803680
v 12.671940 9.212933 -5.712463
v 12.446410 8.489117 -5.117004
v 12.281860 8.481468 -5.184418
v 12.500490 9.191681 -5.762421
v 13.534790 6.733841 -6.336548
v 12.848820 4.933990 -6.439117
v 12.436580 4.161053 -5.398956
v 12.303590 4.224693 -5.410645
v 12.710390 4.987030 -6.437164
v 12.964970 5.597378 -7.091187
v 12.645140 5.509247 -6.008667
v 12.951780 6.208500 -6.793304
v 12.851560 6.131561 -6.870087
v 12.549990 5.440113 -6.098175
v 12.020320 4.876911 -6.749939
v 12.377560 5.572479 -7.330261
v 12.116700 4.946121 -6.659943
v 13.095760 5.530235 -7.073944
v 11.956300 5.399204 -6.320892
v 12.264160 6.106674 -7.109161
v 12.132080 6.173759 -7.126862
v 12.276120 5.495506 -7.407593
v 12.892460 4.810787 -6.531342
v 13.126650 5.384968 -7.134094
v 12.306950 5.350227 -7.467712
v 12.063900 4.753681 -6.842102
v 12.851560 6.131561 -6.870087
v 12.912290 6.394123 -6.716461
v 12.092650 6.359406 -7.050049
v 12.264160 6.106674 -7.109161
v 12.951780 6.208500 -6.793304
v 13.126650 5.384968 -7.134094
v 13.095760 5.530235 -7.073944
v 12.964970 5.597378 -7.091187
v 12.132080 6.173759 -7.126862
v 12.377560 5.572479 -7.330261
v 12.276120 5.495506 -7.407593
v 12.306950 5.350227 -7.467712
v 13.534790 6.733841 -6.336548
v 13.408570 6.727978 -6.388184
v 13.458370 6.593128 -6.493958
v 13.584660 6.598869 -6.442413
v 13.224730 9.013519 -5.803680
v 13.093260 8.997238 -5.841980
v 13.145810 8.867813 -5.954742
v 13.277280 8.884010 -5.916504
v 12.671940 9.212933 -5.712463
v 12.500490 9.191681 -5.762421
v 12.564330 9.034561 -5.899292
v 12.735660 9.055786 -5.849365
v -8.884766 -0.390614 -3.303375
v -8.776611 -0.985569 -3.341736
v -7.274902 0.830158 -7.290985
v -9.010437 -0.327215 -3.352478
v -8.884766 -0.390614 -3.303375
v -7.151367 0.754875 -7.247803
v -5.964783 3.550344 -10.869600
v -6.018127 3.716282 -10.759250
v -7.151001 0.098196 -7.440430
v -5.768860 2.932463 -11.271240
v -5.674622 3.001535 -11.180080
v -7.053833 0.178656 -7.365417
v -7.904358 1.075676 -7.479156
v -6.612061 3.837305 -10.898380
v -6.737549 3.831459 -10.951510
v -8.024292 1.070681 -7.544586
v -6.737549 3.831459 -10.951510
v -6.783997 3.975075 -10.855040
v -7.266235 5.465370 -9.851105
v -7.312500 5.607491 -9.754456
v -8.347656 3.163671 -6.937225
v -10.019350 2.206697 -3.437653
v -10.140690 2.186693 -3.496765
v -8.467896 3.160540 -7.001801
v -7.994751 3.271526 -6.714081
v -6.974121 5.903954 -9.383179
v -8.035034 3.474197 -6.656494
v -8.035034 3.474197 -6.656494
v -6.810181 5.910297 -9.314087
v -7.878906 3.485607 -6.573547
v -7.838989 3.283745 -6.631073
v -9.592896 2.416323 -3.208038
v -9.633240 2.634754 -3.192871
v -7.878906 3.485607 -6.573547
v 8.204712 -0.231709 4.792633
v 8.109192 0.267838 4.838867
v 9.954407 0.955929 0.671509
v 8.109192 0.267838 4.838867
v 8.208435 0.344584 4.899933
v 10.044800 1.042929 0.754852
v 11.593260 3.450508 -3.295532
v 11.648500 3.274580 -3.406891
v 10.063960 0.395660 0.547272
v 11.711980 2.702820 -3.817261
v 11.847900 2.639851 -3.811523
v 10.183470 0.331505 0.598206
v 12.170780 3.783485 -2.817627
v 12.219120 3.629478 -2.914886
v 10.607480 1.565481 1.155426
v 8.776733 0.872707 5.264130
v 8.655396 0.853380 5.204773
v 10.494020 1.549845 1.080750
v 10.216550 3.297916 1.604126
v 11.708980 5.244171 -1.843597
v 11.583620 5.238785 -1.896881
v 11.663760 5.387482 -1.749176
v 11.708980 5.244171 -1.843597
v 10.187260 3.463037 1.636688
v 8.421936 2.772915 5.412567
v 8.300537 2.754004 5.353149
v 10.068910 3.453285 1.569824
v 11.200130 5.480152 -1.859711
v 9.569092 3.747480 1.387482
v 11.144710 5.657082 -1.744202
v 9.723877 3.758507 1.474243
vt 0.001687 0.875935
vt 0.712002 0.875935
vt 0.001687 0.907454
vt 0.712002 0.907454
vt 0.002639 0.875935
vt 0.002639 0.907454
vt 0.348939 0.875935
vt 0.348939 0.907454
vt 0.348939 0.875935
vt 0.348939 0.907454
vt 0.001687 0.950976
vt 0.722447 0.950976
vt 0.001687 0.967449
vt 0.722447 0.967449
vt 0.369504 0.950976
vt 0.369504 0.967449
vt 0.541937 0.950976
vt 0.541937 0.967449
vt 0.180933 0.950976
vt 0.180933 0.967449
vt 1.000000 0.671593
vt 0.529027 0.684889
vt 0.156825 0.400064
vt 0.828628 0.671306
vt 1.118107 0.136511
vt 0.674308 0.994990
vt 0.274231 0.978737
vt 1.507249 0.136512
vt 1.324637 0.136512
vt 1.120708 0.421405
vt 1.327127 0.421405
vt 0.004958 0.975086
vt 0.004958 0.952028
vt 0.107845 0.868205
vt 2.680398 0.000000
vt 0.273865 0.759378
vt 0.387556 0.687668
vt 0.290627 0.746947
vt 0.273865 0.750816
vt 0.107845 0.830522
vt 0.527083 0.861736
vt 0.058031 0.064321
vt 0.077978 0.701708
vt 0.159080 0.777261
vt 0.149998 0.682549
vt 0.501093 0.898552
vt 2.881660 0.012494
vt 0.008711 0.725894
vt 0.273865 0.777191
vt 0.361122 0.724018
vt 0.513073 0.683087
vt 0.513073 0.760599
vt 0.255563 0.681268
vt 0.011026 0.746947
vt 0.455294 0.761178
vt 0.208117 0.880077
vt 0.457567 0.810264
vt 0.392860 0.833564
vt 0.392288 0.808436
vt 1.119288 0.035411
vt 0.058360 0.067731
vt 1.229003 0.002910
vt 1.507250 0.000000
vt 1.425528 0.031168
vt 1.325641 0.487651
vt 1.413010 0.540983
vt 1.372171 0.495445
vt 0.409192 0.975569
vt 1.207673 0.522972
vt 0.057439 0.067748
vt 0.095492 0.975086
vt 0.097470 0.952028
vt 2.329569 0.000000
vt 0.432248 0.994990
vt 0.212746 0.978737
vt 0.058096 0.064364
vt 0.360081 0.969415
vt 0.536145 0.757614
vt 0.419264 0.969415
vt 0.972849 0.625242
vt 0.538418 0.969415
vt 0.601919 0.969415
vt 0.967634 0.657381
vt 0.064598 0.874592
vt 0.471598 0.825841
vt 0.443123 0.785432
vt 0.444995 0.739281
vt 0.864258 0.671306
vt 0.096296 0.761311
vt 0.419425 0.969415
vt 0.163328 0.724187
vt 0.869585 0.645483
vt 0.864770 0.624640
vt 0.111139 0.969415
vt 0.058036 0.970946
vt 0.052627 0.994990
vt 0.503162 0.834718
vt 2.689260 0.061775
vt 0.462461 0.861336
vt 0.362095 0.880077
vt 0.294840 0.759480
vt 0.177310 0.746947
vt 0.171216 0.681263
vt 0.171216 0.701708
vt 0.388793 0.683087
vt 0.468236 0.834342
vt 0.166325 0.978737
vt 0.164284 0.952475
vt 0.263042 0.970946
vt 0.541093 0.687668
vt 0.212291 0.759378
vt 0.198623 0.830522
vt 0.200592 0.699453
vt 0.134588 0.746947
vt 0.205034 0.777187
vt 0.588928 0.837838
vt 0.058015 0.067740
vt 0.118084 0.978737
vt 0.166480 0.978737
vt 0.688919 0.689497
vt 0.146564 0.707992
vt 0.175342 0.879754
vt 0.140798 0.699434
vt 0.539933 0.976682
vt 0.546786 0.993463
vt 0.059146 0.081572
vt 0.059144 0.081560
vt 0.695867 0.759199
vt 0.497856 0.761800
vt 2.127459 0.116967
vt 0.174876 0.898228
vt 0.703837 0.839142
vt 0.008711 0.769221
vt 0.196226 0.978737
vt 0.446637 0.760599
vt 0.447300 0.683087
vt 0.074766 0.722885
vt 0.221790 0.681266
vt 0.077987 0.746947
vt 0.395704 0.758110
vt 0.265017 0.880077
vt 0.409665 0.807457
vt 0.415513 0.833732
vt 0.359514 0.838891
vt 0.649524 0.837755
vt 0.563619 0.838748
vt 0.433337 0.838636
vt 0.191795 0.978737
vt 0.417357 0.808813
vt 0.483217 0.825056
vt 0.360754 0.994990
vt 0.368958 0.970946
vt 0.130099 0.724052
vt 0.111811 0.965612
vt 0.116419 0.966535
vt 0.450936 0.834156
vt 0.519804 0.839255
vt 0.081813 0.504506
vt 0.081823 0.504520
vt 0.081830 0.504508
vt 0.081842 0.504522
vt 0.664612 0.694038
vt 0.667891 0.741351
vt 0.279171 0.841955
vt 0.703364 0.784204
vt 0.279245 0.863419
vt 0.715233 0.764186
vt 0.715233 0.784204
vt 0.674063 0.830377
vt 0.703364 0.836101
vt 0.670785 0.783064
vt 0.499113 0.802575
vt 0.588349 0.755206
vt 0.621765 0.775431
vt 0.576480 0.775289
vt 0.576480 0.755156
vt 0.621388 0.686571
vt 0.588349 0.706588
vt 0.576480 0.706550
vt 0.576480 0.686430
vt 0.058770 0.067777
vt 0.058688 0.067766
vt 0.058612 0.067780
vt 0.058515 0.067795
vt 0.058341 0.067782
vt 0.058220 0.067766
vt 0.058023 0.067790
vt 0.057833 0.067769
vt 0.057762 0.067743
vt 0.057675 0.067741
vt 0.057604 0.067755
vt 0.057511 0.067762
vt 0.057463 0.067783
vt 0.057402 0.067796
vt 0.057335 0.067778
vt 0.551996 0.794648
vt 0.057918 0.067779
vt 0.199823 0.822925
vt 0.066199 0.311346
vt 0.066206 0.311331
vt 0.066286 0.311336
vt 0.066282 0.311350
vt 0.361446 0.992966
vt 0.060594 0.081837
vt 0.361446 0.975086
vt 1.323678 0.696093
vt 0.361446 0.992966
vt 1.325946 0.429805
vt 0.361446 0.952028
vt 0.361446 0.975086
vt 0.363866 0.824726
vt 0.059586 0.081464
vt 0.361516 0.681278
vt 0.719043 0.865000
vt 0.368060 0.883925
vt 0.363866 0.864678
vt 0.359097 0.686465
vt 2.057493 0.481945
vt 0.361516 0.701707
vt 0.361516 0.681278
vt 0.008883 0.746947
vt 0.719043 0.865000
vt 0.368060 0.883925
vt 0.363866 0.864678
vt 0.541022 0.681277
vt 0.268577 0.780189
vt 0.268577 0.865000
vt 0.534367 0.707290
vt 0.534367 0.686465
vt 0.184774 0.864678
vt 0.059693 0.081439
vt 0.534500 0.952028
vt 0.534500 0.952028
vt 0.179642 0.681268
vt 0.367435 0.746947
vt 0.376428 0.865000
vt 0.184034 0.883925
vt 0.545320 0.824726
vt 0.545320 0.864580
vt 0.060534 0.081971
vt 0.060513 0.081989
vt 0.182064 0.681268
vt 0.380991 0.865000
vt 0.186485 0.883925
vt 0.542904 0.824726
vt 0.542904 0.864582
vt 0.059458 0.081494
vt 0.187502 0.952028
vt 0.187502 0.952028
vt 0.187502 0.975086
vt 0.187502 0.992966
vt 1.324335 0.411094
vt 1.509902 0.411095
vt 1.326380 0.149371
vt 1.117256 0.149371
vt 0.187502 0.975086
vt 0.534500 0.975086
vt 0.534500 0.992966
vt 0.534500 0.992966
vt 0.534500 0.975086
vt 1.166185 0.708805
vt 1.150411 0.760072
vt 1.265402 0.664970
vt 1.249460 0.564723
vt 0.051923 0.075511
vt 0.051982 0.075514
vt 1.276590 0.686526
vt 1.325946 0.686793
vt 1.307655 0.678692
vt 1.356437 0.668384
vt 1.383536 0.634546
vt 0.051567 0.075519
vt 0.051531 0.075521
vt 1.479698 0.979633
vt 1.493970 0.925383
vt 1.423492 0.979633
vt 1.323678 0.903345
vt 1.461713 1.000000
vt 0.051167 0.075530
vt 0.051147 0.075526
vt 0.395091 0.992966
vt 1.245388 0.857962
vt 1.225132 0.773695
vt 0.050830 0.075507
vt 0.051782 0.075609
vt 0.051907 0.075592
vt 0.051888 0.075606
vt 0.051858 0.075609
vt 0.051817 0.075608
vt 0.051437 0.075603
vt 0.051736 0.075608
vt 0.051553 0.075604
vt 0.051504 0.075607
vt 0.051091 0.075607
vt 0.051179 0.075614
vt 0.051142 0.075608
vt 0.093059 0.818301
vt 0.051025 0.075604
vt 0.050882 0.075585
vt 0.050814 0.075588
vt 0.050752 0.075589
vt 0.059718 0.081433
vt 0.104740 0.864678
vt 2.084089 0.118276
vt 0.599062 0.686465
vt 0.118238 0.837172
vt 0.595265 0.707290
vt 0.359012 0.865000
vt 0.339259 0.780189
vt 0.333898 0.805766
vt 0.590324 0.681277
vt 0.580925 0.693958
vt 2.117382 0.278250
vt 0.060662 0.081722
vt 0.216489 0.824726
vt 0.212634 0.835990
vt 0.491694 0.707290
vt 0.143112 0.901439
vt 0.191866 0.780189
vt 0.177792 0.807239
vt 0.461100 0.724018
vt 0.496668 0.701707
vt 0.247102 0.781932
vt 0.485570 0.734750
vt 0.243519 0.818301
vt 0.240964 0.805559
vt 0.393066 0.975086
vt 0.389939 0.952028
vt 0.060621 0.081801
vt 0.064768 0.311293
vt 0.221879 0.917196
vt 0.054905 0.081391
vt 0.662224 0.710627
vt 0.657717 0.759152
vt 0.055475 0.081408
vt 0.279182 0.992966
vt 1.325946 0.311529
vt 1.505560 0.260930
vt 1.212856 0.292665
vt 1.263908 0.325243
vt 1.365556 0.303384
vt 1.437515 0.247202
vt 1.512556 0.464115
vt 1.323678 0.523055
vt 0.241793 0.992966
vt 0.237957 0.975086
vt 1.456172 0.446815
vt 1.383958 0.508576
vt 1.274619 0.534839
vt 1.211082 0.495724
vt 0.277852 0.975086
vt 1.402175 0.086142
vt 1.402134 0.086158
vt 1.211082 0.495724
vt 1.109277 0.500047
vt 1.456172 0.446815
vt 1.402226 0.086117
vt 1.402536 0.086047
vt 1.365556 0.303384
vt 1.437515 0.247202
vt 1.212856 0.292665
vt 1.263908 0.325243
vt 1.447403 0.411095
vt 1.437283 0.136512
vt 1.430154 0.149371
vt 1.401463 0.421405
vt 0.239725 0.459044
vt 0.323137 0.000000
vt 0.324055 0.000000
vt 0.323137 0.044897
vt 0.324055 0.013060
vt 0.322451 0.037932
vt 0.321534 0.013060
vt 0.322451 0.000000
vt 0.321534 0.000000
vt 0.323137 0.000000
vt 0.324055 0.000000
vt 0.323137 0.044897
vt 0.324055 0.013060
vt 0.322451 0.037932
vt 0.321534 0.013060
vt 0.321534 0.000000
vt 0.323137 0.000000
vt 0.323137 0.044897
vt 0.324055 0.013060
vt 0.339895 0.789540
vt 0.644492 0.681750
vt 0.644536 0.682915
vt 0.644514 0.732187
vt 0.644468 0.732188
vt 0.645288 0.682905
vt 0.645299 0.732178
vt 0.644489 0.682925
vt 0.644533 0.682924
vt 0.644465 0.732196
vt 0.644511 0.732196
vt 0.645246 0.681999
vt 0.645290 0.684247
vt 0.645256 0.732187
vt 0.645302 0.732187
vt 0.457767 0.752438
vt 0.451929 0.785892
vt 0.453222 0.771711
vt 0.311143 0.685593
vt 0.339895 0.685593
vt 0.311143 0.789540
vt 0.644492 0.681750
vt 0.132392 0.676372
vt 0.132393 0.770151
vt 0.644468 0.732188
vt 0.022322 0.785892
vt 0.002234 0.785892
vt 0.022322 0.771711
vt 0.002234 0.771711
vt 0.475978 0.676372
vt 0.475978 0.770151
vt 0.370290 0.785892
vt 0.349913 0.785892
vt 0.370290 0.771711
vt 0.349913 0.771711
vt 0.644489 0.682925
vt 0.644533 0.682924
vt 0.644465 0.732196
vt 0.644511 0.732196
vt 0.002234 0.792348
vt 0.022322 0.792348
vt 0.645246 0.681999
vt 0.645290 0.684247
vt 0.645256 0.732187
vt 0.645302 0.732187
vt 0.349913 0.792348
vt 0.299184 0.812634
vt 0.002234 0.765255
vt 0.022322 0.765255
vt 0.349913 0.765255
vt 0.370290 0.765255
vt 0.351854 0.812634
vt 0.644536 0.682915
vt 0.644514 0.732187
vt 0.645244 0.682906
vt 0.645288 0.682905
vt 0.645299 0.732178
vt 0.645254 0.732179
vt 0.644533 0.682924
vt 0.644511 0.732196
vt 0.645246 0.681999
vt 0.645290 0.684247
vt 0.645256 0.732187
vt 0.645302 0.732187
vt 0.132392 0.676372
vt 0.132393 0.770151
vt 0.022322 0.785892
vt 0.022322 0.771711
vt 0.475978 0.676372
vt 0.132392 0.676372
vt 0.132393 0.770151
vt 0.475978 0.770151
vt 0.370290 0.785892
vt 0.349913 0.785892
vt 0.370290 0.771711
vt 0.349913 0.771711
vt 0.644533 0.682924
vt 0.022322 0.805165
vt 0.022322 0.792348
vt 0.645246 0.681999
vt 0.645290 0.684247
vt 0.645256 0.732187
vt 0.645302 0.732187
vt 0.349913 0.792348
vt 0.370290 0.792348
vt 0.022322 0.765255
vt 0.349913 0.765255
vt 0.370290 0.765255
vt 0.323137 0.000000
vt 0.324055 0.000000
vt 0.323137 0.044897
vt 0.324055 0.013060
vt 0.322451 0.037932
vt 0.321534 0.013060
vt 0.322451 0.000000
vt 0.321534 0.000000
vt 0.323137 0.000000
vt 0.324055 0.000000
vt 0.323137 0.044897
vt 0.324055 0.013060
vt 0.322451 0.037932
vt 0.321534 0.013060
vt 0.322451 0.000000
vt 0.321534 0.000000
vt 0.323137 0.000000
vt 0.323137 0.044897
vt 0.324055 0.013060
vt 0.339895 0.789540
vt 0.644492 0.681750
vt 0.644536 0.682915
vt 0.644514 0.732187
vt 0.644468 0.732188
vt 0.645244 0.682906
vt 0.645288 0.682905
vt 0.645299 0.732178
vt 0.645254 0.732179
vt 0.644489 0.682925
vt 0.644533 0.682924
vt 0.644465 0.732196
vt 0.644511 0.732196
vt 0.645246 0.681999
vt 0.645290 0.684247
vt 0.645256 0.732187
vt 0.645302 0.732187
vt 0.645597 0.732183
vt 0.512546 0.785892
vt 0.517164 0.771711
vt 0.228804 0.676372
vt 0.376647 0.676372
vt 0.311143 0.789540
vt 0.644492 0.681750
vt 0.644536 0.682915
vt 0.644514 0.732187
vt 0.644468 0.732188
vt 0.022322 0.785892
vt 0.002234 0.785892
vt 0.022322 0.771711
vt 0.002234 0.771711
vt 0.475978 0.676372
vt 0.645288 0.682905
vt 0.645299 0.732178
vt 0.475978 0.770151
vt 0.370290 0.785892
vt 0.349913 0.785892
vt 0.370290 0.771711
vt 0.349913 0.771711
vt 0.644489 0.682925
vt 0.644533 0.682924
vt 0.644465 0.732196
vt 0.644511 0.732196
vt 0.002234 0.792348
vt 0.022322 0.792348
vt 0.645246 0.681999
vt 0.645290 0.684247
vt 0.645256 0.732187
vt 0.645302 0.732187
vt 0.349913 0.792348
vt 0.370290 0.792348
vt 0.512586 0.805165
vt 0.299184 0.812634
vt 0.002234 0.765255
vt 0.022322 0.765255
vt 0.349913 0.765255
vt 0.370290 0.765255
vt 0.351854 0.812634
vt 0.644536 0.682915
vt 0.644514 0.732187
vt 0.645244 0.682906
vt 0.645288 0.682905
vt 0.645299 0.732178
vt 0.645254 0.732179
vt 0.644533 0.682924
vt 0.645246 0.681999
vt 0.645290 0.684247
vt 0.645256 0.732187
vt 0.645302 0.732187
vt 0.132392 0.676372
vt 0.132393 0.770151
vt 0.022322 0.785892
vt 0.022322 0.771711
vt 0.475978 0.676372
vt 0.132392 0.676372
vt 0.132393 0.770151
vt 0.475978 0.770151
vt 0.370290 0.785892
vt 0.349913 0.785892
vt 0.370290 0.771711
vt 0.349913 0.771711
vt 0.022322 0.805165
vt 0.022322 0.792348
vt 0.645246 0.681999
vt 0.645290 0.684247
vt 0.645256 0.732187
vt 0.645302 0.732187
vt 0.349913 0.792348
vt 0.370290 0.792348
vt 0.022322 0.765255
vt 0.349913 0.765255
vt 0.370290 0.765255
vt 0.722447 0.951789
vt 0.541937 0.951789
vt 0.099387 0.477793
vt 0.099860 0.445657
vt 0.101849 0.459044
vt 0.028145 0.509130
vt 0.065901 0.509954
vt 0.050173 0.511203
vt 0.028145 0.564404
vt 0.065901 0.563845
vt 0.050173 0.561112
vt 0.043873 0.561671
vt 0.169574 0.445657
vt 0.163898 0.459044
vt 0.645088 0.732181
vt 0.645092 0.732189
vt 0.383274 0.676372
vt 0.395049 0.770151
vt 0.271260 0.805165
vt 0.273754 0.792348
vt 0.280089 0.771711
vt 0.276502 0.785892
vt 0.280325 0.765255
vt 0.221332 0.676372
vt 0.387159 0.770151
vt 0.453733 0.792348
vt 0.645468 0.732176
vt 0.456760 0.771711
vt 0.461569 0.752438
vt 0.456114 0.805165
vt 0.459197 0.765255
vt 0.453774 0.785892
vt 0.311143 0.743942
vt 0.248430 0.700698
vt 0.339895 0.745028
vt 0.349331 0.715332
vt 0.429678 0.676372
vt 0.181294 0.676372
vt 0.311143 0.745073
vt 0.339895 0.743077
vt 0.431062 0.785235
vt 0.370290 0.785892
vt 0.370290 0.771711
vt 0.464051 0.686502
vt 0.436742 0.686502
vt 0.469731 0.785235
vt 0.469731 0.807432
vt 0.431062 0.807780
vt 0.431062 0.785235
vt 0.370290 0.785892
vt 0.370290 0.771711
vt 0.464051 0.686502
vt 0.436742 0.686502
vt 0.469731 0.785235
vt 0.475411 0.807171
vt 0.425383 0.807171
vt 0.644536 0.682915
vt 0.644514 0.732187
vt 0.645254 0.732179
vt 0.644533 0.682924
vt 0.644511 0.732196
vt 0.645246 0.681999
vt 0.645256 0.732187
vt 0.022322 0.785892
vt 0.022322 0.771711
vt 0.475978 0.770151
vt 0.349913 0.785892
vt 0.349913 0.771711
vt 0.644533 0.682924
vt 0.644511 0.732196
vt 0.022322 0.792348
vt 0.645246 0.681999
vt 0.645256 0.732187
vt 0.349913 0.792348
vt 0.022322 0.765255
vt 0.349913 0.765255
vt 0.644536 0.682915
vt 0.644514 0.732187
vt 0.645254 0.732179
vt 0.644533 0.682924
vt 0.644511 0.732196
vt 0.645246 0.681999
vt 0.645256 0.732187
vt 0.644514 0.732187
vt 0.022322 0.785892
vt 0.022322 0.771711
vt 0.475978 0.770151
vt 0.349913 0.785892
vt 0.349913 0.771711
vt 0.644533 0.682924
vt 0.644511 0.732196
vt 0.022322 0.792348
vt 0.645246 0.681999
vt 0.645256 0.732187
vt 0.349913 0.792348
vt 0.022322 0.765255
vt 0.349913 0.765255
vt 0.644838 0.732184
vt 0.644837 0.732192
vt 0.280565 0.676372
vt 0.282577 0.770151
vt 0.165453 0.805165
vt 0.165880 0.792348
vt 0.166305 0.771711
vt 0.166156 0.785892
vt 0.166151 0.765255
vt 0.327649 0.676372
vt 0.644860 0.732183
vt 0.644859 0.732192
vt 0.291282 0.676372
vt 0.293294 0.770151
vt 0.175795 0.805165
vt 0.176221 0.792348
vt 0.176226 0.771711
vt 0.176374 0.785892
vt 0.175948 0.765255
vt 0.317243 0.676372
vt 0.044104 0.035388
vt 0.045159 0.035517
vt 0.044277 0.035623
vt 0.044029 0.059032
vt 0.045116 0.036009
vt 0.044069 0.035869
vt 0.044029 0.059032
vt 0.044104 0.058016
vt 0.045159 0.058144
vt 0.044277 0.058251
vt 0.045116 0.036009
vt 0.044069 0.035869
vt 0.044029 0.059032
vt 0.044196 0.059309
vt 0.044104 0.058016
vt 0.045159 0.058144
vt 0.044277 0.058251
vt 0.045116 0.036009
vt 0.044069 0.035869
vt 0.044238 0.036124
vt 0.045113 0.058670
vt 0.044052 0.058717
vt 0.045096 0.058862
vt 0.323137 0.000000
vt 0.323137 0.044897
vt 0.324055 0.013060
vt 0.323137 0.000000
vt 0.323137 0.044897
vt 0.324055 0.013060
vt 0.323137 0.000000
vt 0.324055 0.000000
vt 0.324055 0.013060
vt 0.322451 0.037932
vt 0.321534 0.013060
vt 0.321534 0.000000
vt 0.044196 0.059309
vt 0.044104 0.035388
vt 0.045159 0.035517
vt 0.044277 0.035623
vt 0.045113 0.058670
vt 0.044066 0.058530
vt 0.044236 0.058786
vt 0.044052 0.058717
vt 0.045096 0.058862
vt 0.044221 0.058981
vt 0.044211 0.059118
vt 0.044104 0.035388
vt 0.045159 0.035517
vt 0.044277 0.035623
vt 0.045113 0.058670
vt 0.044066 0.058530
vt 0.044236 0.058786
vt 0.044052 0.058717
vt 0.045096 0.058862
vt 0.044221 0.058981
vt 0.044104 0.035388
vt 0.045159 0.035517
vt 0.044277 0.035623
vt 0.044236 0.058786
vt 0.044029 0.059032
vt 0.044196 0.059309
vt 0.044104 0.058016
vt 0.045159 0.058144
vt 0.044277 0.058251
vt 0.045116 0.036009
vt 0.044069 0.035869
vt 0.044238 0.036124
vt 0.044029 0.059032
vt 0.045116 0.036009
vt 0.044069 0.035869
vt 0.044238 0.036124
vt 0.044029 0.059032
vt 0.044104 0.035388
vt 0.045159 0.035517
vt 0.044277 0.035623
vt 0.045113 0.058670
vt 0.044066 0.058530
vt 0.044236 0.058786
vt 0.044104 0.035388
vt 0.045159 0.035517
vt 0.044277 0.035623
vt 0.045113 0.058670
vt 0.044066 0.058530
vt 0.044236 0.058786
vt 0.044052 0.058717
vt 0.045096 0.058862
vt 0.044221 0.058981
vt 0.044104 0.058016
vt 0.045159 0.058144
vt 0.044277 0.058251
vt 0.044237 0.058773
vt 0.045114 0.058657
vt 0.044067 0.058517
vt 0.044257 0.058504
vt 0.045137 0.058393
vt 0.044086 0.058260
vt 0.045089 0.058940
vt 0.044047 0.058794
vt 0.044029 0.059032
vt 0.045068 0.059183
vt 0.044196 0.059309
vt 0.044104 0.058016
vt 0.045159 0.058144
vt 0.044277 0.058251
vt 0.045116 0.036009
vt 0.044069 0.035869
vt 0.044238 0.036124
vt 0.044029 0.059032
vt 0.045068 0.059183
vt 0.044104 0.058016
vt 0.045159 0.058144
vt 0.044277 0.058251
vt 0.045116 0.036009
vt 0.044069 0.035869
vt 0.044238 0.036124
vt 0.044029 0.059032
vt 0.045068 0.059183
vt 0.044196 0.059309
vt 0.044104 0.058016
vt 0.045159 0.058144
vt 0.044277 0.058251
vt 0.045116 0.036009
vt 0.044069 0.035869
vt 0.044238 0.036124
vt 0.044029 0.059032
vt 0.045068 0.059183
vt 0.044196 0.059309
vt 0.044104 0.035388
vt 0.045159 0.035517
vt 0.044277 0.035623
vt 0.045113 0.058670
vt 0.044066 0.058530
vt 0.044236 0.058786
vt 0.044029 0.059032
vt 0.045068 0.059183
vt 0.044196 0.059309
vt 0.044104 0.035388
vt 0.045159 0.035517
vt 0.044277 0.035623
vt 0.045113 0.058670
vt 0.044066 0.058530
vt 0.044236 0.058786
vt 0.044029 0.059032
vt 0.045068 0.059183
vt 0.044196 0.059309
vt 0.044104 0.058016
vt 0.045159 0.058144
vt 0.044277 0.058251
vt 0.044237 0.058773
vt 0.045114 0.058657
vt 0.044067 0.058517
vt 0.044257 0.058504
vt 0.045137 0.058393
vt 0.044086 0.058260
vt 0.044104 0.058016
vt 0.045159 0.058144
vt 0.044277 0.058251
vt 0.044029 0.059032
vt 0.045068 0.059183
vt 0.044196 0.059309
vt 0.045116 0.036009
vt 0.044069 0.035869
vt 0.044238 0.036124
vt 0.044029 0.059032
vt 0.045068 0.059183
vt 0.044196 0.059309
vt 0.044104 0.058016
vt 0.045159 0.058144
vt 0.044277 0.058251
vt 0.045116 0.036009
vt 0.044069 0.035869
vt 0.044238 0.036124
vt 0.044196 0.059309
vt 0.044104 0.035388
vt 0.045159 0.035517
vt 0.044277 0.035623
vt 0.045113 0.058670
vt 0.044066 0.058530
vt 0.044236 0.058786
vt 0.044052 0.058717
vt 0.045096 0.058862
vt 0.044221 0.058981
vt 0.044211 0.059118
vt 0.044029 0.059032
vt 0.045068 0.059183
vt 0.044196 0.059309
vt 0.044104 0.035388
vt 0.045159 0.035517
vt 0.044277 0.035623
vt 0.045113 0.058670
vt 0.044066 0.058530
vt 0.044236 0.058786
vt 0.044052 0.058717
vt 0.045096 0.058862
vt 0.044221 0.058981
vt 0.044104 0.058016
vt 0.045159 0.058144
vt 0.044277 0.058251
vt 0.044237 0.058773
vt 0.045114 0.058657
vt 0.044067 0.058517
vt 0.044257 0.058504
vt 0.045137 0.058393
vt 0.044086 0.058260
vt 0.045089 0.058940
vt 0.044047 0.058794
vt 1.335511 0.300210
vt 0.056767 0.075632
vt 1.416440 0.296592
vt 1.235683 0.263659
vt 1.272930 0.298223
vt 1.375817 0.305318
vt 0.056407 0.075695
vt 0.057428 0.075734
vt 0.057094 0.075717
vt 0.056758 0.075647
vt 0.056769 0.075646
vt 0.057693 0.076059
vt 1.237803 0.252200
vt 1.286322 0.240871
vt 1.318818 0.265818
vt 1.310449 0.245748
vt 1.386456 0.275470
vt 1.416424 0.271112
vt 1.436514 0.275834
vt 0.056174 0.075905
vt 1.365175 0.273460
vt 0.057666 0.076212
vt 1.287842 0.234358
vt 1.318818 0.241880
vt 1.390056 0.265371
vt 1.416419 0.264572
vt 1.342905 0.256969
vt 1.365659 0.264433
vt 0.044104 0.035388
vt 0.045159 0.035517
vt 0.044277 0.035623
vt 0.045113 0.058670
vt 0.044066 0.058530
vt 0.044236 0.058786
vt 0.044052 0.058717
vt 0.044221 0.058981
vt 0.044196 0.059309
vt 0.044104 0.058016
vt 0.045159 0.058144
vt 0.044277 0.058251
vt 0.044238 0.036124
vt 0.044104 0.035388
vt 0.045159 0.035517
vt 0.044277 0.035623
vt 0.044236 0.058786
vt 0.044104 0.058016
vt 0.045159 0.058144
vt 0.044277 0.058251
vt 0.044067 0.058517
vt 0.044086 0.058260
vt 0.044047 0.058794
vt 0.044196 0.059309
vt 0.044104 0.058016
vt 0.045159 0.058144
vt 0.044277 0.058251
vt 0.044238 0.036124
vt 0.044104 0.058016
vt 0.045159 0.058144
vt 0.044277 0.058251
vt 0.044104 0.058016
vt 0.045159 0.058144
vt 0.044277 0.058251
vt 0.044196 0.059309
vt 0.044104 0.035388
vt 0.045159 0.035517
vt 0.044277 0.035623
vt 0.044236 0.058786
vt 0.044029 0.059032
vt 0.045068 0.059183
vt 0.044196 0.059309
vt 0.044104 0.035388
vt 0.045159 0.035517
vt 0.044277 0.035623
vt 0.045113 0.058670
vt 0.044066 0.058530
vt 0.044236 0.058786
vt 0.044257 0.058504
vt 0.045137 0.058393
vt 0.044196 0.059309
vt 0.044238 0.036124
vt 0.044104 0.058016
vt 0.045159 0.058144
vt 0.044277 0.058251
vt 0.044238 0.036124
vt 0.044104 0.058016
vt 0.045159 0.058144
vt 0.044277 0.058251
vt 0.044238 0.036124
vt 0.044104 0.035388
vt 0.045159 0.035517
vt 0.044277 0.035623
vt 0.044236 0.058786
vt 0.044104 0.058016
vt 0.045159 0.058144
vt 0.044277 0.058251
vt 0.044067 0.058517
vt 0.044086 0.058260
vt 0.045089 0.058940
vt 0.044047 0.058794
vt 0.043873 0.437175
vt 0.359808 0.960758
vt 0.401113 0.960758
vt 0.401113 0.972451
vt 0.359808 0.972451
vt 0.230368 0.999663
vt 0.230368 0.960220
vt 0.490054 0.960260
vt 0.490054 0.999703
vt 0.359808 0.960758
vt 0.401113 0.960758
vt 0.401113 0.972451
vt 0.359808 0.972451
vt 0.230368 0.999663
vt 0.230368 0.960220
vt 0.088981 0.477793
vt 0.072206 0.255593
vt 0.072267 0.255797
vt 0.084492 0.464406
vt 0.028145 0.495622
vt 0.071017 0.255381
vt 0.070965 0.255549
vt 0.043873 0.491557
vt 0.415763 0.960220
vt 0.304622 0.960260
vt 0.321262 0.999703
vt 0.399124 0.999663
vt 0.507372 0.960220
vt 0.214019 0.960260
vt 0.227496 0.999703
vt 0.493895 0.999663
vt 0.424206 0.960220
vt 0.295329 0.960260
vt 0.311466 0.999703
vt 0.408069 0.999663
vt 0.065901 0.475395
vt 0.050173 0.474143
vt 0.043873 0.475953
vt 0.065442 0.464406
vt 0.061573 0.464406
vt 1.335511 0.445883
vt 1.372251 0.443620
vt 1.335511 0.391474
vt 1.287929 0.399955
vt 1.282724 0.420682
vt 1.374924 0.389368
vt 1.374659 0.358627
vt 1.335511 0.356585
vt 1.289198 0.379309
vt 1.401661 0.418656
vt 1.356272 0.347851
vt 1.416440 0.275201
vt 1.457670 0.232567
vt 1.335511 0.144054
vt 1.458363 0.185708
vt 1.416373 0.170148
vt 1.400166 0.140065
vt 1.355757 0.127979
vt 1.375817 0.283927
vt 1.416440 0.275201
vt 1.416373 0.170148
vt 1.458363 0.185708
vt 1.457670 0.232567
vt 1.400166 0.140065
vt 1.375817 0.283927
vt 1.355757 0.127979
vt 1.335511 0.144054
vt 1.350210 0.508714
vt 1.353785 0.475441
vt 1.373634 0.465637
vt 1.372251 0.443620
vt 1.318818 0.445883
vt 1.301496 0.508714
vt 1.273300 0.459822
vt 1.260964 0.484788
vt 1.287175 0.494757
vt 1.353785 0.475441
vt 1.287175 0.494757
vt 1.301496 0.508714
vt 1.350210 0.508714
vt 1.318818 0.445883
vt 1.273300 0.459822
vt 1.373634 0.465637
vt 1.372251 0.443620
vt 1.350210 0.508714
vt 1.447805 0.508714
vt 1.353785 0.475441
vt 1.373634 0.465637
vt 1.387890 0.472986
vt 1.406377 0.498599
vt 1.335511 0.520399
vt 1.364439 0.553925
vt 1.438220 0.566765
vt 1.476356 0.545946
vt 1.335511 0.520399
vt 1.364439 0.553925
vt 1.438220 0.566765
vt 1.476356 0.545946
vt 1.447805 0.508714
vt 1.350210 0.508714
vt 1.406377 0.498599
vt 1.387890 0.472986
vt 1.373634 0.465637
vt 1.353785 0.475441
vt 1.246688 0.297096
vt 1.166198 0.329130
vt 1.211577 0.328162
vt 1.230349 0.276833
vt 1.160084 0.256562
vt 1.104233 0.315671
vt 1.162194 0.297096
vt 0.720422 0.958996
vt 0.000000 0.999703
vt 0.230368 0.999703
vt 0.003461 0.843441
vt 0.003461 0.831370
vt 0.003461 0.833190
vt 0.042123 0.999895
vt 0.042123 0.995443
vt 0.042123 0.969753
vt 0.042123 0.969753
vt 0.042123 0.995443
vt 0.042123 0.999895
vt 0.364229 0.831370
vt 0.364229 0.843441
vt 0.364229 0.833190
vt 0.166404 0.901439
vt 0.004348 0.901439
vt 0.004348 0.883925
vt 0.004348 0.883925
vt 0.248084 0.883925
vt 0.041892 0.779855
vt 0.004348 0.901439
vt 0.247770 0.901439
vt 0.004348 0.901439
vt 0.004348 0.883925
vt 0.368060 0.884991
vt 0.248576 0.883925
vt 0.041892 0.779855
vt 0.247490 0.901439
vt 0.004348 0.884991
vt 0.004348 0.902504
vt 0.004348 0.901439
vt 0.004348 0.883925
vt 0.002817 0.779831
vt 0.002817 0.779831
vt 0.456225 0.781452
vt 0.360198 0.781452
vt 0.360198 0.679089
vt 0.456225 0.679089
vt 0.360198 0.766717
vt 0.456225 0.766717
vt 0.360198 0.697919
vt 0.456225 0.697919
vt 0.373877 0.759411
vt 0.373877 0.705225
vt 0.442694 0.705225
vt 0.442694 0.759411
vt 0.003461 0.843441
vt 0.718825 0.781874
vt 0.003461 0.833190
vt 0.042123 0.999895
vt 0.042123 0.995443
vt 0.042123 0.969753
vt 0.042123 0.969753
vt 0.042123 0.995443
vt 0.042123 0.999895
vt 0.364229 0.831370
vt 0.361677 0.748406
vt 0.478309 0.995546
vt 0.478309 0.969857
vt 0.478309 0.965406
vt 0.361677 0.781874
vt 0.364229 0.833190
vt 0.123321 0.679020
vt 0.222776 0.679020
vt 0.222776 0.698346
vt 0.004348 0.883925
vt 0.143279 0.883925
vt 0.041892 0.779855
vt 0.140332 0.901439
vt 0.004348 0.884991
vt 0.004348 0.902504
vt 0.004348 0.883925
vt 0.368060 0.884991
vt 0.004348 0.883925
vt 0.147927 0.883925
vt 0.041892 0.779855
vt 0.368060 0.902504
vt 0.004348 0.901439
vt 0.146435 0.901439
vt 0.004348 0.884991
vt 0.004348 0.902504
vt 0.004348 0.901439
vt 0.004348 0.883925
vt 0.368060 0.884991
vt 0.041892 0.779855
vt 0.368060 0.902504
vt 0.004348 0.884991
vt 0.004348 0.902504
vt 0.002817 0.779831
vt 0.002817 0.779831
vt 0.002817 0.779831
vt 0.238571 0.960220
vt 0.481784 0.960259
vt 0.477031 0.999703
vt 0.243325 0.999664
vt 0.321617 0.960220
vt 0.289738 0.960220
vt 0.432692 0.960259
vt 0.431815 0.999703
vt 0.211556 0.960220
vt 0.511022 0.960259
vt 0.507347 0.999703
vt 0.586334 0.999703
vt 0.130335 0.960220
vt 0.589384 0.960259
vt 0.129693 0.965708
vt 0.590997 0.974038
vt 0.084960 0.843441
vt 0.085019 0.833190
vt 0.141596 0.995443
vt 0.141333 0.969753
vt 0.141065 0.999895
vt 0.085371 0.831370
vt 0.084153 0.901439
vt 0.084912 0.901439
vt 0.085429 0.883925
vt 0.087484 0.901439
vt 0.285679 0.884991
vt 0.285599 0.902504
vt 0.166629 0.883925
vt 0.173342 0.883925
vt 0.195118 0.902504
vt 0.178080 0.883925
vt 0.172188 0.901439
vt 0.178795 0.901439
vt 0.195831 0.884991
vt 0.209901 0.843441
vt 0.291025 0.965300
vt 0.420321 0.865000
vt 0.164241 0.884991
vt 0.164152 0.902504
vt 0.207521 0.883925
vt 0.406612 0.865000
vt 0.171605 0.884991
vt 0.171516 0.902504
vt 0.200158 0.883925
vt 0.403464 0.865000
vt 0.172953 0.884991
vt 0.173737 0.902504
vt 0.199339 0.883925
vt 0.518970 0.737837
vt 0.230343 0.969857
vt 0.288030 0.995443
vt 0.518244 0.748406
vt 0.290584 0.969753
vt 0.206646 0.843671
vt 0.205912 0.831370
vt 0.232896 0.995546
vt 0.230097 0.965406
vt 0.515021 0.781874
vt 0.097244 0.843441
vt 0.097109 0.833190
vt 0.095446 0.901439
vt 0.093707 0.901439
vt 0.278161 0.884991
vt 0.277491 0.884991
vt 0.624447 0.737837
vt 0.362581 0.969857
vt 0.155088 0.995443
vt 0.624275 0.748406
vt 0.095833 0.883925
vt 0.278548 0.902504
vt 0.094095 0.883925
vt 0.277677 0.902504
vt 0.155691 0.969753
vt 0.154582 0.999895
vt 0.363184 0.995546
vt 0.362071 0.965406
vt 0.623515 0.781874
vt 0.243056 0.883925
vt 0.133454 0.902504
vt 0.239113 0.883925
vt 0.243904 0.901439
vt 0.237848 0.901439
vt 0.132190 0.884991
vt 0.213625 0.902504
vt 0.158577 0.883925
vt 0.328422 0.865000
vt 0.213298 0.884991
vt 0.224546 0.969753
vt 0.152867 0.843671
vt 0.152331 0.831370
vt 0.299437 0.995546
vt 0.297656 0.965406
vt 0.570492 0.781874
vt 0.155244 0.843441
vt 0.225129 0.965300
vt 0.297572 0.969857
vt 0.222683 0.995443
vt 0.572845 0.748406
vt 0.224153 0.960260
vt 0.226609 0.999703
vt 0.144548 0.833190
vt 0.210585 0.995443
vt 0.212839 0.969753
vt 0.209832 0.999895
vt 0.141503 0.831370
vt 0.294734 0.865000
vt 0.280682 0.865000
vt 0.133046 0.883925
vt 0.281962 0.865000
vt 0.238830 0.884991
vt 0.239694 0.902504
vt 0.196300 0.833190
vt 0.273665 0.995443
vt 0.274708 0.969753
vt 0.273963 0.999895
vt 0.194912 0.831370
vt 0.404402 0.865000
vt 0.173502 0.884991
vt 0.198648 0.883925
vt 0.397937 0.865000
vt 0.176940 0.884991
vt 0.176503 0.902504
vt 0.195149 0.883925
vt 0.392891 0.865000
vt 0.178560 0.884991
vt 0.178960 0.902504
vt 0.002468 0.915925
vt 0.348939 0.907454
vt 0.002639 0.907454
vt 0.712002 0.907454
vt 0.712002 0.875935
vt 0.001687 0.967449
vt 0.001687 0.975920
vt 0.181661 0.975920
vt 0.180933 0.967449
vt 0.180933 0.967449
vt 0.369504 0.967449
vt 0.369504 0.950976
vt 0.180933 0.950976
vt 0.541937 0.975920
vt 0.541937 0.967449
vt 0.722447 0.967449
vt 0.159565 0.686347
vt 0.159565 0.874592
vt 1.506238 0.421405
vt 0.145184 0.975569
vt 0.145184 0.993334
vt 0.399671 0.993334
vt 0.221744 0.701707
vt 0.077607 0.724018
vt 0.177310 0.724018
vt 0.384634 0.681758
vt 0.294840 0.682549
vt 0.265302 0.898552
vt 0.362095 0.898552
vt 0.303922 0.809098
vt 0.405084 0.775859
vt 0.303922 0.777261
vt 0.080655 0.682067
vt 0.008711 0.684240
vt 0.290627 0.724018
vt 0.134352 0.724018
vt 0.202115 0.681658
vt 0.142566 0.681701
vt 0.190486 0.868205
vt 2.680398 0.116967
vt 2.348516 0.116967
vt 0.059305 0.081541
vt 0.059305 0.081530
vt 0.059207 0.081553
vt 0.059210 0.081564
vt 0.399671 0.993334
vt 0.409192 0.975569
vt 0.675790 0.970946
vt 0.438592 0.970946
vt 0.275106 0.952475
vt 0.209972 0.952475
vt 0.058025 0.064341
vt 0.058096 0.064392
vt 0.969785 0.671593
vt 0.190955 0.952475
vt 2.881660 0.129460
vt 2.754411 0.012494
vt 0.159080 0.809098
vt 0.501093 0.880077
vt 0.362095 0.880077
vt 0.362095 0.898552
vt 0.149998 0.759480
vt 0.361122 0.746947
vt 0.077978 0.681258
vt 0.290814 0.760599
vt 0.388793 0.760599
vt 0.468236 0.834342
vt 0.462461 0.861336
vt 0.254054 0.685531
vt 0.148217 0.683794
vt 0.058535 0.067745
vt 0.058195 0.067724
vt 0.058341 0.067782
vt 0.058360 0.067731
vt 0.058060 0.067746
vt 0.058220 0.067766
vt 0.058195 0.067724
vt 0.058023 0.067790
vt 0.057990 0.067745
vt 0.057762 0.067702
vt 0.057830 0.067734
vt 0.057685 0.067697
vt 0.057762 0.067743
vt 0.057762 0.067702
vt 0.057481 0.067721
vt 0.057675 0.067741
vt 0.057685 0.067697
vt 0.057481 0.067721
vt 0.057322 0.067753
vt 0.057463 0.067783
vt 0.057439 0.067748
vt 0.058535 0.067745
vt 0.058515 0.067795
vt 0.058710 0.067722
vt 0.057604 0.067755
vt 0.057481 0.067721
vt 0.057511 0.067762
vt 0.259850 0.994990
vt 0.058710 0.067722
vt 0.058612 0.067780
vt 0.057322 0.067753
vt 0.057402 0.067796
vt 0.387555 0.757615
vt 0.420781 0.761800
vt 0.346261 0.761801
vt 0.346262 0.839313
vt 0.424088 0.839313
vt 2.348516 0.116967
vt 2.123562 0.000000
vt 2.329569 0.000000
vt 0.190486 0.868205
vt 0.257925 0.868205
vt 0.259087 0.830522
vt 0.198623 0.830522
vt 0.201461 0.750816
vt 0.273865 0.707816
vt 0.205138 0.707816
vt 0.273866 0.699453
vt 0.273865 0.681658
vt 0.058023 0.067790
vt 0.058060 0.067746
vt 0.058015 0.067740
vt 0.057335 0.067778
vt 0.057322 0.067753
vt 0.057262 0.067753
vt 0.057277 0.067771
vt 0.165084 0.952475
vt 0.192626 0.952475
vt 0.420781 0.761800
vt 0.142294 0.750842
vt 0.137670 0.975086
vt 0.095492 0.975086
vt 0.097470 0.952028
vt 0.136916 0.952028
vt 0.026306 0.746947
vt 0.134588 0.746947
vt 0.134352 0.724018
vt 0.146836 0.777377
vt 0.148605 0.759633
vt 0.295924 0.969984
vt 0.347262 0.969984
vt 0.347262 0.949206
vt 0.295283 0.949206
vt 0.067973 0.769980
vt 0.058780 0.067738
vt 0.058710 0.067722
vt 0.058688 0.067766
vt 0.388793 0.683087
vt 0.388793 0.760599
vt 0.126617 0.770646
vt 0.255563 0.701707
vt 0.011026 0.724018
vt 0.464377 0.680019
vt 0.265017 0.880077
vt 0.208117 0.898552
vt 0.265302 0.898552
vt 0.464377 0.778959
vt 0.392293 0.860970
vt 0.414399 0.860940
vt 0.649536 0.857871
vt 0.563620 0.859201
vt 0.520375 0.859870
vt 0.430330 0.859490
vt 0.359530 0.860050
vt 0.467380 0.833847
vt 0.468061 0.809570
vt 0.450032 0.809300
vt 0.450201 0.833660
vt 0.416855 0.833262
vt 0.391779 0.833067
vt 0.482855 0.809791
vt 0.058235 0.076293
vt 0.058241 0.076320
vt 0.058240 0.076301
vt 0.058248 0.076281
vt 0.212746 0.978737
vt 0.209972 0.952475
vt 0.163285 0.744376
vt 0.112549 0.952475
vt 0.210851 0.952475
vt 0.120401 0.978737
vt 0.415513 0.833732
vt 0.414399 0.860940
vt 0.417357 0.808813
vt 0.416855 0.833262
vt 0.501613 0.834218
vt 0.058193 0.076294
vt 0.058190 0.076320
vt 0.058241 0.076320
vt 0.058235 0.076293
vt 0.008711 0.776965
vt 0.066831 0.777892
vt 0.083303 0.504546
vt 0.083304 0.504556
vt 0.083331 0.504554
vt 0.083331 0.504537
vt 0.083265 0.504560
vt 0.083304 0.504556
vt 0.083303 0.504546
vt 0.622974 0.763567
vt 0.622973 0.730445
vt 0.136916 0.952028
vt 0.136916 0.952028
vt 0.137670 0.975086
vt 0.137670 0.975086
vt 0.546786 0.993463
vt 0.609140 0.995235
vt 0.607262 0.977986
vt 0.539933 0.976682
vt 0.295283 0.949206
vt 0.273699 0.949624
vt 0.282012 0.969079
vt 0.295924 0.969984
vt 0.664152 0.686430
vt 0.622973 0.686430
vt 0.622973 0.692648
vt 0.622974 0.763567
vt 0.709060 0.763567
vt 0.697191 0.747075
vt 0.667891 0.741351
vt 0.703364 0.784204
vt 0.709060 0.763567
vt 0.709060 0.747065
vt 0.697191 0.747075
vt 0.392860 0.833564
vt 0.362201 0.833584
vt 0.361620 0.861524
vt 0.392293 0.860970
vt 0.521612 0.822473
vt 0.528422 0.791168
vt 0.208117 0.880077
vt 0.146657 0.880077
vt 0.146657 0.898552
vt 0.208117 0.898552
vt 0.156812 0.400059
vt 0.156818 0.400061
vt 0.156818 0.400061
vt 0.156811 0.400059
vt 0.364904 0.736521
vt 0.284983 0.738088
vt 0.278913 0.827364
vt 0.359236 0.824511
vt 0.519340 0.773387
vt 0.528422 0.692229
vt 0.424088 0.839313
vt 0.500246 0.839313
vt 0.499113 0.802575
vt 0.513073 0.802575
vt 0.511824 0.761801
vt 0.497856 0.761800
vt 0.211621 0.822074
vt 0.213701 0.804925
vt 0.133591 0.708653
vt 0.125857 0.751150
vt 0.146657 0.898228
vt 0.147119 0.879754
vt 0.126127 0.682025
vt 0.122926 0.699611
vt 0.278082 0.868205
vt 0.279235 0.830522
vt 0.029179 0.969415
vt 0.030033 0.996315
vt 0.108849 0.996315
vt 0.166432 0.969415
vt 0.111139 0.969415
vt 0.108849 0.996315
vt 0.171976 0.996315
vt 0.255237 0.996315
vt 0.257511 0.969415
vt 0.166432 0.969415
vt 0.171976 0.996315
vt 0.416650 0.996315
vt 0.389768 0.969415
vt 0.257511 0.969415
vt 0.255237 0.996315
vt 0.389768 0.969415
vt 0.416650 0.996315
vt 0.529578 0.996315
vt 0.523535 0.969415
vt 0.419425 0.969415
vt 0.416650 0.996315
vt 0.701518 0.996315
vt 0.699639 0.969415
vt 0.523535 0.969415
vt 0.529578 0.996315
vt 0.139468 0.969415
vt 0.044580 0.969415
vt 0.046459 0.996315
vt 0.141062 0.996315
vt 0.139468 0.969415
vt 0.141062 0.996315
vt 0.217367 0.996315
vt 0.216060 0.969415
vt 0.280838 0.996315
vt 0.281568 0.969415
vt 0.216060 0.969415
vt 0.217367 0.996315
vt 0.356601 0.996315
vt 0.281568 0.969415
vt 0.280838 0.996315
vt 0.418672 0.996315
vt 0.360081 0.969415
vt 0.356601 0.996315
vt 0.494722 0.969415
vt 0.419264 0.969415
vt 0.418672 0.996315
vt 0.500379 0.996315
vt 0.544103 0.996315
vt 0.494722 0.969415
vt 0.500379 0.996315
vt 0.599327 0.996315
vt 0.538418 0.969415
vt 0.544103 0.996315
vt 0.655566 0.996315
vt 0.653478 0.969415
vt 0.601919 0.969415
vt 0.599327 0.996315
vt 0.701979 0.969415
vt 0.653478 0.969415
vt 0.655566 0.996315
vt 0.705605 0.996315
vt 0.163164 0.770277
vt 0.057830 0.067734
vt 0.057833 0.067769
vt 0.057918 0.067779
vt 0.057990 0.067745
vt 1.506238 0.554989
vt 1.120708 0.568517
vt 1.187055 0.560684
vt 1.329179 0.021349
vt 2.681590 0.124181
vt 0.828628 0.594474
vt 0.861685 0.594474
vt 0.856053 0.609092
vt 0.828628 0.671306
vt 0.856053 0.609092
vt 0.075804 0.686347
vt 0.076650 0.703837
vt 0.423324 0.684887
vt 0.156825 0.400065
vt 0.156825 0.400065
vt 0.529027 0.875299
vt 1.000000 0.595319
vt 0.975736 0.608466
vt 0.963906 0.633518
vt 0.957930 0.646296
vt 0.976739 0.595675
vt 0.664612 0.694038
vt 0.622973 0.692648
vt 0.110311 0.952475
vt 0.670325 0.775457
vt 0.670785 0.783064
vt 0.527083 0.861736
vt 0.527624 0.834981
vt 0.503162 0.834718
vt 0.670325 0.764186
vt 0.058277 0.076823
vt 0.058252 0.076630
vt 0.057650 0.076586
vt 0.057683 0.076750
vt 0.575034 0.742694
vt 0.534232 0.776027
vt 0.575033 0.776093
vt 0.533898 0.696616
vt 0.575034 0.704388
vt 0.575034 0.697918
vt 0.110779 0.818488
vt 0.107845 0.829561
vt 0.013828 0.975086
vt 0.013828 0.952028
vt 0.013828 0.992966
vt 0.013828 0.975086
vt 0.187502 0.975086
vt 0.393066 0.975086
vt 0.534500 0.975086
vt 1.507249 0.136512
vt 1.437283 0.136512
vt 1.324637 0.136512
vt 1.118107 0.136511
vt 1.113692 0.411094
vt 1.327127 0.421405
vt 1.401463 0.421405
vt 1.327127 0.421405
vt 1.326380 0.149371
vt 1.120708 0.421405
vt 0.013828 0.952028
vt 0.013828 0.975086
vt 0.013828 0.992966
vt 0.187502 0.992966
vt 0.187502 0.975086
vt 0.013828 0.975086
vt 0.534500 0.975086
vt 0.361446 0.975086
vt 0.059713 0.081443
vt 0.059691 0.081449
vt 0.580087 0.701707
vt 0.541022 0.701707
vt 0.268614 0.746947
vt 0.266453 0.724018
vt 0.363648 0.724018
vt 0.363648 0.746947
vt 0.185978 0.901439
vt 0.185978 0.883925
vt 0.059457 0.081505
vt 0.059584 0.081474
vt 0.361516 0.701707
vt 0.182064 0.701708
vt 0.719043 0.779854
vt 0.380991 0.779855
vt 0.368060 0.901439
vt 0.186485 0.901439
vt 0.183879 0.686465
vt 0.359097 0.686465
vt 0.359097 0.707290
vt 0.183879 0.707290
vt 0.182065 0.808784
vt 2.117539 0.740573
vt 2.057794 0.740573
vt 2.057493 0.481945
vt 2.117382 0.481945
vt 2.057493 0.157943
vt 2.117382 0.107628
vt 2.117382 0.223241
vt 0.722496 0.824726
vt 0.722496 0.864485
vt 0.060392 0.082217
vt 0.060416 0.082200
vt 0.002057 0.681258
vt 0.002057 0.701708
vt 0.179642 0.701707
vt 0.717531 0.746947
vt 0.717531 0.724018
vt 0.367435 0.724018
vt 0.041892 0.865000
vt 0.041892 0.779855
vt 0.376428 0.779855
vt 0.004348 0.883925
vt 0.004348 0.901439
vt 0.184034 0.901439
vt 0.008120 0.686465
vt 0.008120 0.707290
vt 0.181515 0.707290
vt 0.181515 0.686465
vt 2.117697 1.000000
vt 2.117541 0.744063
vt 2.057798 0.744063
vt 2.058096 1.000000
vt 0.717531 0.724018
vt 0.717531 0.746947
vt 0.005378 0.780189
vt 0.005378 0.865000
vt 0.004348 0.883925
vt 0.004348 0.901439
vt 0.184774 0.824726
vt 2.057493 0.223241
vt 0.060604 0.081818
vt 0.060649 0.081733
vt 2.057493 0.234772
vt 2.057493 0.437825
vt 0.361516 0.701707
vt 0.367435 0.746947
vt 0.367435 0.724018
vt 0.008883 0.724018
vt 0.719043 0.779854
vt 0.184034 0.883925
vt 0.184034 0.901439
vt 0.368060 0.901439
vt 0.359097 0.707290
vt 0.545320 0.864580
vt 0.545320 0.824726
vt 0.363866 0.824726
vt 2.057798 0.744063
vt 2.117541 0.744063
vt 2.117382 0.481945
vt 0.060611 0.081821
vt 0.002058 0.775235
vt 0.002058 0.808850
vt 0.182064 0.701708
vt 0.182065 0.775235
vt 0.002058 0.775235
vt 0.002057 0.701708
vt 0.002057 0.701708
vt 0.002057 0.681258
vt 0.041892 0.779855
vt 0.041892 0.865000
vt 0.004348 0.883925
vt 0.186485 0.883925
vt 0.186485 0.901439
vt 0.004348 0.901439
vt 0.008120 0.686465
vt 0.008120 0.707290
vt 0.722496 0.824726
vt 0.722496 0.864485
vt 0.542904 0.864582
vt 0.542904 0.824726
vt 2.117697 1.000000
vt 2.058096 1.000000
vt 2.057794 0.740573
vt 2.117539 0.740573
vt 0.187502 0.975086
vt 0.187502 0.952028
vt 0.187502 0.992966
vt 0.187502 0.975086
vt 0.237957 0.975086
vt 1.324335 0.411094
vt 1.113692 0.411094
vt 1.509902 0.411095
vt 1.447403 0.411095
vt 1.326380 0.149371
vt 1.326380 0.149371
vt 0.187502 0.952028
vt 0.277852 0.975086
vt 0.570688 0.992966
vt 0.570166 0.975086
vt 0.570166 0.975086
vt 0.574617 0.952028
vt 1.113804 0.708805
vt 1.113804 0.767147
vt 0.363866 0.824726
vt 0.222854 0.864678
vt 0.363866 0.864678
vt 0.503328 0.686465
vt 0.004348 0.883925
vt 0.004348 0.901439
vt 0.141757 0.883925
vt 0.005378 0.780189
vt 0.005378 0.865000
vt 0.206461 0.865000
vt 0.466790 0.746947
vt 0.717531 0.746947
vt 0.717531 0.724018
vt 0.491590 0.681278
vt 0.496668 0.701707
vt 0.069319 0.781932
vt 0.389939 0.952028
vt 0.393066 0.975086
vt 0.361446 0.975086
vt 0.361446 0.952028
vt 2.057493 0.437825
vt 0.064768 0.311282
vt 0.064818 0.311289
vt 0.064815 0.311277
vt 0.052104 0.075534
vt 0.052093 0.075621
vt 0.052129 0.075622
vt 0.052169 0.075535
vt 0.052169 0.075535
vt 0.052129 0.075622
vt 0.052225 0.075622
vt 0.052233 0.075535
vt 0.052061 0.075528
vt 0.052057 0.075614
vt 0.052093 0.075621
vt 0.052104 0.075534
vt 0.051995 0.075598
vt 0.052057 0.075614
vt 0.052061 0.075528
vt 0.051956 0.075593
vt 0.051995 0.075598
vt 0.051982 0.075514
vt 0.051886 0.075512
vt 0.051956 0.075593
vt 0.051923 0.075511
vt 0.050770 0.075508
vt 0.051816 0.075525
vt 0.051788 0.075527
vt 0.051884 0.075523
vt 0.051870 0.075526
vt 0.051888 0.075606
vt 0.051907 0.075592
vt 0.051886 0.075512
vt 0.051884 0.075523
vt 0.051817 0.075608
vt 0.051858 0.075609
vt 0.051870 0.075526
vt 0.051816 0.075525
vt 0.051473 0.075522
vt 0.051473 0.075522
vt 0.051404 0.075523
vt 0.051437 0.075603
vt 0.051782 0.075609
vt 0.051788 0.075527
vt 0.051733 0.075525
vt 0.051686 0.075602
vt 0.051736 0.075608
vt 0.051733 0.075525
vt 0.051683 0.075521
vt 0.051504 0.075607
vt 0.051473 0.075522
vt 0.051374 0.075525
vt 0.051351 0.075532
vt 0.051374 0.075615
vt 0.051403 0.075605
vt 0.051437 0.075603
vt 0.051404 0.075524
vt 0.051403 0.075605
vt 0.051403 0.075605
vt 0.051404 0.075523
vt 0.051374 0.075525
vt 0.051256 0.075532
vt 0.051230 0.075614
vt 0.051351 0.075532
vt 0.051321 0.075534
vt 0.051298 0.075617
vt 0.051374 0.075615
vt 0.051622 0.075600
vt 0.051686 0.075602
vt 0.051683 0.075521
vt 0.051553 0.075604
vt 0.051622 0.075600
vt 0.051567 0.075519
vt 0.051531 0.075521
vt 0.051321 0.075534
vt 0.051256 0.075532
vt 0.051230 0.075614
vt 0.051298 0.075617
vt 0.051093 0.075524
vt 0.051167 0.075530
vt 0.051179 0.075614
vt 0.050970 0.075519
vt 0.050970 0.075519
vt 0.050949 0.075510
vt 0.050959 0.075588
vt 0.050970 0.075519
vt 0.050991 0.075601
vt 0.051025 0.075604
vt 0.050830 0.075507
vt 0.050814 0.075588
vt 0.050949 0.075510
vt 0.050830 0.075507
vt 0.050882 0.075585
vt 0.050959 0.075588
vt 0.142607 0.904768
vt 0.140803 0.917196
vt 0.219038 0.904767
vt 0.050752 0.075589
vt 0.050770 0.075508
vt 0.050714 0.075508
vt 0.050720 0.075587
vt 1.109277 0.696093
vt 1.109277 0.751217
vt 1.146049 0.738094
vt 1.323678 0.696093
vt 1.225132 0.773695
vt 1.512555 0.910165
vt 1.512556 0.696093
vt 1.323678 0.696093
vt 1.323678 0.903345
vt 1.357222 0.926992
vt 1.370767 0.961072
vt 1.510625 0.429805
vt 1.510625 0.632797
vt 1.475599 0.633204
vt 1.452209 0.614444
vt 1.510625 0.429805
vt 1.452209 0.614444
vt 1.383536 0.634546
vt 1.113804 0.429805
vt 1.225758 0.559557
vt 1.192973 0.587860
vt 0.118667 0.824726
vt 2.117382 0.481945
vt 0.101234 0.860015
vt 0.262296 0.860015
vt 0.054129 0.081158
vt 0.054124 0.081334
vt 0.604106 0.708881
vt 0.604106 0.759621
vt 0.636300 0.709924
vt 0.054905 0.081391
vt 0.055643 0.080928
vt 0.054930 0.080917
vt 0.604106 0.759621
vt 0.702073 0.757406
vt 0.663372 0.710800
vt 0.636300 0.709924
vt 0.702072 0.712054
vt 0.699273 0.685181
vt 0.658463 0.685181
vt 0.702072 0.712054
vt 0.717740 0.712054
vt 0.717740 0.685181
vt 0.699273 0.685181
vt 0.054129 0.081158
vt 0.054905 0.081391
vt 0.054930 0.080917
vt 0.054173 0.080856
vt 0.619213 0.685181
vt 0.602499 0.685181
vt 0.602499 0.712054
vt 0.618166 0.712054
vt 0.618166 0.776988
vt 0.602499 0.776988
vt 0.602499 0.803861
vt 0.653565 0.803861
vt 0.618166 0.712054
vt 0.618166 0.756278
vt 0.052596 0.078123
vt 0.051931 0.077873
vt 0.052614 0.078635
vt 0.661777 0.685181
vt 0.619213 0.685181
vt 0.618166 0.712054
vt 0.662224 0.710627
vt 0.051126 0.077860
vt 0.051238 0.078511
vt 0.052644 0.078855
vt 0.052614 0.078635
vt 0.052614 0.078635
vt 0.051931 0.077873
vt 0.051126 0.077860
vt 0.716132 0.759621
vt 0.716133 0.708881
vt 0.662224 0.710627
vt 0.657717 0.759152
vt 0.716133 0.775121
vt 0.716132 0.759621
vt 0.657717 0.759152
vt 0.618166 0.756278
vt 0.618166 0.776988
vt 0.653565 0.803861
vt 0.657717 0.759152
vt 0.694956 0.803861
vt 0.716133 0.803861
vt 0.716133 0.775121
vt 0.653565 0.803861
vt 0.694956 0.803861
vt 0.716133 0.775121
vt 0.657717 0.759152
vt 0.663372 0.710800
vt 0.702072 0.712054
vt 0.658463 0.685181
vt 0.702072 0.712054
vt 1.113804 0.297179
vt 1.325946 0.311529
vt 1.510625 0.429805
vt 1.512556 0.464115
vt 1.512556 0.464115
vt 1.383958 0.508576
vt 1.109277 0.500047
vt 1.109277 0.696093
vt 1.274619 0.534839
vt 1.109277 0.500047
vt 1.109277 0.696093
vt 1.323678 0.523055
vt 0.237957 0.975086
vt 0.241793 0.992966
vt 0.361446 0.952028
vt 0.361446 0.975086
vt 0.237957 0.975086
vt 0.187502 0.952028
vt 0.187502 0.952028
vt 0.187502 0.975086
vt 0.277852 0.975086
vt 1.402178 0.086162
vt 1.402137 0.086178
vt 1.402137 0.086178
vt 1.402134 0.086158
vt 1.402084 0.086146
vt 1.402087 0.086166
vt 1.402087 0.086166
vt 1.402084 0.086146
vt 1.402015 0.086166
vt 1.402004 0.086190
vt 1.402004 0.086190
vt 1.402015 0.086166
vt 1.402021 0.086158
vt 1.402337 0.086073
vt 1.402287 0.086074
vt 1.402290 0.086085
vt 1.402290 0.086085
vt 1.402287 0.086074
vt 1.402229 0.086137
vt 1.402229 0.086137
vt 1.402226 0.086117
vt 1.402538 0.086071
vt 1.402507 0.086050
vt 1.402502 0.086075
vt 1.402502 0.086075
vt 1.402507 0.086050
vt 1.402434 0.086048
vt 1.402436 0.086064
vt 1.402436 0.086064
vt 1.402434 0.086048
vt 1.402371 0.086078
vt 1.402735 0.086031
vt 1.402736 0.086015
vt 1.402640 0.086020
vt 1.402642 0.086040
vt 1.402642 0.086040
vt 1.402640 0.086020
vt 1.402586 0.086041
vt 1.402597 0.086065
vt 1.402597 0.086065
vt 1.402586 0.086041
vt 1.326380 0.149371
vt 1.430154 0.149371
vt 1.437515 0.247202
vt 1.365556 0.303384
vt 1.325946 0.311529
vt 1.117256 0.149371
vt 1.326380 0.149371
vt 1.212856 0.292665
vt 1.113804 0.297179
vt 1.324335 0.411094
vt 1.323678 0.523055
vt 1.383958 0.508576
vt 1.456172 0.446815
vt 1.324335 0.411094
vt 1.211082 0.495724
vt 1.274619 0.534839
vt 1.323678 0.523055
vt 0.277852 0.975086
vt 1.447403 0.411095
vt 1.324335 0.411094
vt 1.456172 0.446815
vt 1.324637 0.136512
vt 1.324335 0.411094
vt 1.508431 0.149371
vt 1.505560 0.260930
vt 1.437515 0.247202
vt 1.430154 0.149371
vt 1.506238 0.421405
vt 1.508431 0.149371
vt 1.430154 0.149371
vt 1.401463 0.421405
vt 0.322451 0.000000
vt 0.323137 0.000000
vt 0.323137 0.044897
vt 0.322451 0.037932
vt 0.322451 0.000000
vt 0.323137 0.000000
vt 0.323137 0.044897
vt 0.322451 0.037932
vt 0.322451 0.000000
vt 0.323137 0.000000
vt 0.323137 0.044897
vt 0.322451 0.037932
vt 0.322451 0.000000
vt 0.323137 0.000000
vt 0.323137 0.044897
vt 0.322451 0.000000
vt 0.323137 0.000000
vt 0.323137 0.044897
vt 0.322451 0.037932
vt 0.322451 0.000000
vt 0.323137 0.000000
vt 0.323137 0.044897
vt 0.322451 0.037932
vt 0.644465 0.732196
vt 0.644511 0.732196
vt 0.644533 0.682924
vt 0.645302 0.732187
vt 0.645290 0.684247
vt 0.645254 0.732179
vt 0.645256 0.732187
vt 0.644511 0.732196
vt 0.644514 0.732187
vt 0.022322 0.805165
vt 0.002234 0.805165
vt 0.002234 0.752438
vt 0.022322 0.752438
vt 0.370290 0.805165
vt 0.349913 0.805165
vt 0.349913 0.752438
vt 0.370290 0.752438
vt 0.475978 0.770151
vt 0.475978 0.676372
vt 0.378386 0.676372
vt 0.384930 0.728233
vt 0.455102 0.765255
vt 0.370290 0.785892
vt 0.370290 0.771711
vt 0.475978 0.770151
vt 0.475978 0.676372
vt 0.132393 0.676372
vt 0.132392 0.770151
vt 0.644465 0.732196
vt 0.644489 0.682925
vt 0.644514 0.732187
vt 0.644533 0.682924
vt 0.644511 0.732196
vt 0.002234 0.785892
vt 0.022322 0.785892
vt 0.022322 0.792348
vt 0.002234 0.792348
vt 0.645244 0.682906
vt 0.645254 0.732179
vt 0.645256 0.732187
vt 0.645246 0.681999
vt 0.349913 0.792348
vt 0.645254 0.732179
vt 0.644514 0.732187
vt 0.644511 0.732196
vt 0.645256 0.732187
vt 0.022322 0.771711
vt 0.002234 0.771711
vt 0.002234 0.765255
vt 0.022322 0.765255
vt 0.370290 0.771711
vt 0.349913 0.771711
vt 0.349913 0.765255
vt 0.370290 0.765255
vt 0.645246 0.681999
vt 0.645256 0.732187
vt 0.645302 0.732187
vt 0.645290 0.684247
vt 0.645976 0.732171
vt 0.645983 0.732179
vt 0.645302 0.732187
vt 0.645299 0.732178
vt 0.645254 0.732179
vt 0.645256 0.732187
vt 0.644511 0.732196
vt 0.644514 0.732187
vt 0.370290 0.805165
vt 0.349913 0.805165
vt 0.349913 0.752438
vt 0.370290 0.752438
vt 0.718602 0.805165
vt 0.718602 0.792348
vt 0.475978 0.676372
vt 0.475978 0.770151
vt 0.475978 0.770151
vt 0.475978 0.676372
vt 0.132393 0.676372
vt 0.132393 0.770151
vt 0.718602 0.752438
vt 0.718602 0.765255
vt 0.718602 0.771711
vt 0.718602 0.785892
vt 0.349913 0.771711
vt 0.349913 0.785892
vt 0.022322 0.752438
vt 0.475978 0.770151
vt 0.475978 0.676372
vt 0.132393 0.676372
vt 0.132392 0.770151
vt 0.644514 0.732187
vt 0.644536 0.682915
vt 0.644511 0.732196
vt 0.645244 0.682906
vt 0.645254 0.732179
vt 0.645256 0.732187
vt 0.645246 0.681999
vt 0.349913 0.785892
vt 0.370290 0.785892
vt 0.370290 0.792348
vt 0.349913 0.792348
vt 0.645976 0.732171
vt 0.645299 0.732178
vt 0.645302 0.732187
vt 0.645983 0.732179
vt 0.718602 0.785892
vt 0.718602 0.792348
vt 0.645254 0.732179
vt 0.644511 0.732196
vt 0.645256 0.732187
vt 0.022322 0.785892
vt 0.349913 0.785892
vt 0.349913 0.792348
vt 0.022322 0.792348
vt 0.370290 0.771711
vt 0.349913 0.771711
vt 0.349913 0.765255
vt 0.370290 0.765255
vt 0.718602 0.771711
vt 0.370290 0.771711
vt 0.370290 0.765255
vt 0.718602 0.765255
vt 0.349913 0.771711
vt 0.022322 0.771711
vt 0.022322 0.765255
vt 0.349913 0.765255
vt 0.322451 0.000000
vt 0.322451 0.037932
vt 0.323137 0.044897
vt 0.323137 0.000000
vt 0.322451 0.000000
vt 0.322451 0.037932
vt 0.323137 0.044897
vt 0.323137 0.000000
vt 0.322451 0.000000
vt 0.322451 0.037932
vt 0.323137 0.044897
vt 0.323137 0.000000
vt 0.322451 0.000000
vt 0.323137 0.044897
vt 0.323137 0.000000
vt 0.644465 0.732196
vt 0.644489 0.682925
vt 0.644533 0.682924
vt 0.644511 0.732196
vt 0.645256 0.732187
vt 0.645246 0.681999
vt 0.645290 0.684247
vt 0.645302 0.732187
vt 0.645254 0.732179
vt 0.645256 0.732187
vt 0.022322 0.805165
vt 0.002234 0.805165
vt 0.022322 0.752438
vt 0.002234 0.752438
vt 0.370290 0.805165
vt 0.349913 0.805165
vt 0.370290 0.752438
vt 0.349913 0.752438
vt 0.475978 0.770151
vt 0.370290 0.765255
vt 0.370290 0.752438
vt 0.370290 0.785892
vt 0.370290 0.771711
vt 0.349913 0.792348
vt 0.349913 0.805165
vt 0.277831 0.752438
vt 0.475978 0.770151
vt 0.209558 0.770151
vt 0.475978 0.676372
vt 0.644489 0.682925
vt 0.644465 0.732196
vt 0.644511 0.732196
vt 0.644533 0.682924
vt 0.002234 0.785892
vt 0.002234 0.792348
vt 0.022322 0.792348
vt 0.022322 0.785892
vt 0.645244 0.682906
vt 0.645246 0.681999
vt 0.645256 0.732187
vt 0.645254 0.732179
vt 0.645302 0.732187
vt 0.645290 0.684247
vt 0.349913 0.785892
vt 0.349913 0.792348
vt 0.370290 0.792348
vt 0.370290 0.785892
vt 0.370290 0.785892
vt 0.370290 0.792348
vt 0.453774 0.785892
vt 0.311143 0.789540
vt 0.339895 0.789540
vt 0.645254 0.732179
vt 0.645256 0.732187
vt 0.645077 0.732189
vt 0.645079 0.732181
vt 0.273754 0.792348
vt 0.276502 0.785892
vt 0.022322 0.771711
vt 0.022322 0.765255
vt 0.002234 0.765255
vt 0.002234 0.771711
vt 0.370290 0.771711
vt 0.370290 0.765255
vt 0.349913 0.765255
vt 0.349913 0.771711
vt 0.349913 0.771711
vt 0.349913 0.765255
vt 0.280325 0.765255
vt 0.280089 0.771711
vt 0.645256 0.732187
vt 0.645246 0.681999
vt 0.645290 0.684247
vt 0.645302 0.732187
vt 0.645254 0.732179
vt 0.644514 0.732187
vt 0.644511 0.732196
vt 0.645256 0.732187
vt 0.370290 0.805165
vt 0.349913 0.805165
vt 0.370290 0.752438
vt 0.349913 0.752438
vt 0.718602 0.805165
vt 0.718602 0.792348
vt 0.475978 0.676372
vt 0.475978 0.770151
vt 0.475978 0.770151
vt 0.132393 0.770151
vt 0.132393 0.676372
vt 0.475978 0.676372
vt 0.718602 0.765255
vt 0.718602 0.752438
vt 0.370290 0.785892
vt 0.718602 0.785892
vt 0.718602 0.771711
vt 0.370290 0.771711
vt 0.349913 0.785892
vt 0.349913 0.771711
vt 0.022322 0.752438
vt 0.475978 0.770151
vt 0.132392 0.770151
vt 0.132393 0.676372
vt 0.475978 0.676372
vt 0.645244 0.682906
vt 0.645246 0.681999
vt 0.645256 0.732187
vt 0.645254 0.732179
vt 0.349913 0.785892
vt 0.349913 0.792348
vt 0.370290 0.792348
vt 0.370290 0.785892
vt 0.645976 0.732171
vt 0.645983 0.732179
vt 0.645302 0.732187
vt 0.645299 0.732178
vt 0.370290 0.785892
vt 0.370290 0.792348
vt 0.718602 0.792348
vt 0.718602 0.785892
vt 0.645254 0.732179
vt 0.645256 0.732187
vt 0.644511 0.732196
vt 0.644514 0.732187
vt 0.022322 0.785892
vt 0.022322 0.792348
vt 0.349913 0.792348
vt 0.349913 0.785892
vt 0.370290 0.771711
vt 0.370290 0.765255
vt 0.349913 0.765255
vt 0.349913 0.771711
vt 0.718602 0.771711
vt 0.718602 0.765255
vt 0.370290 0.765255
vt 0.370290 0.771711
vt 0.349913 0.771711
vt 0.349913 0.765255
vt 0.022322 0.765255
vt 0.022322 0.771711
vt 0.722447 0.968262
vt 0.645468 0.732176
vt 0.645473 0.732185
vt 0.645302 0.732187
vt 0.645299 0.732178
vt 0.132393 0.770151
vt 0.221938 0.730034
vt 0.228709 0.676372
vt 0.132392 0.676372
vt 0.645469 0.732185
vt 0.645466 0.732176
vt 0.645299 0.732178
vt 0.645302 0.732187
vt 0.455102 0.765255
vt 0.453222 0.771711
vt 0.043873 0.510379
vt 0.169614 0.477793
vt 0.163939 0.464406
vt 0.101375 0.464406
vt 0.169574 0.445657
vt 0.163898 0.459044
vt 0.645092 0.732189
vt 0.645088 0.732181
vt 0.644514 0.732187
vt 0.644511 0.732196
vt 0.132393 0.770151
vt 0.132392 0.676372
vt 0.280089 0.771711
vt 0.276502 0.785892
vt 0.349913 0.785892
vt 0.349913 0.771711
vt 0.132392 0.770151
vt 0.132393 0.676372
vt 0.645079 0.732181
vt 0.645077 0.732189
vt 0.644511 0.732196
vt 0.644514 0.732187
vt 0.276502 0.785892
vt 0.273754 0.792348
vt 0.280089 0.771711
vt 0.280325 0.765255
vt 0.645588 0.732175
vt 0.645474 0.732176
vt 0.645481 0.732184
vt 0.511282 0.792348
vt 0.453733 0.792348
vt 0.645579 0.732175
vt 0.645580 0.732183
vt 0.645470 0.732185
vt 0.519741 0.765255
vt 0.459197 0.765255
vt 0.456760 0.771711
vt 0.376647 0.676372
vt 0.387159 0.770151
vt 0.387159 0.770151
vt 0.350627 0.732435
vt 0.349331 0.715332
vt 0.387159 0.770151
vt 0.329164 0.770151
vt 0.350627 0.732435
vt 0.461569 0.752438
vt 0.459197 0.765255
vt 0.519741 0.765255
vt 0.521045 0.752438
vt 0.456760 0.771711
vt 0.453774 0.785892
vt 0.517164 0.771711
vt 0.453774 0.785892
vt 0.453733 0.792348
vt 0.511282 0.792348
vt 0.512546 0.785892
vt 0.645481 0.732184
vt 0.645474 0.732176
vt 0.645299 0.732178
vt 0.645302 0.732187
vt 0.456114 0.805165
vt 0.453733 0.792348
vt 0.370290 0.792348
vt 0.370290 0.805165
vt 0.132393 0.770151
vt 0.132392 0.676372
vt 0.645468 0.732176
vt 0.645470 0.732185
vt 0.645302 0.732187
vt 0.645299 0.732178
vt 0.456760 0.771711
vt 0.459197 0.765255
vt 0.370290 0.765255
vt 0.370290 0.771711
vt 0.218274 0.770151
vt 0.248430 0.700698
vt 0.242889 0.726907
vt 0.218274 0.770151
vt 0.242889 0.726907
vt 0.274652 0.770151
vt 0.218274 0.770151
vt 0.475978 0.676372
vt 0.228804 0.676372
vt 0.218274 0.770151
vt 0.311143 0.789540
vt 0.339895 0.789540
vt 0.339895 0.743077
vt 0.311143 0.745073
vt 0.390219 0.770151
vt 0.299184 0.789540
vt 0.311143 0.824267
vt 0.339895 0.824267
vt 0.351854 0.812634
vt 0.299184 0.812634
vt 0.351854 0.789540
vt 0.339895 0.745028
vt 0.311143 0.743942
vt 0.311143 0.722432
vt 0.339895 0.723264
vt 0.339895 0.723264
vt 0.311143 0.722432
vt 0.311143 0.685593
vt 0.339895 0.685593
vt 0.351854 0.789540
vt 0.311143 0.824267
vt 0.339895 0.824267
vt 0.299184 0.789540
vt 0.143809 0.487656
vt 0.144551 0.487644
vt 0.144512 0.487556
vt 0.143745 0.487576
vt 0.143361 0.487778
vt 0.143301 0.487691
vt 0.143032 0.487822
vt 0.143119 0.487896
vt 0.143649 0.487718
vt 0.143576 0.487641
vt 0.143301 0.487691
vt 0.143361 0.487778
vt 0.143713 0.487537
vt 0.143539 0.487605
vt 0.143576 0.487641
vt 0.143745 0.487576
vt 0.143649 0.487718
vt 0.143809 0.487656
vt 0.143832 0.487685
vt 0.064319 0.302957
vt 0.064721 0.301779
vt 0.064619 0.301759
vt 0.064183 0.302939
vt 0.064382 0.303051
vt 0.064319 0.302957
vt 0.064183 0.302939
vt 0.064254 0.303034
vt 0.064191 0.309956
vt 0.065518 0.310940
vt 0.065678 0.310881
vt 0.064302 0.309899
vt 0.065518 0.310940
vt 0.065457 0.311192
vt 0.065611 0.311132
vt 0.065678 0.310881
vt 0.469731 0.785235
vt 0.431062 0.785235
vt 0.431062 0.785235
vt 0.469731 0.785235
vt 0.644489 0.682925
vt 0.644465 0.732196
vt 0.645289 0.683576
vt 0.645301 0.732182
vt 0.644533 0.682924
vt 0.644511 0.732196
vt 0.645244 0.682906
vt 0.645256 0.732187
vt 0.645246 0.681999
vt 0.645254 0.732179
vt 0.645256 0.732187
vt 0.644465 0.732196
vt 0.644489 0.682925
vt 0.022322 0.805165
vt 0.002234 0.792348
vt 0.002234 0.805165
vt 0.002234 0.771711
vt 0.002234 0.785892
vt 0.022322 0.752438
vt 0.002234 0.752438
vt 0.002234 0.765255
vt 0.645289 0.683576
vt 0.645301 0.732182
vt 0.370290 0.805165
vt 0.370290 0.792348
vt 0.349913 0.805165
vt 0.370290 0.765255
vt 0.370290 0.752438
vt 0.349913 0.752438
vt 0.475978 0.676372
vt 0.349913 0.792348
vt 0.349913 0.805165
vt 0.165725 0.752438
vt 0.475978 0.770151
vt 0.325637 0.770151
vt 0.475978 0.676372
vt 0.002234 0.785892
vt 0.002234 0.792348
vt 0.022322 0.792348
vt 0.022322 0.785892
vt 0.645244 0.682906
vt 0.645246 0.681999
vt 0.645256 0.732187
vt 0.645254 0.732179
vt 0.349913 0.785892
vt 0.349913 0.792348
vt 0.370290 0.792348
vt 0.370290 0.785892
vt 0.022322 0.785892
vt 0.022322 0.792348
vt 0.165880 0.792348
vt 0.166156 0.785892
vt 0.022322 0.771711
vt 0.022322 0.765255
vt 0.002234 0.765255
vt 0.002234 0.771711
vt 0.370290 0.771711
vt 0.370290 0.765255
vt 0.349913 0.765255
vt 0.349913 0.771711
vt 0.349913 0.771711
vt 0.349913 0.765255
vt 0.166151 0.765255
vt 0.166305 0.771711
vt 0.644465 0.732196
vt 0.644489 0.682925
vt 0.645289 0.683576
vt 0.645301 0.732182
vt 0.644511 0.732196
vt 0.644533 0.682924
vt 0.645244 0.682906
vt 0.645246 0.681999
vt 0.645256 0.732187
vt 0.645254 0.732179
vt 0.645256 0.732187
vt 0.644489 0.682925
vt 0.644465 0.732196
vt 0.022322 0.805165
vt 0.002234 0.805165
vt 0.002234 0.792348
vt 0.002234 0.785892
vt 0.002234 0.771711
vt 0.002234 0.765255
vt 0.002234 0.752438
vt 0.022322 0.752438
vt 0.645289 0.683576
vt 0.645301 0.732182
vt 0.370290 0.805165
vt 0.349913 0.805165
vt 0.370290 0.792348
vt 0.370290 0.765255
vt 0.349913 0.752438
vt 0.370290 0.752438
vt 0.475978 0.676372
vt 0.022322 0.765255
vt 0.022322 0.752438
vt 0.175523 0.752438
vt 0.475978 0.770151
vt 0.475978 0.676372
vt 0.315231 0.770151
vt 0.644533 0.682924
vt 0.644511 0.732196
vt 0.002234 0.785892
vt 0.022322 0.785892
vt 0.022322 0.792348
vt 0.002234 0.792348
vt 0.645244 0.682906
vt 0.645254 0.732179
vt 0.645256 0.732187
vt 0.645246 0.681999
vt 0.349913 0.785892
vt 0.370290 0.785892
vt 0.370290 0.792348
vt 0.349913 0.792348
vt 0.645254 0.732179
vt 0.644860 0.732183
vt 0.644860 0.732192
vt 0.645256 0.732187
vt 0.022322 0.785892
vt 0.176374 0.785892
vt 0.176221 0.792348
vt 0.022322 0.792348
vt 0.022322 0.771711
vt 0.002234 0.771711
vt 0.002234 0.765255
vt 0.022322 0.765255
vt 0.370290 0.771711
vt 0.349913 0.771711
vt 0.349913 0.765255
vt 0.370290 0.765255
vt 0.176226 0.771711
vt 0.175948 0.765255
vt 0.644838 0.732184
vt 0.644514 0.732187
vt 0.644511 0.732196
vt 0.644837 0.732192
vt 0.282577 0.770151
vt 0.132393 0.770151
vt 0.132392 0.676372
vt 0.280565 0.676372
vt 0.165880 0.792348
vt 0.165453 0.805165
vt 0.349913 0.785892
vt 0.349913 0.771711
vt 0.166151 0.765255
vt 0.349913 0.765255
vt 0.349913 0.752438
vt 0.165725 0.752438
vt 0.325637 0.770151
vt 0.132392 0.770151
vt 0.132393 0.676372
vt 0.327649 0.676372
vt 0.165880 0.792348
vt 0.349913 0.792348
vt 0.349913 0.785892
vt 0.166156 0.785892
vt 0.166151 0.765255
vt 0.166305 0.771711
vt 0.644859 0.732192
vt 0.644511 0.732196
vt 0.644514 0.732187
vt 0.644860 0.732183
vt 0.291282 0.676372
vt 0.132392 0.676372
vt 0.132393 0.770151
vt 0.293294 0.770151
vt 0.175795 0.805165
vt 0.022322 0.805165
vt 0.022322 0.792348
vt 0.176221 0.792348
vt 0.176226 0.771711
vt 0.176374 0.785892
vt 0.175523 0.752438
vt 0.175948 0.765255
vt 0.317243 0.676372
vt 0.132393 0.676372
vt 0.132392 0.770151
vt 0.315231 0.770151
vt 0.644860 0.732183
vt 0.644514 0.732187
vt 0.644511 0.732196
vt 0.644860 0.732192
vt 0.176374 0.785892
vt 0.176221 0.792348
vt 0.176226 0.771711
vt 0.022322 0.771711
vt 0.022322 0.765255
vt 0.175948 0.765255
vt 0.464051 0.818220
vt 0.469731 0.807432
vt 0.431062 0.807780
vt 0.436742 0.818220
vt 0.464051 0.818220
vt 0.436742 0.818220
vt 0.425383 0.807171
vt 0.475411 0.807171
vt 0.045159 0.058144
vt 0.045116 0.036009
vt 0.044069 0.035869
vt 0.044104 0.058016
vt 0.044104 0.058016
vt 0.044069 0.035869
vt 0.044238 0.036124
vt 0.044069 0.035869
vt 0.044196 0.059309
vt 0.044238 0.036124
vt 0.045159 0.058144
vt 0.045116 0.036009
vt 0.044069 0.035869
vt 0.044104 0.058016
vt 0.044104 0.058016
vt 0.044069 0.035869
vt 0.044238 0.036124
vt 0.044277 0.058251
vt 0.044277 0.058251
vt 0.044238 0.036124
vt 0.045116 0.036009
vt 0.045159 0.058144
vt 0.045068 0.059183
vt 0.045116 0.036009
vt 0.044069 0.035869
vt 0.044029 0.059032
vt 0.044196 0.059309
vt 0.044238 0.036124
vt 0.045159 0.058144
vt 0.045116 0.036009
vt 0.044069 0.035869
vt 0.044104 0.058016
vt 0.044104 0.058016
vt 0.044069 0.035869
vt 0.044238 0.036124
vt 0.044277 0.058251
vt 0.044277 0.058251
vt 0.044238 0.036124
vt 0.045116 0.036009
vt 0.045159 0.058144
vt 0.045096 0.058862
vt 0.044052 0.058717
vt 0.044043 0.058849
vt 0.045084 0.058996
vt 0.322451 0.000000
vt 0.322451 0.037932
vt 0.323137 0.044897
vt 0.323137 0.000000
vt 0.322451 0.000000
vt 0.322451 0.037932
vt 0.323137 0.044897
vt 0.322451 0.000000
vt 0.323137 0.000000
vt 0.323137 0.044897
vt 0.322451 0.037932
vt 0.045096 0.058862
vt 0.045113 0.058670
vt 0.044066 0.058530
vt 0.044052 0.058717
vt 0.044221 0.058981
vt 0.044236 0.058786
vt 0.045159 0.035517
vt 0.045113 0.058670
vt 0.044066 0.058530
vt 0.044104 0.035388
vt 0.044104 0.035388
vt 0.044066 0.058530
vt 0.044236 0.058786
vt 0.044277 0.035623
vt 0.044277 0.035623
vt 0.044236 0.058786
vt 0.045113 0.058670
vt 0.045159 0.035517
vt 0.045068 0.059183
vt 0.045084 0.058996
vt 0.044043 0.058849
vt 0.044029 0.059032
vt 0.044196 0.059309
vt 0.044211 0.059118
vt 0.045096 0.058862
vt 0.045084 0.058996
vt 0.044043 0.058849
vt 0.044052 0.058717
vt 0.044052 0.058717
vt 0.044043 0.058849
vt 0.044211 0.059118
vt 0.044221 0.058981
vt 0.044221 0.058981
vt 0.044211 0.059118
vt 0.045084 0.058996
vt 0.045096 0.058862
vt 0.045096 0.058862
vt 0.045113 0.058670
vt 0.044066 0.058530
vt 0.044052 0.058717
vt 0.044221 0.058981
vt 0.044236 0.058786
vt 0.045159 0.035517
vt 0.045113 0.058670
vt 0.044066 0.058530
vt 0.044104 0.035388
vt 0.044104 0.035388
vt 0.044066 0.058530
vt 0.044236 0.058786
vt 0.044277 0.035623
vt 0.044277 0.035623
vt 0.044236 0.058786
vt 0.045113 0.058670
vt 0.045159 0.035517
vt 0.045096 0.058862
vt 0.045084 0.058996
vt 0.044043 0.058849
vt 0.044052 0.058717
vt 0.044043 0.058849
vt 0.044211 0.059118
vt 0.044221 0.058981
vt 0.044211 0.059118
vt 0.045084 0.058996
vt 0.045096 0.058862
vt 0.045113 0.058670
vt 0.045159 0.035517
vt 0.044104 0.035388
vt 0.044066 0.058530
vt 0.045113 0.058670
vt 0.044104 0.035388
vt 0.044277 0.035623
vt 0.044236 0.058786
vt 0.044066 0.058530
vt 0.044277 0.035623
vt 0.045159 0.035517
vt 0.045116 0.036009
vt 0.045068 0.059183
vt 0.044069 0.035869
vt 0.044238 0.036124
vt 0.044196 0.059309
vt 0.044029 0.059032
vt 0.045159 0.058144
vt 0.044104 0.058016
vt 0.044069 0.035869
vt 0.045116 0.036009
vt 0.044104 0.058016
vt 0.044277 0.058251
vt 0.044238 0.036124
vt 0.044069 0.035869
vt 0.044277 0.058251
vt 0.045159 0.058144
vt 0.045116 0.036009
vt 0.044238 0.036124
vt 0.045068 0.059183
vt 0.045116 0.036009
vt 0.044069 0.035869
vt 0.044196 0.059309
vt 0.044238 0.036124
vt 0.045159 0.058144
vt 0.045116 0.036009
vt 0.044069 0.035869
vt 0.044104 0.058016
vt 0.044104 0.058016
vt 0.044069 0.035869
vt 0.044238 0.036124
vt 0.044277 0.058251
vt 0.044277 0.058251
vt 0.045116 0.036009
vt 0.045159 0.058144
vt 0.045113 0.058670
vt 0.044066 0.058530
vt 0.044196 0.059309
vt 0.044236 0.058786
vt 0.045159 0.035517
vt 0.045113 0.058670
vt 0.044066 0.058530
vt 0.044104 0.035388
vt 0.044104 0.035388
vt 0.044066 0.058530
vt 0.044236 0.058786
vt 0.044277 0.035623
vt 0.044277 0.035623
vt 0.045159 0.035517
vt 0.045096 0.058862
vt 0.045113 0.058670
vt 0.044066 0.058530
vt 0.044052 0.058717
vt 0.044221 0.058981
vt 0.044236 0.058786
vt 0.045159 0.035517
vt 0.045113 0.058670
vt 0.044066 0.058530
vt 0.044104 0.035388
vt 0.044104 0.035388
vt 0.044066 0.058530
vt 0.044236 0.058786
vt 0.044277 0.035623
vt 0.044277 0.035623
vt 0.044236 0.058786
vt 0.045113 0.058670
vt 0.045159 0.035517
vt 0.045137 0.058393
vt 0.045114 0.058657
vt 0.044086 0.058260
vt 0.044067 0.058517
vt 0.044237 0.058773
vt 0.044257 0.058504
vt 0.044277 0.058251
vt 0.044257 0.058504
vt 0.045137 0.058393
vt 0.045159 0.058144
vt 0.045159 0.058144
vt 0.045137 0.058393
vt 0.044086 0.058260
vt 0.044104 0.058016
vt 0.044104 0.058016
vt 0.044086 0.058260
vt 0.044257 0.058504
vt 0.044277 0.058251
vt 0.045114 0.058657
vt 0.044067 0.058517
vt 0.044067 0.058517
vt 0.044047 0.058794
vt 0.044215 0.059061
vt 0.044237 0.058773
vt 0.044237 0.058773
vt 0.044215 0.059061
vt 0.045089 0.058940
vt 0.045114 0.058657
vt 0.045068 0.059183
vt 0.045116 0.036009
vt 0.044069 0.035869
vt 0.044029 0.059032
vt 0.044196 0.059309
vt 0.044238 0.036124
vt 0.045159 0.058144
vt 0.045116 0.036009
vt 0.044069 0.035869
vt 0.044104 0.058016
vt 0.044104 0.058016
vt 0.044069 0.035869
vt 0.044238 0.036124
vt 0.044277 0.058251
vt 0.044277 0.058251
vt 0.044238 0.036124
vt 0.045116 0.036009
vt 0.045159 0.058144
vt 0.045068 0.059183
vt 0.045116 0.036009
vt 0.044069 0.035869
vt 0.044029 0.059032
vt 0.044196 0.059309
vt 0.044238 0.036124
vt 0.045159 0.058144
vt 0.045116 0.036009
vt 0.044069 0.035869
vt 0.044104 0.058016
vt 0.044104 0.058016
vt 0.044069 0.035869
vt 0.044238 0.036124
vt 0.044277 0.058251
vt 0.044277 0.058251
vt 0.044238 0.036124
vt 0.045116 0.036009
vt 0.045159 0.058144
vt 0.045116 0.036009
vt 0.045068 0.059183
vt 0.044069 0.035869
vt 0.044238 0.036124
vt 0.044196 0.059309
vt 0.044029 0.059032
vt 0.045159 0.058144
vt 0.044104 0.058016
vt 0.044069 0.035869
vt 0.045116 0.036009
vt 0.044104 0.058016
vt 0.044277 0.058251
vt 0.044238 0.036124
vt 0.044069 0.035869
vt 0.044277 0.058251
vt 0.045159 0.058144
vt 0.045116 0.036009
vt 0.044238 0.036124
vt 0.045113 0.058670
vt 0.045068 0.059183
vt 0.044066 0.058530
vt 0.044236 0.058786
vt 0.044196 0.059309
vt 0.044029 0.059032
vt 0.045159 0.035517
vt 0.044104 0.035388
vt 0.044066 0.058530
vt 0.045113 0.058670
vt 0.044104 0.035388
vt 0.044277 0.035623
vt 0.044277 0.035623
vt 0.045159 0.035517
vt 0.045113 0.058670
vt 0.044236 0.058786
vt 0.045113 0.058670
vt 0.045068 0.059183
vt 0.044066 0.058530
vt 0.044236 0.058786
vt 0.044196 0.059309
vt 0.044029 0.059032
vt 0.045159 0.035517
vt 0.044104 0.035388
vt 0.044066 0.058530
vt 0.045113 0.058670
vt 0.044104 0.035388
vt 0.044277 0.035623
vt 0.044236 0.058786
vt 0.044066 0.058530
vt 0.044277 0.035623
vt 0.045159 0.035517
vt 0.045114 0.058657
vt 0.045068 0.059183
vt 0.044067 0.058517
vt 0.044237 0.058773
vt 0.044196 0.059309
vt 0.044029 0.059032
vt 0.045114 0.058657
vt 0.044237 0.058773
vt 0.045137 0.058393
vt 0.044067 0.058517
vt 0.045114 0.058657
vt 0.044086 0.058260
vt 0.044257 0.058504
vt 0.044237 0.058773
vt 0.044067 0.058517
vt 0.044277 0.058251
vt 0.045159 0.058144
vt 0.045137 0.058393
vt 0.044257 0.058504
vt 0.045159 0.058144
vt 0.044104 0.058016
vt 0.044086 0.058260
vt 0.045137 0.058393
vt 0.044104 0.058016
vt 0.044277 0.058251
vt 0.044257 0.058504
vt 0.044086 0.058260
vt 0.045159 0.058144
vt 0.044104 0.058016
vt 0.044069 0.035869
vt 0.045116 0.036009
vt 0.044277 0.058251
vt 0.045159 0.058144
vt 0.045116 0.036009
vt 0.044238 0.036124
vt 0.045116 0.036009
vt 0.045068 0.059183
vt 0.044069 0.035869
vt 0.044238 0.036124
vt 0.044196 0.059309
vt 0.045159 0.058144
vt 0.044104 0.058016
vt 0.044069 0.035869
vt 0.045116 0.036009
vt 0.044104 0.058016
vt 0.044277 0.058251
vt 0.044238 0.036124
vt 0.044069 0.035869
vt 0.044277 0.058251
vt 0.045159 0.058144
vt 0.045116 0.036009
vt 0.044238 0.036124
vt 0.045116 0.036009
vt 0.045068 0.059183
vt 0.044069 0.035869
vt 0.044238 0.036124
vt 0.044196 0.059309
vt 0.044029 0.059032
vt 0.045159 0.058144
vt 0.044104 0.058016
vt 0.044069 0.035869
vt 0.045116 0.036009
vt 0.044104 0.058016
vt 0.044277 0.058251
vt 0.044238 0.036124
vt 0.044069 0.035869
vt 0.044277 0.058251
vt 0.045159 0.058144
vt 0.045116 0.036009
vt 0.044238 0.036124
vt 0.045096 0.058862
vt 0.045113 0.058670
vt 0.044066 0.058530
vt 0.044052 0.058717
vt 0.044221 0.058981
vt 0.044236 0.058786
vt 0.045159 0.035517
vt 0.045113 0.058670
vt 0.044066 0.058530
vt 0.044104 0.035388
vt 0.044104 0.035388
vt 0.044066 0.058530
vt 0.044236 0.058786
vt 0.044277 0.035623
vt 0.044277 0.035623
vt 0.044236 0.058786
vt 0.045113 0.058670
vt 0.045159 0.035517
vt 0.045068 0.059183
vt 0.045084 0.058996
vt 0.044043 0.058849
vt 0.044029 0.059032
vt 0.044196 0.059309
vt 0.044211 0.059118
vt 0.045096 0.058862
vt 0.044043 0.058849
vt 0.044052 0.058717
vt 0.044052 0.058717
vt 0.044043 0.058849
vt 0.044211 0.059118
vt 0.044221 0.058981
vt 0.044221 0.058981
vt 0.044211 0.059118
vt 0.045084 0.058996
vt 0.045096 0.058862
vt 0.045096 0.058862
vt 0.045113 0.058670
vt 0.044066 0.058530
vt 0.044052 0.058717
vt 0.044221 0.058981
vt 0.044236 0.058786
vt 0.045159 0.035517
vt 0.045113 0.058670
vt 0.044066 0.058530
vt 0.044104 0.035388
vt 0.044104 0.035388
vt 0.044066 0.058530
vt 0.044236 0.058786
vt 0.044277 0.035623
vt 0.045096 0.058862
vt 0.044052 0.058717
vt 0.044221 0.058981
vt 0.045068 0.059183
vt 0.045096 0.058862
vt 0.044052 0.058717
vt 0.044196 0.059309
vt 0.044221 0.058981
vt 0.045113 0.058670
vt 0.045159 0.035517
vt 0.044277 0.035623
vt 0.044236 0.058786
vt 0.045137 0.058393
vt 0.045114 0.058657
vt 0.044086 0.058260
vt 0.044067 0.058517
vt 0.044237 0.058773
vt 0.044257 0.058504
vt 0.044277 0.058251
vt 0.044257 0.058504
vt 0.045137 0.058393
vt 0.045159 0.058144
vt 0.045159 0.058144
vt 0.045137 0.058393
vt 0.044086 0.058260
vt 0.044104 0.058016
vt 0.045114 0.058657
vt 0.044067 0.058517
vt 0.044067 0.058517
vt 0.044047 0.058794
vt 0.044215 0.059061
vt 0.044237 0.058773
vt 0.044237 0.058773
vt 0.044215 0.059061
vt 0.045089 0.058940
vt 0.045114 0.058657
vt 1.335511 0.265818
vt 0.056233 0.075847
vt 0.056419 0.075680
vt 0.057080 0.075701
vt 0.057401 0.075717
vt 0.056419 0.075680
vt 0.056757 0.075634
vt 0.056407 0.075695
vt 0.056767 0.075632
vt 0.057080 0.075701
vt 0.057094 0.075717
vt 0.056769 0.075646
vt 0.057401 0.075717
vt 0.057655 0.076029
vt 0.057428 0.075734
vt 0.057655 0.076029
vt 0.057636 0.076133
vt 0.057693 0.076059
vt 1.272930 0.298223
vt 1.235683 0.263659
vt 1.238670 0.247512
vt 1.318818 0.300210
vt 1.375817 0.305318
vt 1.374542 0.305592
vt 1.335511 0.300210
vt 1.335511 0.241880
vt 1.416440 0.296592
vt 1.440584 0.271626
vt 0.056372 0.075983
vt 0.056392 0.075899
vt 0.056233 0.075847
vt 0.056174 0.075905
vt 0.056600 0.075995
vt 0.056644 0.075882
vt 0.056392 0.075899
vt 0.056372 0.075983
vt 0.056809 0.076020
vt 0.056817 0.075913
vt 0.056644 0.075882
vt 0.056600 0.075995
vt 0.057636 0.076133
vt 0.057278 0.076226
vt 0.057286 0.076327
vt 0.057666 0.076212
vt 0.057278 0.076226
vt 0.057105 0.076179
vt 0.057054 0.076251
vt 0.057286 0.076327
vt 0.057105 0.076179
vt 0.057057 0.075998
vt 0.057000 0.076104
vt 0.057054 0.076251
vt 0.056817 0.075913
vt 0.056809 0.076020
vt 0.057000 0.076104
vt 0.057057 0.075998
vt 1.374542 0.305592
vt 1.318818 0.300210
vt 0.044043 0.058849
vt 0.044196 0.059309
vt 0.044211 0.059118
vt 0.045096 0.058862
vt 0.045113 0.058670
vt 0.044066 0.058530
vt 0.044052 0.058717
vt 0.044221 0.058981
vt 0.044236 0.058786
vt 0.045159 0.035517
vt 0.045113 0.058670
vt 0.044066 0.058530
vt 0.044104 0.035388
vt 0.044104 0.035388
vt 0.044066 0.058530
vt 0.044236 0.058786
vt 0.044277 0.035623
vt 0.044277 0.035623
vt 0.044236 0.058786
vt 0.045113 0.058670
vt 0.045159 0.035517
vt 0.045096 0.058862
vt 0.045084 0.058996
vt 0.044043 0.058849
vt 0.044052 0.058717
vt 0.044043 0.058849
vt 0.044211 0.059118
vt 0.045116 0.036009
vt 0.045068 0.059183
vt 0.044069 0.035869
vt 0.044238 0.036124
vt 0.044196 0.059309
vt 0.044029 0.059032
vt 0.044104 0.058016
vt 0.044277 0.058251
vt 0.044238 0.036124
vt 0.044069 0.035869
vt 0.044277 0.058251
vt 0.045159 0.058144
vt 0.045116 0.036009
vt 0.044238 0.036124
vt 0.044069 0.035869
vt 0.044029 0.059032
vt 0.044196 0.059309
vt 0.044238 0.036124
vt 0.045068 0.059183
vt 0.045113 0.058670
vt 0.044066 0.058530
vt 0.044029 0.059032
vt 0.044196 0.059309
vt 0.044236 0.058786
vt 0.044104 0.035388
vt 0.044066 0.058530
vt 0.044236 0.058786
vt 0.044277 0.035623
vt 0.044277 0.035623
vt 0.045159 0.035517
vt 0.044104 0.035388
vt 0.044066 0.058530
vt 0.044236 0.058786
vt 0.044277 0.035623
vt 0.044277 0.035623
vt 0.044236 0.058786
vt 0.045113 0.058670
vt 0.045159 0.035517
vt 0.044052 0.058717
vt 0.044029 0.059032
vt 0.044196 0.059309
vt 0.044221 0.058981
vt 0.045137 0.058393
vt 0.045114 0.058657
vt 0.044086 0.058260
vt 0.044067 0.058517
vt 0.044237 0.058773
vt 0.044257 0.058504
vt 0.045159 0.058144
vt 0.045137 0.058393
vt 0.044086 0.058260
vt 0.044104 0.058016
vt 0.044104 0.058016
vt 0.044086 0.058260
vt 0.044257 0.058504
vt 0.044277 0.058251
vt 0.045114 0.058657
vt 0.044067 0.058517
vt 0.044067 0.058517
vt 0.044215 0.059061
vt 0.044237 0.058773
vt 0.045068 0.059183
vt 0.045116 0.036009
vt 0.044069 0.035869
vt 0.044029 0.059032
vt 0.044196 0.059309
vt 0.044238 0.036124
vt 0.044104 0.058016
vt 0.044069 0.035869
vt 0.044238 0.036124
vt 0.044277 0.058251
vt 0.044277 0.058251
vt 0.044238 0.036124
vt 0.045116 0.036009
vt 0.045159 0.058144
vt 0.044104 0.058016
vt 0.044069 0.035869
vt 0.044238 0.036124
vt 0.044277 0.058251
vt 0.044277 0.058251
vt 0.044238 0.036124
vt 0.045116 0.036009
vt 0.045159 0.058144
vt 0.044104 0.058016
vt 0.044277 0.058251
vt 0.044238 0.036124
vt 0.044069 0.035869
vt 0.044277 0.058251
vt 0.045159 0.058144
vt 0.045116 0.036009
vt 0.044238 0.036124
vt 0.045113 0.058670
vt 0.045068 0.059183
vt 0.044066 0.058530
vt 0.044236 0.058786
vt 0.044196 0.059309
vt 0.044029 0.059032
vt 0.045159 0.035517
vt 0.044104 0.035388
vt 0.044066 0.058530
vt 0.045113 0.058670
vt 0.044104 0.035388
vt 0.044277 0.035623
vt 0.044277 0.035623
vt 0.045159 0.035517
vt 0.045113 0.058670
vt 0.044236 0.058786
vt 0.045113 0.058670
vt 0.045068 0.059183
vt 0.045159 0.035517
vt 0.044104 0.035388
vt 0.044066 0.058530
vt 0.044277 0.035623
vt 0.045159 0.035517
vt 0.044067 0.058517
vt 0.044237 0.058773
vt 0.044196 0.059309
vt 0.044029 0.059032
vt 0.045114 0.058657
vt 0.044237 0.058773
vt 0.044086 0.058260
vt 0.044257 0.058504
vt 0.044237 0.058773
vt 0.044067 0.058517
vt 0.044277 0.058251
vt 0.045159 0.058144
vt 0.045137 0.058393
vt 0.044257 0.058504
vt 0.044104 0.058016
vt 0.044277 0.058251
vt 0.044257 0.058504
vt 0.044086 0.058260
vt 0.045116 0.036009
vt 0.045068 0.059183
vt 0.045116 0.036009
vt 0.045068 0.059183
vt 0.044069 0.035869
vt 0.044238 0.036124
vt 0.044196 0.059309
vt 0.044029 0.059032
vt 0.044104 0.058016
vt 0.044277 0.058251
vt 0.044238 0.036124
vt 0.044069 0.035869
vt 0.044277 0.058251
vt 0.045159 0.058144
vt 0.045116 0.036009
vt 0.044238 0.036124
vt 0.045116 0.036009
vt 0.045068 0.059183
vt 0.044069 0.035869
vt 0.044238 0.036124
vt 0.044196 0.059309
vt 0.045159 0.058144
vt 0.044104 0.058016
vt 0.044069 0.035869
vt 0.044104 0.058016
vt 0.044277 0.058251
vt 0.044238 0.036124
vt 0.044069 0.035869
vt 0.044277 0.058251
vt 0.045159 0.058144
vt 0.045116 0.036009
vt 0.044238 0.036124
vt 0.044043 0.058849
vt 0.044196 0.059309
vt 0.044211 0.059118
vt 0.045096 0.058862
vt 0.045113 0.058670
vt 0.044066 0.058530
vt 0.044052 0.058717
vt 0.044221 0.058981
vt 0.044236 0.058786
vt 0.044104 0.035388
vt 0.044066 0.058530
vt 0.044236 0.058786
vt 0.044277 0.035623
vt 0.044052 0.058717
vt 0.044029 0.059032
vt 0.044196 0.059309
vt 0.044221 0.058981
vt 0.045113 0.058670
vt 0.045159 0.035517
vt 0.044277 0.035623
vt 0.044236 0.058786
vt 0.045137 0.058393
vt 0.045114 0.058657
vt 0.044086 0.058260
vt 0.044067 0.058517
vt 0.044237 0.058773
vt 0.044257 0.058504
vt 0.045159 0.058144
vt 0.045137 0.058393
vt 0.044086 0.058260
vt 0.044104 0.058016
vt 0.044104 0.058016
vt 0.044086 0.058260
vt 0.044257 0.058504
vt 0.044277 0.058251
vt 0.045114 0.058657
vt 0.044067 0.058517
vt 0.044067 0.058517
vt 0.044047 0.058794
vt 0.044215 0.059061
vt 0.044237 0.058773
vt 0.062712 0.459044
vt 0.050173 0.474143
vt 0.066581 0.459044
vt 0.061573 0.464406
vt 0.065442 0.477793
vt 0.028145 0.477204
vt 0.043873 0.475953
vt 0.399160 0.964497
vt 0.230368 0.964497
vt 0.230368 0.951379
vt 0.399124 0.951379
vt 0.415763 0.951379
vt 0.230368 0.964497
vt 0.415800 0.964497
vt 0.492926 0.964497
vt 0.399160 0.964497
vt 0.399124 0.951379
vt 0.493895 0.951379
vt 0.507372 0.951379
vt 0.415763 0.951379
vt 0.415800 0.964497
vt 0.506403 0.964497
vt 0.507372 0.960220
vt 0.612509 0.960220
vt 0.600803 0.999663
vt 0.493895 0.999663
vt 0.107057 0.960260
vt 0.214019 0.960260
vt 0.227496 0.999703
vt 0.118763 0.999703
vt 0.601659 0.964497
vt 0.492926 0.964497
vt 0.493895 0.951379
vt 0.600803 0.951379
vt 0.612509 0.951379
vt 0.507372 0.951379
vt 0.506403 0.964497
vt 0.613364 0.964497
vt 0.424206 0.960220
vt 0.474836 0.960220
vt 0.459584 0.999663
vt 0.408069 0.999663
vt 0.408956 0.972114
vt 0.230368 0.972114
vt 0.230368 0.958996
vt 0.408069 0.958996
vt 0.424206 0.958996
vt 0.230368 0.958996
vt 0.230368 0.972114
vt 0.425093 0.972114
vt 0.246558 0.960260
vt 0.295329 0.960260
vt 0.311466 0.999703
vt 0.261810 0.999703
vt 0.458612 0.972114
vt 0.408956 0.972114
vt 0.408069 0.958996
vt 0.459584 0.958996
vt 0.474836 0.958996
vt 0.424206 0.958996
vt 0.425093 0.972114
vt 0.473864 0.972114
vt 0.070903 0.255383
vt 0.070854 0.255552
vt 0.072373 0.255837
vt 0.072313 0.255630
vt 0.065901 0.496746
vt 0.050173 0.492681
vt 0.050173 0.474143
vt 0.050173 0.492681
vt 0.043873 0.491557
vt 0.043873 0.475953
vt 0.043873 0.477204
vt 0.043873 0.495622
vt 0.050173 0.496746
vt 0.050173 0.475395
vt 0.028145 0.437175
vt 0.043873 0.437175
vt 0.062712 0.459044
vt 0.086618 0.459044
vt 0.091107 0.445657
vt 0.066581 0.445657
vt 0.084492 0.464406
vt 0.086618 0.459044
vt 0.091107 0.459044
vt 0.088981 0.464406
vt 0.061573 0.464406
vt 0.020589 0.477793
vt 0.065442 0.477793
vt 1.318818 0.391474
vt 1.318818 0.445883
vt 1.318818 0.356584
vt 1.335511 0.445883
vt 1.335511 0.445883
vt 1.372251 0.443620
vt 1.372251 0.443620
vt 1.287929 0.399955
vt 1.287929 0.399955
vt 1.282724 0.420682
vt 1.282724 0.420682
vt 1.282724 0.420682
vt 1.282724 0.420682
vt 1.318818 0.445883
vt 1.318818 0.445883
vt 1.374924 0.389368
vt 1.374924 0.389368
vt 1.374659 0.358627
vt 1.374659 0.358627
vt 1.318818 0.356584
vt 1.318818 0.356584
vt 1.289198 0.379309
vt 1.289198 0.379309
vt 1.289198 0.379309
vt 1.289198 0.379309
vt 1.287929 0.399955
vt 1.287929 0.399955
vt 1.372251 0.443620
vt 1.372251 0.443620
vt 1.401661 0.418656
vt 1.401661 0.418656
vt 1.401661 0.418656
vt 1.401661 0.418656
vt 1.374924 0.389368
vt 1.374924 0.389368
vt 1.374659 0.358627
vt 1.374659 0.358627
vt 1.356272 0.347851
vt 1.356272 0.347851
vt 1.356272 0.347851
vt 1.356272 0.347851
vt 1.335511 0.356585
vt 1.335511 0.356585
vt 1.335511 0.155098
vt 1.335511 0.189400
vt 1.335511 0.155098
vt 1.335511 0.189400
vt 1.416373 0.170148
vt 1.458363 0.185708
vt 1.458363 0.185708
vt 1.416373 0.170148
vt 1.458363 0.185708
vt 1.457670 0.232567
vt 1.457670 0.232567
vt 1.458363 0.185708
vt 1.293187 0.190076
vt 1.318818 0.155098
vt 1.318818 0.155098
vt 1.400166 0.140065
vt 1.416373 0.170148
vt 1.416373 0.170148
vt 1.400166 0.140065
vt 1.335511 0.144054
vt 1.355757 0.127979
vt 1.355757 0.127979
vt 1.335511 0.144054
vt 1.355757 0.127979
vt 1.400166 0.140065
vt 1.400166 0.140065
vt 1.355757 0.127979
vt 1.335511 0.155098
vt 1.335511 0.144054
vt 1.335511 0.144054
vt 1.335511 0.155098
vt 1.242080 0.207689
vt 1.293187 0.190076
vt 1.293187 0.190076
vt 1.335511 0.445883
vt 1.353785 0.475441
vt 1.335511 0.445883
vt 1.353785 0.475441
vt 1.350210 0.508714
vt 1.353785 0.475441
vt 1.353785 0.475441
vt 1.350210 0.508714
vt 1.318818 0.445883
vt 1.273300 0.459822
vt 1.273300 0.459822
vt 1.318818 0.445883
vt 1.373634 0.465637
vt 1.372251 0.443620
vt 1.372251 0.443620
vt 1.373634 0.465637
vt 1.372251 0.443620
vt 1.335511 0.445883
vt 1.335511 0.445883
vt 1.372251 0.443620
vt 1.273300 0.459822
vt 1.260964 0.484788
vt 1.260964 0.484788
vt 1.273300 0.459822
vt 1.335511 0.520399
vt 1.364439 0.553925
vt 1.364439 0.553925
vt 1.438220 0.566765
vt 1.438220 0.566765
vt 1.476356 0.545946
vt 1.476356 0.545946
vt 1.447805 0.508714
vt 1.350210 0.508714
vt 1.335511 0.520399
vt 1.335511 0.520399
vt 1.447805 0.508714
vt 1.447805 0.508714
vt 1.406377 0.498599
vt 1.406377 0.498599
vt 1.387890 0.472986
vt 1.387890 0.472986
vt 1.387890 0.472986
vt 1.373634 0.465637
vt 1.373634 0.465637
vt 1.373634 0.465637
vt 1.353785 0.475441
vt 1.353785 0.475441
vt 1.353785 0.475441
vt 1.350210 0.508714
vt 1.350210 0.508714
vt 1.353785 0.475441
vt 1.387890 0.472986
vt 1.364439 0.553925
vt 1.438220 0.566765
vt 1.476356 0.545946
vt 1.447805 0.508714
vt 1.406377 0.498599
vt 1.476356 0.545946
vt 1.438220 0.566765
vt 1.350210 0.508714
vt 1.335511 0.520399
vt 1.406377 0.498599
vt 1.230349 0.276833
vt 1.246688 0.297096
vt 1.246688 0.297096
vt 1.230349 0.276833
vt 1.160084 0.256562
vt 1.230349 0.276833
vt 1.230349 0.276833
vt 1.246688 0.297096
vt 1.211577 0.328162
vt 1.246688 0.297096
vt 1.166198 0.329130
vt 1.160345 0.340472
vt 1.160345 0.340472
vt 1.166198 0.329130
vt 1.160345 0.340472
vt 1.133851 0.351396
vt 1.133851 0.351396
vt 0.720422 0.972114
vt 0.493812 0.972114
vt 0.526727 0.833190
vt 0.527455 0.843441
vt 0.237964 0.995443
vt 0.241256 0.969753
vt 0.237832 0.999895
vt 0.237964 0.995443
vt 0.042123 0.995443
vt 0.210585 0.995443
vt 0.042123 0.995443
vt 0.364229 0.843671
vt 0.142172 0.843671
vt 0.145043 0.843441
vt 0.478309 0.969753
vt 0.478309 0.965300
vt 0.212705 0.965300
vt 0.212839 0.969753
vt 0.719043 0.865000
vt 0.719043 0.779854
vt 0.295880 0.779855
vt 0.719043 0.865000
vt 0.719043 0.779854
vt 0.281992 0.779855
vt 0.132607 0.901439
vt 0.719043 0.865000
vt 0.719043 0.779854
vt 0.280882 0.779855
vt 0.041892 0.865000
vt 0.002817 0.865000
vt 0.041892 0.865000
vt 0.002817 0.865000
vt 0.373877 0.705225
vt 0.442694 0.705225
vt 0.456225 0.766717
vt 0.360198 0.766717
vt 0.373877 0.759411
vt 0.442694 0.759411
vt 0.509220 0.843441
vt 0.509557 0.833190
vt 0.278136 0.995546
vt 0.279658 0.969857
vt 0.224329 0.969753
vt 0.225851 0.995443
vt 0.193998 0.737837
vt 0.194432 0.748406
vt 0.478309 0.969857
vt 0.279658 0.969857
vt 0.276595 0.965406
vt 0.042123 0.995443
vt 0.225851 0.995443
vt 0.222823 0.999895
vt 0.042123 0.995443
vt 0.273665 0.995443
vt 0.195215 0.843671
vt 0.364229 0.843671
vt 0.361677 0.773067
vt 0.196532 0.843441
vt 0.478309 0.969753
vt 0.274708 0.969753
vt 0.275275 0.965300
vt 0.478309 0.965300
vt 0.719043 0.865000
vt 0.404882 0.779855
vt 0.719043 0.779854
vt 0.199060 0.901439
vt 0.719043 0.865000
vt 0.398529 0.779855
vt 0.719043 0.779854
vt 0.195587 0.901439
vt 0.719043 0.865000
vt 0.393956 0.779855
vt 0.719043 0.779854
vt 0.002817 0.865000
vt 0.041892 0.865000
vt 0.002817 0.865000
vt 0.041892 0.865000
vt 0.002817 0.865000
vt 0.041892 0.865000
vt 0.323262 0.999664
vt 0.397158 0.999703
vt 0.398802 0.960259
vt 0.323262 0.999664
vt 0.321617 0.960220
vt 0.490054 0.960220
vt 0.490054 0.999664
vt 0.290615 0.999664
vt 0.215230 0.999664
vt 0.507347 0.999703
vt 0.511022 0.960259
vt 0.211556 0.960220
vt 0.522400 0.831370
vt 0.523330 0.843671
vt 0.241256 0.969753
vt 0.242011 0.965300
vt 0.042123 0.965300
vt 0.042123 0.969753
vt 0.240212 0.865000
vt 0.241417 0.780189
vt 0.005378 0.780189
vt 0.005378 0.865000
vt 0.358119 0.865000
vt 0.359416 0.780189
vt 0.005378 0.780189
vt 0.005378 0.865000
vt 0.357714 0.865000
vt 0.357120 0.780189
vt 0.005378 0.780189
vt 0.005378 0.865000
vt 0.125328 0.902504
vt 0.124242 0.884991
vt 0.368060 0.884991
vt 0.368060 0.902504
vt 0.196020 0.773067
vt 0.196360 0.781875
vt 0.509442 0.734579
vt 0.528287 0.707900
vt 0.360608 0.707900
vt 0.360608 0.734579
vt 0.511128 0.843671
vt 0.511558 0.831370
vt 0.274662 1.000000
vt 0.278136 0.995546
vt 0.478309 0.995546
vt 0.478309 1.000000
vt 0.220890 0.965300
vt 0.224329 0.969753
vt 0.042123 0.969753
vt 0.042123 0.965300
vt 0.201875 0.780189
vt 0.202432 0.865000
vt 0.005378 0.865000
vt 0.005378 0.780189
vt 0.229514 0.884991
vt 0.232461 0.902504
vt 0.368060 0.902504
vt 0.210451 0.780189
vt 0.211276 0.865000
vt 0.005378 0.865000
vt 0.005378 0.780189
vt 0.225051 0.884991
vt 0.226543 0.902504
vt 0.368060 0.902504
vt 0.368060 0.884991
vt 0.220287 0.780189
vt 0.223106 0.865000
vt 0.005378 0.865000
vt 0.005378 0.780189
vt 0.220445 0.884991
vt 0.219755 0.902504
vt 0.368060 0.902504
vt 0.368060 0.884991
vt 0.070803 0.309281
vt 0.070761 0.308763
vt 0.070486 0.308800
vt 0.070539 0.309316
vt 0.070761 0.308763
vt 0.070877 0.308047
vt 0.070609 0.308024
vt 0.070486 0.308800
vt 0.135862 0.999664
vt 0.129693 0.965708
vt 0.211556 0.960220
vt 0.215230 0.999664
vt 0.590997 0.974038
vt 0.511022 0.960259
vt 0.067378 0.310446
vt 0.067674 0.310091
vt 0.067535 0.310068
vt 0.067208 0.310428
vt 0.067347 0.311035
vt 0.067378 0.310446
vt 0.067208 0.310428
vt 0.067155 0.311036
vt 0.067344 0.311361
vt 0.067396 0.311182
vt 0.067211 0.311101
vt 0.067163 0.311341
vt 0.067396 0.311182
vt 0.067347 0.311035
vt 0.067155 0.311036
vt 0.067211 0.311101
vt 0.042123 0.995443
vt 0.042123 0.969753
vt 0.042123 0.999895
vt 0.042123 0.995443
vt 0.141596 0.995443
vt 0.003461 0.833190
vt 0.003461 0.843441
vt 0.004348 0.883925
vt 0.004348 0.901439
vt 0.004348 0.883925
vt 0.004348 0.901439
vt 0.003461 0.843671
vt 0.085295 0.843671
vt 0.141333 0.969753
vt 0.042123 0.969753
vt 0.042123 0.965300
vt 0.140731 0.965300
vt 0.190472 0.865000
vt 0.041892 0.865000
vt 0.041892 0.779855
vt 0.190347 0.779855
vt 0.084153 0.901439
vt 0.084670 0.883925
vt 0.191884 0.865000
vt 0.041892 0.865000
vt 0.041892 0.779855
vt 0.191760 0.779855
vt 0.084912 0.901439
vt 0.196672 0.865000
vt 0.041892 0.865000
vt 0.041892 0.779855
vt 0.195417 0.779855
vt 0.341874 0.865000
vt 0.354373 0.865000
vt 0.353276 0.779855
vt 0.366674 0.865000
vt 0.196672 0.865000
vt 0.195417 0.779855
vt 0.363871 0.779855
vt 0.263954 0.718545
vt 0.263972 0.718559
vt 0.263976 0.718520
vt 0.263958 0.718505
vt 0.264080 0.718073
vt 0.264100 0.718107
vt 0.264105 0.718056
vt 0.264086 0.718020
vt 0.042123 0.995443
vt 0.042123 0.969753
vt 0.042123 0.999895
vt 0.155088 0.995443
vt 0.042123 0.995443
vt 0.718825 0.748406
vt 0.478309 0.969857
vt 0.478309 0.995546
vt 0.478309 0.965406
vt 0.362581 0.969857
vt 0.478309 0.969857
vt 0.003461 0.833190
vt 0.003461 0.843441
vt 0.004348 0.883925
vt 0.004348 0.901439
vt 0.004348 0.883925
vt 0.004348 0.901439
vt 0.478309 1.000000
vt 0.478309 0.995546
vt 0.363184 0.995546
vt 0.362835 1.000000
vt 0.718825 0.773067
vt 0.623649 0.773067
vt 0.421523 0.779855
vt 0.329417 0.779855
vt 0.407814 0.779855
vt 0.208543 0.779855
vt 0.208259 0.865000
vt 0.200247 0.901439
vt 0.403679 0.779855
vt 0.210166 0.779855
vt 0.211107 0.865000
vt 0.198556 0.901439
vt 0.224546 0.969753
vt 0.154582 0.999895
vt 0.222762 0.999895
vt 0.222683 0.995443
vt 0.155088 0.995443
vt 0.362071 0.965406
vt 0.297572 0.969857
vt 0.362581 0.969857
vt 0.154825 0.833190
vt 0.158249 0.901439
vt 0.094095 0.883925
vt 0.200158 0.883925
vt 0.200247 0.901439
vt 0.093707 0.901439
vt 0.570907 0.773067
vt 0.096475 0.843671
vt 0.003461 0.843671
vt 0.003461 0.831370
vt 0.096302 0.831370
vt 0.155348 0.965300
vt 0.042123 0.965300
vt 0.042123 0.969753
vt 0.155691 0.969753
vt 0.211780 0.779855
vt 0.041892 0.779855
vt 0.041892 0.865000
vt 0.211496 0.865000
vt 0.278161 0.884991
vt 0.041892 0.779855
vt 0.041892 0.865000
vt 0.210166 0.779855
vt 0.041892 0.779855
vt 0.041892 0.865000
vt 0.211107 0.865000
vt 0.489834 0.779855
vt 0.487891 0.865000
vt 0.478676 0.779855
vt 0.403679 0.779855
vt 0.403464 0.865000
vt 0.476617 0.865000
vt 0.207610 0.901439
vt 0.225129 0.965300
vt 0.155348 0.965300
vt 0.155691 0.969753
vt 0.224546 0.969753
vt 0.290584 0.969753
vt 0.222762 0.999895
vt 0.287784 0.999895
vt 0.288030 0.995443
vt 0.222683 0.995443
vt 0.297656 0.965406
vt 0.230343 0.969857
vt 0.297572 0.969857
vt 0.209327 0.833190
vt 0.299437 0.995546
vt 0.232896 0.995546
vt 0.233339 1.000000
vt 0.515590 0.773067
vt 0.568565 0.811312
vt 0.514456 0.811312
vt 0.515021 0.784633
vt 0.570492 0.784633
vt 0.444348 0.711845
vt 0.457938 0.686045
vt 0.361484 0.685702
vt 0.375224 0.711599
vt 0.457938 0.704668
vt 0.457938 0.787280
vt 0.457938 0.772707
vt 0.444348 0.765433
vt 0.361484 0.704324
vt 0.375224 0.765187
vt 0.361484 0.772363
vt 0.361484 0.786936
vt 0.300565 0.744763
vt 0.300518 0.744752
vt 0.300512 0.744836
vt 0.300559 0.744848
vt 0.300177 0.743713
vt 0.300141 0.743716
vt 0.300129 0.743804
vt 0.300165 0.743803
vt 0.300080 0.743555
vt 0.300037 0.743562
vt 0.300023 0.743663
vt 0.300066 0.743658
vt 0.478309 0.995443
vt 0.478309 0.969753
vt 0.209832 0.999895
vt 0.478309 0.999895
vt 0.478309 0.995443
vt 0.210585 0.995443
vt 0.003461 0.843671
vt 0.003461 0.831370
vt 0.212705 0.965300
vt 0.042123 0.965300
vt 0.042123 0.969753
vt 0.212839 0.969753
vt 0.231231 0.884991
vt 0.368060 0.884991
vt 0.368060 0.902504
vt 0.231638 0.902504
vt 0.041892 0.779855
vt 0.041892 0.865000
vt 0.041892 0.779855
vt 0.041892 0.865000
vt 0.133046 0.883925
vt 0.368060 0.883925
vt 0.368060 0.901439
vt 0.132607 0.901439
vt 0.238830 0.884991
vt 0.368060 0.902504
vt 0.239694 0.902504
vt 0.280882 0.779855
vt 0.041892 0.865000
vt 0.281962 0.865000
vt 0.134152 0.883925
vt 0.368060 0.883925
vt 0.368060 0.901439
vt 0.133294 0.901439
vt 0.478309 0.969753
vt 0.478309 0.995443
vt 0.273665 0.995443
vt 0.478309 0.995443
vt 0.478309 0.999895
vt 0.273963 0.999895
vt 0.003461 0.831370
vt 0.003461 0.843671
vt 0.274708 0.969753
vt 0.042123 0.969753
vt 0.042123 0.965300
vt 0.275275 0.965300
vt 0.041892 0.865000
vt 0.041892 0.779855
vt 0.199060 0.901439
vt 0.368060 0.901439
vt 0.368060 0.883925
vt 0.198648 0.883925
vt 0.176503 0.902504
vt 0.368060 0.902504
vt 0.368060 0.884991
vt 0.041892 0.865000
vt 0.041892 0.779855
vt 0.195587 0.901439
vt 0.368060 0.901439
vt 0.368060 0.883925
vt 0.195149 0.883925
vt 0.368060 0.884991
vt 0.392891 0.865000
vt 0.041892 0.779855
vt 0.393956 0.779855
vn 0.311546 0.584973 -0.748830
vn 0.313501 0.583023 -0.749535
vn 0.311546 0.584973 -0.748830
vn 0.313501 0.583023 -0.749535
vn 0.343977 0.583485 -0.735680
vn 0.343940 0.583552 -0.735645
vn 0.327525 0.583684 -0.742994
vn 0.326620 0.583645 -0.743423
vn 0.326474 0.584054 -0.743166
vn 0.327401 0.583992 -0.742807
vn 0.369788 0.576812 -0.728386
vn 0.306988 0.582646 -0.752517
vn 0.369788 0.576812 -0.728386
vn 0.306988 0.582646 -0.752517
vn 0.352632 0.579172 -0.734990
vn 0.352632 0.579172 -0.734990
vn 0.330090 0.581070 -0.743908
vn 0.329278 0.581132 -0.744219
vn 0.369788 0.576812 -0.728386
vn 0.369788 0.576812 -0.728386
vn 0.256576 -0.783367 -0.566132
vn 0.200014 -0.799459 -0.566445
vn 0.236496 -0.779069 -0.580621
vn 0.242588 -0.825693 -0.509296
vn -0.239174 0.796301 0.555608
vn -0.961625 0.108804 -0.251873
vn -0.258142 0.765973 0.588769
vn -0.196148 0.798087 0.569722
vn -0.220126 0.802802 0.554124
vn -0.252785 0.784845 0.565790
vn -0.240432 0.781424 0.575820
vn -0.252116 0.795602 0.550868
vn -0.252116 0.795602 0.550868
vn -0.290484 0.783816 0.548864
vn -0.297131 0.794876 0.529042
vn -0.916210 -0.054518 -0.396974
vn 0.914051 0.055766 0.401748
vn -0.280495 0.792609 0.541381
vn -0.912578 -0.050619 -0.405759
vn -0.293771 0.789365 0.539075
vn -0.237734 0.771135 0.590621
vn -0.936212 0.021635 -0.350769
vn 0.918077 0.058183 0.392111
vn 0.912265 0.049121 0.406645
vn 0.915734 0.053101 0.398262
vn 0.275303 -0.762463 -0.585542
vn -0.276632 0.734858 0.619240
vn -0.920207 -0.034032 -0.389950
vn -0.916249 -0.054376 -0.396902
vn -0.273664 0.773678 0.571428
vn 0.269947 -0.777824 -0.567555
vn 0.269947 -0.777824 -0.567554
vn 0.920208 0.034027 0.389949
vn -0.247559 0.822841 0.511515
vn 0.920209 0.034027 0.389946
vn 0.271145 -0.770925 -0.576330
vn 0.920209 0.034026 0.389947
vn -0.272537 0.767420 0.580337
vn -0.272317 0.771260 0.575328
vn -0.284238 0.771598 0.569074
vn 0.082124 0.813929 -0.575131
vn -0.230748 0.800633 0.552940
vn -0.196148 0.798087 0.569722
vn -0.202327 0.800820 0.563694
vn -0.241516 0.781302 0.575533
vn -0.198222 0.791253 0.578470
vn -0.207284 0.787619 0.580250
vn 0.825327 0.240634 0.510814
vn -0.252385 0.784522 0.566417
vn 0.847475 0.530695 -0.012268
vn -0.252116 0.795602 0.550868
vn -0.252116 0.795602 0.550868
vn -0.257563 0.797938 0.544937
vn -0.960146 0.110959 -0.256531
vn -0.258142 0.765973 0.588769
vn -0.936212 0.021635 -0.350769
vn 0.179611 0.633027 -0.753006
vn 0.920808 0.037997 0.388161
vn 0.634179 0.512731 -0.578727
vn 0.254598 -0.779000 -0.573008
vn 0.865967 0.475019 -0.156395
vn 0.658298 0.549833 -0.514128
vn 0.259048 -0.789697 -0.556123
vn 0.197036 -0.801514 -0.564582
vn 0.208120 -0.785669 -0.582589
vn 0.198430 -0.792469 -0.576731
vn 0.194871 -0.793662 -0.576304
vn 0.242351 -0.825802 -0.509232
vn 0.195953 -0.805081 -0.559863
vn 0.248224 0.700427 -0.669169
vn -0.921240 -0.039860 -0.386947
vn 0.242351 -0.825802 -0.509232
vn 0.243382 -0.825328 -0.509510
vn -0.074441 0.545922 -0.834523
vn -0.952699 0.124182 -0.277388
vn -0.952699 0.124182 -0.277388
vn -0.237735 0.771135 0.590621
vn -0.275014 0.744149 0.608777
vn -0.237735 0.771135 0.590621
vn 0.249303 -0.817544 -0.519106
vn 0.921958 0.036061 0.385608
vn -0.265645 0.789521 0.553253
vn 0.921147 0.038378 0.387318
vn 0.921170 0.038486 0.387252
vn 0.269724 -0.768453 -0.580285
vn -0.237734 0.771135 0.590621
vn -0.253250 0.817439 0.517357
vn -0.258132 0.820121 0.510657
vn -0.953967 0.121432 -0.274230
vn 0.920814 0.038168 0.388130
vn -0.921032 -0.036104 -0.387810
vn -0.258552 0.798212 0.544068
vn -0.920919 -0.035626 -0.388124
vn -0.258843 0.795847 0.547383
vn -0.920988 -0.035923 -0.387932
vn 0.920920 0.035623 0.388121
vn 0.224679 0.762764 -0.606392
vn 0.261568 -0.824263 -0.502168
vn 0.252576 -0.819237 -0.514836
vn 0.920796 0.037280 0.388260
vn -0.920918 -0.035627 -0.388125
vn 0.286394 -0.722862 -0.628848
vn -0.920920 -0.035627 -0.388121
vn 0.770964 0.274265 0.574799
vn 0.770964 0.274265 0.574799
vn 0.920919 0.035626 0.388123
vn 0.920919 0.035626 0.388123
vn 0.920848 0.036543 0.388207
vn 0.286044 -0.726927 -0.624305
vn -0.282497 0.720808 0.632955
vn 0.286424 -0.722781 -0.628927
vn 0.920920 0.035623 0.388121
vn -0.920208 -0.034028 -0.389949
vn 0.254893 -0.808142 -0.530976
vn 0.261946 -0.794789 -0.547445
vn 0.262025 -0.794625 -0.547644
vn -0.920207 -0.034032 -0.389952
vn 0.920209 0.034025 0.389948
vn -0.250043 0.818286 0.517578
vn 0.920209 0.034026 0.389945
vn 0.249303 -0.817544 -0.519106
vn 0.920208 0.034029 0.389948
vn -0.272537 0.767420 0.580337
vn -0.915567 -0.043590 -0.399796
vn -0.921589 -0.036805 -0.386419
vn -0.921145 -0.035908 -0.387560
vn -0.920208 -0.034031 -0.389948
vn -0.254726 0.807675 0.531767
vn -0.272317 0.771260 0.575328
vn -0.243493 0.799927 0.548478
vn -0.956165 0.116560 -0.268631
vn -0.956165 0.116560 -0.268631
vn -0.920207 -0.034033 -0.389951
vn -0.257869 0.829026 0.496206
vn 0.251390 -0.828419 -0.500525
vn -0.245696 0.818659 0.519067
vn -0.920208 -0.034031 -0.389948
vn -0.041707 0.552576 -0.832419
vn -0.041707 0.552576 -0.832419
vn -0.041707 0.552576 -0.832419
vn -0.041707 0.552576 -0.832419
vn 0.234211 0.774116 -0.588125
vn 0.306740 0.706612 -0.637660
vn -0.913776 -0.047175 -0.403470
vn 0.245684 0.725619 -0.642742
vn -0.920207 -0.034031 -0.389950
vn 0.245689 0.725321 -0.643075
vn 0.245680 0.725316 -0.643085
vn 0.297988 0.675669 -0.674296
vn 0.297988 0.675669 -0.674297
vn 0.297988 0.675669 -0.674296
vn 0.282782 -0.723015 -0.630305
vn 0.302586 0.470452 -0.828925
vn 0.302586 0.470456 -0.828923
vn 0.302579 0.470414 -0.828949
vn 0.302579 0.470414 -0.828949
vn 0.302591 0.470458 -0.828920
vn 0.302593 0.470456 -0.828920
vn 0.302613 0.470433 -0.828926
vn 0.302613 0.470433 -0.828926
vn -0.107094 0.552522 -0.826590
vn 0.634647 0.508531 -0.581911
vn 0.467814 0.725027 -0.505457
vn 0.082124 0.813929 -0.575131
vn 0.082124 0.813929 -0.575131
vn 0.156010 0.633559 -0.757802
vn 0.590588 0.620193 -0.516300
vn -0.349484 0.479973 -0.804666
vn -0.350801 0.480192 -0.803962
vn 0.163594 0.690754 -0.704342
vn 0.512788 0.708967 -0.484164
vn 0.847475 0.530695 -0.012268
vn 0.847475 0.530695 -0.012268
vn 0.450232 0.679202 -0.579634
vn -0.026274 0.099944 -0.994646
vn 0.920859 0.035890 0.388241
vn 0.224679 0.762764 -0.606392
vn 0.919789 0.038202 0.390550
vn -0.269903 -0.065667 0.960646
vn -0.269903 -0.065667 0.960646
vn -0.269903 -0.065667 0.960646
vn -0.269903 -0.065667 0.960646
vn -0.919806 0.074589 -0.385218
vn -0.890572 -0.114747 -0.440132
vn -0.920425 0.075816 -0.383497
vn -0.119129 0.981370 0.150734
vn 0.835534 0.313787 0.451023
vn -0.123217 0.981999 0.143160
vn -0.183766 0.972444 0.143470
vn -0.183774 0.972446 0.143445
vn -0.206511 0.969571 0.131478
vn 0.889862 0.120643 0.439991
vn -0.894831 -0.122065 -0.429392
vn -0.892344 -0.121787 -0.434615
vn 0.204285 -0.969279 -0.136990
vn -0.210971 0.968780 0.130215
vn 0.891094 0.120253 0.437597
vn -0.146578 0.979069 0.141207
vn 0.140845 -0.987205 -0.074766
vn 0.896683 0.116226 0.427143
vn -0.213254 0.975107 0.060747
vn 0.895407 0.114342 0.430317
vn 0.171201 -0.978254 -0.117084
vn -0.155328 0.979247 0.130188
vn -0.890381 -0.133562 -0.435182
vn -0.890427 -0.133624 -0.435069
vn -0.890426 -0.133620 -0.435072
vn -0.890429 -0.133613 -0.435069
vn -0.890432 -0.133619 -0.435061
vn -0.197393 0.974106 0.110242
vn 0.890479 0.133712 0.434935
vn -0.186169 0.975596 0.116422
vn -0.028825 0.997729 0.060883
vn 0.909617 0.085177 0.406622
vn -0.305956 0.867056 0.393199
vn 0.904896 0.084629 0.417136
vn 0.234403 -0.883851 -0.404800
vn -0.231198 0.884509 0.405204
vn -0.216673 0.881989 0.418507
vn -0.897608 -0.085525 -0.432418
vn -0.896861 -0.088413 -0.433387
vn -0.907460 -0.084568 -0.411539
vn -0.902011 -0.082548 -0.423749
vn 0.202782 -0.964808 -0.167411
vn -0.208343 0.966342 0.150922
vn -0.221831 0.964307 0.144579
vn 0.895428 0.076685 0.438552
vn -0.305226 0.813860 0.494438
vn -0.130183 0.872899 0.470212
vn -0.130183 0.872899 0.470212
vn -0.936607 0.111434 -0.332189
vn -0.121651 0.894104 0.431020
vn -0.156629 0.890165 0.427872
vn -0.190724 0.898211 0.396033
vn -0.264189 0.857839 0.440813
vn -0.305226 0.813860 0.494438
vn -0.028825 0.997729 0.060883
vn -0.900667 0.064941 -0.429631
vn 0.835809 0.317519 0.447889
vn -0.186220 0.975575 0.116516
vn -0.162816 0.978600 0.125829
vn -0.165875 0.982302 0.086997
vn -0.173822 0.978317 0.112609
vn -0.175551 0.976104 0.128077
vn 0.394793 -0.067852 0.916262
vn 0.775409 0.081970 0.626117
vn -0.173822 0.978317 0.112609
vn -0.170682 0.977863 0.121044
vn -0.181873 0.976532 0.115355
vn -0.152295 0.979860 0.129153
vn -0.152295 0.979860 0.129153
vn -0.087065 -0.415122 0.905591
vn -0.559550 -0.145596 0.815908
vn 0.052435 0.986901 0.152570
vn -0.002976 0.978604 0.205731
vn 0.025556 0.986090 0.164238
vn -0.119129 0.981370 0.150734
vn 0.050024 0.986209 0.157765
vn -0.240235 -0.439081 0.865734
vn 0.585379 -0.109723 0.803301
vn -0.902010 0.063287 -0.427053
vn -0.119129 0.981370 0.150734
vn -0.119129 0.981370 0.150734
vn -0.609269 -0.195803 0.768410
vn -0.575751 -0.425541 0.698159
vn -0.386444 -0.158501 0.908592
vn -0.890655 -0.348012 0.292613
vn -0.890655 -0.348012 0.292613
vn -0.575751 -0.425541 0.698159
vn 0.025700 -0.146450 0.988884
vn -0.061202 -0.301900 0.951373
vn -0.559550 -0.145596 0.815908
vn 0.025700 -0.146450 0.988884
vn 0.020224 -0.210696 0.977343
vn -0.240235 -0.439081 0.865734
vn 0.585379 -0.109723 0.803301
vn -0.890114 -0.129804 -0.436862
vn 0.033331 -0.195552 0.980127
vn -0.697252 -0.168884 0.696648
vn -0.609269 -0.195803 0.768410
vn -0.609269 -0.195803 0.768410
vn 0.890294 0.133335 0.435430
vn -0.174271 0.981552 0.078647
vn -0.170241 0.982134 0.080192
vn -0.890266 -0.133272 -0.435507
vn -0.181396 0.980497 0.075636
vn -0.890266 -0.133272 -0.435507
vn -0.890271 -0.133249 -0.435503
vn -0.890252 -0.133243 -0.435543
vn -0.890260 -0.133260 -0.435522
vn -0.890265 -0.133191 -0.435533
vn -0.890257 -0.133212 -0.435543
vn -0.156363 0.987272 0.029058
vn -0.889613 -0.133451 -0.436783
vn -0.155736 0.987303 0.031302
vn -0.177920 0.982866 0.048149
vn 0.889575 0.133832 0.436744
vn 0.153769 -0.988102 -0.002947
vn 0.889851 0.130792 0.437104
vn 0.889854 0.131125 0.436998
vn -0.149591 0.988742 -0.003386
vn 0.890216 0.128755 0.436965
vn -0.890331 -0.128663 -0.436757
vn 0.145130 -0.989162 -0.022273
vn -0.889838 -0.131040 -0.437056
vn -0.890257 -0.128938 -0.436827
vn -0.028825 0.997729 0.060883
vn -0.028825 0.997729 0.060883
vn -0.889701 -0.133708 -0.436525
vn -0.543150 -0.196241 0.816382
vn 0.028356 -0.998097 -0.054768
vn 0.095412 -0.053160 0.994018
vn -0.173619 -0.525207 0.833075
vn -0.173619 -0.525207 0.833075
vn -0.033440 -0.733705 0.678645
vn 0.835745 0.306534 0.455597
vn -0.108100 0.981167 0.160084
vn -0.111054 0.975668 0.189047
vn -0.188352 0.965428 0.180202
vn -0.164557 0.974946 0.149673
vn -0.126995 0.972129 0.197071
vn -0.115143 0.965856 0.232088
vn -0.155519 0.984729 0.078243
vn -0.048005 0.973693 0.222751
vn -0.890052 0.069588 -0.450518
vn 0.121101 0.992176 0.030374
vn -0.090415 0.951450 0.294224
vn -0.028648 0.972070 0.232938
vn -0.160147 0.947517 0.276703
vn -0.188957 0.910618 0.367519
vn 0.835745 0.306534 0.455597
vn -0.543800 0.238214 0.804696
vn -0.555723 0.239571 0.796102
vn 0.135257 0.985789 -0.099626
vn 0.135257 0.985789 -0.099626
vn -0.155519 0.984729 0.078243
vn -0.788632 0.317017 0.526839
vn -0.289371 0.499558 0.816521
vn -0.037028 0.984641 0.170617
vn -0.037028 0.984641 0.170617
vn -0.140572 0.978772 0.149149
vn -0.139730 0.978740 0.150145
vn -0.170952 0.900381 0.400112
vn -0.202155 0.800745 0.563863
vn -0.190724 0.898211 0.396033
vn -0.205175 0.788353 0.580003
vn -0.923357 -0.233913 0.304460
vn 0.417820 0.136919 -0.898154
vn 0.417820 0.136919 -0.898154
vn 0.417820 0.136919 -0.898154
vn 0.417820 0.136919 -0.898154
vn -0.417223 -0.137050 0.898411
vn -0.417223 -0.137050 0.898411
vn -0.417223 -0.137050 0.898411
vn -0.417223 -0.137050 0.898411
vn 0.417078 0.137344 -0.898433
vn 0.417078 0.137344 -0.898433
vn 0.417078 0.137344 -0.898433
vn 0.417078 0.137344 -0.898433
vn -0.417206 -0.137184 0.898399
vn -0.417206 -0.137184 0.898399
vn -0.417206 -0.137184 0.898399
vn 0.409338 0.176758 -0.895098
vn 0.409338 0.176758 -0.895098
vn 0.409338 0.176758 -0.895098
vn -0.679463 -0.251479 0.689267
vn 0.417847 0.140868 -0.897530
vn -0.417866 -0.140794 0.897533
vn -0.417866 -0.140794 0.897533
vn 0.417847 0.140868 -0.897530
vn -0.418934 -0.140533 0.897076
vn -0.418934 -0.140533 0.897076
vn 0.890683 0.134103 0.434397
vn 0.890683 0.134103 0.434397
vn 0.884538 0.117973 0.451303
vn 0.890618 0.133805 0.434621
vn 0.890329 0.133361 0.435350
vn 0.890329 0.133361 0.435350
vn 0.890528 0.133619 0.434863
vn 0.890532 0.112411 0.440814
vn 0.890172 0.085365 0.447557
vn -0.070758 0.997069 0.029107
vn -0.070758 0.997069 0.029107
vn -0.686086 0.138188 0.714277
vn -0.686086 0.138188 0.714277
vn -0.678781 -0.255877 0.688319
vn 0.416279 0.140753 -0.898277
vn -0.890538 -0.133737 -0.434806
vn -0.890538 -0.133737 -0.434806
vn 0.416279 0.140753 -0.898277
vn -0.212370 0.967456 0.137576
vn -0.240599 0.954007 0.178838
vn -0.212369 0.967456 0.137576
vn -0.240664 0.953970 0.178945
vn -0.890538 -0.133737 -0.434806
vn -0.890538 -0.133737 -0.434806
vn -0.187242 0.978270 0.089041
vn -0.210578 0.968283 0.134482
vn -0.187242 0.978270 0.089041
vn -0.210574 0.968285 0.134473
vn -0.890678 -0.134099 -0.434408
vn -0.890678 -0.134099 -0.434408
vn -0.884439 -0.117972 -0.451499
vn -0.890614 -0.133790 -0.434634
vn -0.882236 -0.112568 -0.457154
vn -0.890599 -0.133711 -0.434690
vn -0.890328 -0.133330 -0.435361
vn -0.890328 -0.133330 -0.435361
vn -0.890525 -0.133602 -0.434875
vn -0.894529 -0.120265 -0.430528
vn -0.890576 -0.133672 -0.434750
vn -0.678493 -0.255065 0.688905
vn 0.882374 0.112582 0.456882
vn 0.890603 0.133728 0.434677
vn 0.890580 0.133685 0.434737
vn 0.890377 0.094604 0.445285
vn -0.678917 -0.252338 0.689491
vn -0.317178 -0.599449 0.734888
vn -0.317178 -0.599449 0.734888
vn 0.349931 0.280956 -0.893651
vn -0.361355 -0.261809 0.894919
vn -0.361355 -0.261809 0.894919
vn 0.349931 0.280956 -0.893651
vn -0.317178 -0.599449 0.734888
vn -0.317178 -0.599449 0.734888
vn 0.872056 0.084275 0.482096
vn 0.872056 0.084275 0.482096
vn 0.879801 0.051208 0.472576
vn 0.878989 0.103990 0.465366
vn -0.891625 -0.047434 -0.450284
vn -0.891625 -0.047434 -0.450284
vn -0.302540 0.809849 0.502609
vn -0.302540 0.809849 0.502609
vn -0.891625 -0.047434 -0.450284
vn -0.884810 -0.113124 -0.452012
vn -0.884810 -0.113124 -0.452012
vn -0.891625 -0.047434 -0.450284
vn -0.243407 0.952328 0.183916
vn -0.267575 0.934664 0.234111
vn -0.243729 0.952117 0.184578
vn -0.267575 0.934664 0.234111
vn -0.266825 -0.597671 0.756039
vn -0.884305 -0.036646 -0.465470
vn -0.884305 -0.036646 -0.465470
vn -0.871481 -0.083769 -0.483222
vn -0.871481 -0.083769 -0.483222
vn -0.879863 -0.051291 -0.472453
vn -0.878740 -0.103882 -0.465859
vn -0.883315 -0.038347 -0.467208
vn -0.880522 -0.109272 -0.461239
vn 0.883957 0.036191 0.466166
vn 0.882994 0.037975 0.467847
vn 0.880695 0.109295 0.460902
vn 0.413391 0.151567 -0.897851
vn 0.413391 0.151567 -0.897851
vn 0.413391 0.151567 -0.897851
vn 0.413391 0.151567 -0.897851
vn -0.413693 -0.151811 0.897670
vn -0.413693 -0.151811 0.897670
vn -0.413693 -0.151811 0.897670
vn -0.413693 -0.151811 0.897670
vn 0.416192 0.151423 -0.896580
vn 0.416192 0.151423 -0.896580
vn 0.416192 0.151423 -0.896580
vn 0.416192 0.151423 -0.896580
vn -0.416193 -0.151433 0.896578
vn -0.416193 -0.151433 0.896578
vn -0.416193 -0.151433 0.896578
vn -0.416193 -0.151433 0.896578
vn 0.404357 0.175510 -0.897604
vn 0.404357 0.175510 -0.897604
vn 0.404357 0.175510 -0.897604
vn -0.098027 -0.531494 0.841371
vn 0.422173 0.135018 -0.896404
vn -0.422157 -0.134989 0.896416
vn -0.422157 -0.134989 0.896416
vn 0.422173 0.135018 -0.896404
vn 0.417838 0.145375 -0.896815
vn -0.433852 -0.158922 0.886858
vn -0.433852 -0.158922 0.886858
vn 0.417838 0.145375 -0.896815
vn -0.890248 -0.134271 -0.435236
vn -0.890248 -0.134271 -0.435236
vn -0.886410 -0.117791 -0.447665
vn -0.890090 -0.133411 -0.435823
vn -0.946485 -0.148893 -0.286353
vn -0.946485 -0.148893 -0.286353
vn -0.946485 -0.148893 -0.286353
vn -0.946485 -0.148893 -0.286353
vn -0.132695 -0.914435 0.382362
vn 0.132903 0.917895 -0.373907
vn -0.634038 0.723485 -0.273067
vn 0.970455 0.039479 0.238032
vn -0.941178 -0.104905 -0.321215
vn -0.098027 -0.531494 0.841371
vn 0.421577 0.133329 -0.896937
vn -0.421525 -0.133296 0.896967
vn -0.421525 -0.133296 0.896967
vn 0.421577 0.133329 -0.896937
vn -0.171821 0.983992 0.047297
vn -0.188355 0.977938 0.090333
vn -0.171821 0.983992 0.047298
vn -0.188355 0.977938 0.090333
vn 0.905494 0.124109 0.405805
vn -0.459744 -0.160906 0.873353
vn -0.459744 -0.160906 0.873353
vn 0.905494 0.124109 0.405805
vn -0.124107 0.991758 -0.031838
vn -0.124107 0.991758 -0.031838
vn -0.124107 0.991758 -0.031838
vn -0.124107 0.991758 -0.031838
vn 0.890193 0.134576 0.435255
vn 0.890193 0.134576 0.435255
vn 0.886345 0.117891 0.447767
vn 0.890063 0.133543 0.435837
vn 0.885067 0.112713 0.451611
vn 0.890015 0.133158 0.436055
vn 0.957234 0.138797 0.253849
vn 0.957234 0.138797 0.253849
vn 0.956595 0.132064 0.259781
vn 0.956415 0.130304 0.261326
vn 0.952068 0.097160 0.290047
vn 0.952068 0.097160 0.290046
vn 0.993382 -0.107891 0.039388
vn -0.048106 0.025837 0.998508
vn -0.885135 -0.112667 -0.451490
vn -0.890033 -0.133103 -0.436034
vn -0.915453 -0.126164 -0.382138
vn -0.929785 -0.112867 -0.350374
vn -0.048105 0.025840 0.998508
vn -0.305777 -0.583754 0.752151
vn -0.305777 -0.583754 0.752151
vn 0.416513 0.241442 -0.876483
vn -0.399359 -0.219758 0.890067
vn -0.399359 -0.219758 0.890067
vn 0.416513 0.241442 -0.876483
vn -0.305777 -0.583754 0.752152
vn -0.879341 -0.092041 -0.467213
vn -0.879341 -0.092041 -0.467213
vn -0.886405 -0.059671 -0.459049
vn -0.883027 -0.105777 -0.457247
vn 0.897171 0.053517 0.438430
vn 0.897171 0.053517 0.438430
vn -0.174298 0.921883 0.346052
vn -0.174298 0.921883 0.346052
vn 0.897171 0.053517 0.438430
vn 0.887522 0.114465 0.446322
vn 0.887522 0.114465 0.446322
vn 0.897171 0.053517 0.438430
vn -0.093647 0.987672 0.125438
vn -0.093647 0.987672 0.125438
vn -0.093647 0.987672 0.125438
vn -0.093647 0.987672 0.125438
vn 0.895074 0.035512 0.444502
vn 0.891339 0.045570 0.451042
vn 0.880015 0.089189 0.466498
vn 0.880015 0.089189 0.466498
vn 0.886775 0.058965 0.458424
vn 0.883150 0.105279 0.457125
vn 0.888888 0.048709 0.455529
vn 0.884032 0.109897 0.454325
vn -0.890988 -0.045160 -0.451777
vn -0.888671 -0.048337 -0.455991
vn -0.884086 -0.109839 -0.454234
vn 0.424093 0.149303 -0.893227
vn 0.421254 0.144859 -0.895300
vn 0.937091 0.294996 -0.186653
vn -0.937138 -0.294509 0.187184
vn -0.937138 -0.294509 0.187184
vn -0.395270 0.103745 -0.912688
vn 0.394693 -0.104287 0.912876
vn 0.394693 -0.104287 0.912876
vn -0.396297 0.072494 -0.915256
vn 0.396054 -0.072328 0.915375
vn 0.395897 -0.076550 0.915099
vn -0.396184 0.076618 -0.914969
vn -0.937138 -0.294509 0.187184
vn -0.937138 -0.294509 0.187184
vn 0.112233 -0.986938 0.115573
vn 0.112233 -0.986938 0.115573
vn 0.892671 0.132073 0.430924
vn 0.894262 0.131117 0.427907
vn 0.894682 0.132043 0.426743
vn 0.897479 0.131372 0.421039
vn -0.170498 0.984380 0.043892
vn -0.170498 0.984380 0.043892
vn -0.894810 -0.132707 -0.426267
vn -0.892016 -0.132506 -0.432147
vn -0.941178 -0.104905 -0.321215
vn 0.748671 0.655472 0.099238
vn -0.129045 -0.923074 0.362329
vn 0.036612 0.987766 -0.151585
vn -0.968799 -0.042403 -0.244193
vn 0.993382 -0.107891 0.039388
vn -0.968799 -0.042403 -0.244193
vn 0.036612 0.987766 -0.151585
vn -0.098027 -0.531494 0.841371
vn 0.970455 0.039479 0.238032
vn -0.098027 -0.531494 0.841371
vn -0.980220 -0.046149 -0.192454
vn -0.940571 -0.114798 -0.319605
vn 0.937352 0.111924 0.329917
vn -0.686086 0.138188 0.714277
vn -0.686086 0.138188 0.714277
vn 0.267307 0.705271 -0.656613
vn -0.271798 0.811809 0.516810
vn -0.271798 0.811809 0.516810
vn 0.267307 0.705271 -0.656613
vn 0.267307 0.705271 -0.656613
vn 0.267307 0.705271 -0.656613
vn 0.401519 0.281391 -0.871551
vn 0.401519 0.281391 -0.871551
vn 0.188854 0.804510 -0.563114
vn -0.142288 0.757468 0.637179
vn -0.142289 0.757468 0.637179
vn 0.188854 0.804510 -0.563114
vn 0.188854 0.804510 -0.563114
vn 0.188854 0.804510 -0.563114
vn 0.229731 0.415636 -0.880040
vn 0.229731 0.415636 -0.880040
vn 0.290647 0.600893 -0.744616
vn 0.290647 0.600893 -0.744616
vn -0.264077 -0.712361 0.650235
vn 0.914361 0.015156 0.404618
vn 0.912354 0.017202 0.409042
vn 0.880425 0.117341 0.459438
vn 0.880425 0.117341 0.459438
vn -0.282387 0.789184 0.545386
vn -0.282308 0.789346 0.545193
vn -0.925671 -0.104899 -0.363497
vn -0.271798 0.811809 0.516810
vn -0.271798 0.811809 0.516810
vn -0.920918 -0.035625 -0.388127
vn -0.914028 -0.023215 -0.404986
vn -0.909273 -0.015077 -0.415927
vn -0.880113 -0.118067 -0.459850
vn -0.880113 -0.118067 -0.459850
vn -0.903903 -0.040361 -0.425829
vn 0.911013 0.018387 0.411969
vn 0.903900 0.040340 0.425837
vn 0.200955 0.589913 -0.782062
vn 0.200955 0.589913 -0.782062
vn -0.223482 -0.808806 0.543958
vn -0.929182 -0.046711 -0.366660
vn -0.925812 -0.043627 -0.375459
vn -0.944176 0.051832 -0.325340
vn -0.938346 0.082724 -0.335655
vn 0.216690 0.547018 -0.808589
vn -0.204057 0.803326 0.559489
vn -0.206247 0.803031 0.559110
vn 0.931139 -0.079728 0.355842
vn -0.138780 0.778878 0.611628
vn -0.138742 0.779104 0.611350
vn 0.903907 0.008303 0.427649
vn 0.905327 0.013110 0.424514
vn 0.910526 0.031728 0.412233
vn 0.944564 -0.053996 0.323858
vn 0.938565 -0.083546 0.334838
vn 0.934552 -0.100291 0.341401
vn -0.909782 -0.029910 -0.414008
vn -0.934328 0.100688 -0.341898
vn 0.285507 -0.754044 -0.591527
vn 0.285507 -0.754044 -0.591527
vn -0.925671 -0.104899 -0.363497
vn -0.925671 -0.104899 -0.363497
vn -0.947243 -0.128479 -0.293639
vn -0.947243 -0.128479 -0.293639
vn -0.282945 0.773624 0.566965
vn -0.282657 0.776149 0.563647
vn 0.909362 0.015655 0.415712
vn 0.925665 0.001903 0.378340
vn 0.138211 -0.783148 -0.606282
vn 0.138211 -0.783148 -0.606282
vn 0.931139 -0.079728 0.355842
vn 0.931139 -0.079728 0.355842
vn 0.932345 -0.104280 0.346208
vn 0.932345 -0.104280 0.346207
vn -0.197208 0.804224 0.560654
vn -0.197208 0.804224 0.560654
vn -0.864972 0.116432 -0.488127
vn -0.879753 0.108039 -0.462993
vn 0.127259 -0.335478 -0.933413
vn 0.127259 -0.335478 -0.933413
vn 0.127259 -0.335478 -0.933413
vn 0.619661 -0.703035 -0.348945
vn 0.619662 -0.703035 -0.348945
vn 0.619661 -0.703035 -0.348945
vn 0.569836 -0.730148 -0.377057
vn -0.421062 0.278302 -0.863281
vn -0.421062 0.278302 -0.863281
vn -0.421062 0.278302 -0.863281
vn 0.569836 -0.730148 -0.377057
vn 0.569836 -0.730148 -0.377057
vn -0.529495 -0.446916 -0.721042
vn 0.010121 0.937447 0.347981
vn 0.161370 0.899932 -0.405072
vn 0.161370 0.899932 -0.405071
vn 0.161370 0.899932 -0.405072
vn -0.529495 -0.446916 -0.721042
vn -0.529495 -0.446916 -0.721042
vn 0.010121 0.937447 0.347981
vn -0.765713 0.369383 -0.526536
vn -0.765713 0.369383 -0.526536
vn -0.765713 0.369383 -0.526536
vn -0.253619 -0.701367 0.666154
vn -0.253619 -0.701367 0.666154
vn -0.253619 -0.701367 0.666154
vn -0.290547 -0.600886 0.744660
vn -0.290547 -0.600886 0.744660
vn -0.290547 -0.600886 0.744660
vn -0.270322 -0.665344 0.695876
vn -0.270322 -0.665344 0.695876
vn -0.270322 -0.665344 0.695876
vn 0.270273 0.665344 -0.695895
vn 0.270273 0.665344 -0.695895
vn 0.270273 0.665344 -0.695895
vn -0.105551 -0.795792 -0.596301
vn 0.596455 -0.336994 -0.728475
vn 0.596455 -0.336994 -0.728475
vn 0.596455 -0.336994 -0.728475
vn 0.892539 0.443442 0.082054
vn 0.892539 0.443442 0.082054
vn -0.138801 -0.986573 -0.086067
vn 0.892539 0.443442 0.082054
vn 0.892539 0.443442 0.082054
vn -0.138801 -0.986573 -0.086067
vn -0.105551 -0.795792 -0.596301
vn 0.701024 0.585868 -0.406602
vn 0.701024 0.585868 -0.406602
vn 0.701024 0.585868 -0.406601
vn 0.673710 -0.162584 0.720890
vn 0.673710 -0.162584 0.720890
vn 0.007292 -0.648289 -0.761360
vn 0.673710 -0.162584 0.720890
vn 0.673710 -0.162584 0.720890
vn 0.007292 -0.648289 -0.761360
vn 0.628924 0.313178 -0.711600
vn 0.628924 0.313178 -0.711600
vn 0.628924 0.313178 -0.711600
vn 0.748644 0.431884 0.503000
vn 0.124754 -0.719002 -0.683720
vn 0.623726 0.393763 0.675216
vn 0.698931 0.665343 -0.262327
vn 0.698931 0.665343 -0.262327
vn 0.698931 0.665343 -0.262327
vn 0.124754 -0.719002 -0.683720
vn 0.124754 -0.719002 -0.683720
vn 0.623726 0.393763 0.675216
vn 0.530717 -0.841234 -0.103274
vn 0.530717 -0.841234 -0.103274
vn 0.530717 -0.841234 -0.103274
vn -0.971278 0.195378 -0.135820
vn 0.112034 -0.989136 -0.095172
vn 0.084404 -0.008279 -0.996397
vn 0.084404 -0.008279 -0.996397
vn 0.084404 -0.008279 -0.996397
vn 0.112034 -0.989136 -0.095172
vn 0.112034 -0.989136 -0.095172
vn -0.858511 0.397720 -0.323696
vn 0.347689 -0.248655 -0.904037
vn 0.347689 -0.248655 -0.904037
vn 0.347689 -0.248655 -0.904037
vn -0.106652 -0.980963 0.162284
vn -0.106652 -0.980963 0.162284
vn -0.837529 0.373133 -0.399145
vn -0.106652 -0.980963 0.162284
vn -0.106652 -0.980963 0.162284
vn -0.837529 0.373133 -0.399145
vn 0.738217 -0.308373 -0.599951
vn 0.738217 -0.308373 -0.599951
vn 0.738217 -0.308373 -0.599951
vn -0.356555 -0.927438 -0.112814
vn -0.356555 -0.927438 -0.112814
vn 0.623085 0.236699 0.745479
vn -0.356555 -0.927438 -0.112814
vn -0.356555 -0.927438 -0.112814
vn 0.623085 0.236699 0.745479
vn 0.895646 0.109605 0.431052
vn 0.893621 0.100921 0.437329
vn -0.604192 -0.556142 -0.570665
vn -0.604192 -0.556142 -0.570665
vn 0.187592 0.979182 0.077532
vn 0.307285 0.706923 -0.637053
vn 0.307285 0.706923 -0.637053
vn 0.307285 0.706923 -0.637053
vn -0.604192 -0.556142 -0.570665
vn -0.604192 -0.556142 -0.570665
vn 0.187592 0.979182 0.077532
vn 0.304196 -0.888842 -0.342673
vn 0.304196 -0.888842 -0.342673
vn -0.236093 0.432195 -0.870327
vn -0.236093 0.432195 -0.870327
vn -0.236093 0.432195 -0.870327
vn 0.304196 -0.888842 -0.342673
vn 0.304196 -0.888842 -0.342673
vn -0.893249 0.438472 -0.099239
vn -0.195458 -0.715897 -0.670289
vn -0.195458 -0.715897 -0.670289
vn 0.741466 0.172527 0.648431
vn 0.909962 0.316788 -0.267611
vn 0.909962 0.316788 -0.267611
vn 0.909962 0.316788 -0.267611
vn -0.195458 -0.715897 -0.670289
vn -0.195458 -0.715897 -0.670289
vn 0.741466 0.172527 0.648431
vn 0.095046 -0.844220 -0.527503
vn 0.095046 -0.844220 -0.527503
vn 0.789101 0.444676 0.423773
vn 0.394125 0.385324 -0.834381
vn 0.394125 0.385324 -0.834381
vn 0.394125 0.385324 -0.834381
vn 0.095046 -0.844220 -0.527503
vn 0.095046 -0.844220 -0.527503
vn 0.789101 0.444676 0.423773
vn 0.227328 -0.771126 -0.594716
vn 0.227328 -0.771126 -0.594716
vn 0.743825 0.427337 0.513914
vn 0.305800 0.613069 -0.728445
vn 0.305800 0.613069 -0.728445
vn 0.305800 0.613069 -0.728445
vn 0.227328 -0.771126 -0.594716
vn 0.227328 -0.771126 -0.594716
vn 0.742445 0.424831 0.517972
vn -0.963237 -0.117053 -0.241813
vn -0.963237 -0.117053 -0.241813
vn 0.715003 -0.568568 -0.406819
vn -0.135402 0.445706 -0.884880
vn -0.135401 0.445706 -0.884880
vn -0.135401 0.445706 -0.884880
vn 0.715003 -0.568568 -0.406819
vn -0.963237 -0.117053 -0.241813
vn -0.963237 -0.117053 -0.241812
vn 0.603153 -0.581933 -0.545492
vn 0.603153 -0.581933 -0.545492
vn -0.963574 -0.258059 0.070230
vn 0.166702 0.902588 -0.396920
vn 0.166702 0.902588 -0.396920
vn 0.166702 0.902588 -0.396920
vn -0.010700 -0.917942 -0.396570
vn -0.010700 -0.917942 -0.396570
vn 0.687279 0.555593 0.467936
vn -0.010700 -0.917942 -0.396570
vn -0.010700 -0.917942 -0.396570
vn 0.687279 0.555593 0.467936
vn 0.086479 -0.700797 -0.708099
vn 0.086479 -0.700797 -0.708099
vn 0.629964 0.382068 0.676143
vn 0.718266 0.653924 -0.237650
vn 0.718266 0.653924 -0.237650
vn 0.718266 0.653924 -0.237650
vn 0.086479 -0.700797 -0.708099
vn 0.086479 -0.700797 -0.708099
vn 0.629964 0.382068 0.676143
vn -0.113994 -0.842540 -0.526434
vn 0.629585 -0.181900 -0.755338
vn 0.629585 -0.181900 -0.755338
vn 0.629584 -0.181900 -0.755338
vn 0.877323 0.445744 0.177813
vn 0.877323 0.445744 0.177813
vn -0.129298 -0.989490 -0.064737
vn 0.877323 0.445744 0.177813
vn 0.877323 0.445744 0.177813
vn -0.129298 -0.989490 -0.064737
vn -0.113994 -0.842540 -0.526434
vn 0.265938 -0.873838 -0.407042
vn 0.265938 -0.873838 -0.407042
vn -0.944304 0.286437 -0.162001
vn 0.369663 -0.005566 -0.929150
vn 0.369663 -0.005566 -0.929150
vn 0.369663 -0.005566 -0.929150
vn 0.063359 -0.997135 -0.041324
vn 0.063359 -0.997135 -0.041324
vn -0.884356 0.352689 -0.305821
vn 0.063359 -0.997135 -0.041324
vn 0.063359 -0.997135 -0.041324
vn -0.884356 0.352689 -0.305821
vn 0.760816 -0.089553 -0.642760
vn 0.760816 -0.089553 -0.642760
vn 0.760816 -0.089553 -0.642760
vn -0.233968 -0.921803 -0.309094
vn -0.233968 -0.921803 -0.309094
vn 0.608095 0.123365 0.784221
vn -0.233968 -0.921803 -0.309094
vn -0.233968 -0.921803 -0.309094
vn 0.608095 0.123365 0.784221
vn 0.889996 0.096473 0.445646
vn 0.889078 0.086922 0.449429
vn -0.177516 0.859762 0.478851
vn -0.556406 -0.192909 0.808207
vn -0.202321 0.857037 0.473871
vn -0.161946 0.863016 0.478515
vn -0.165887 0.862267 0.478515
vn -0.194638 0.857585 0.476092
vn -0.945472 -0.051849 0.321552
vn -0.362082 -0.219189 0.906010
vn -0.362082 -0.219189 0.906010
vn -0.555261 -0.193144 0.808938
vn -0.556406 -0.192909 0.808207
vn 0.476888 0.057004 0.877114
vn -0.161946 0.863016 0.478515
vn -0.165190 0.862749 0.477887
vn -0.170311 0.861912 0.477601
vn -0.167830 0.862525 0.477372
vn -0.198361 0.857067 0.475488
vn -0.203256 0.857146 0.473274
vn -0.210117 0.857913 0.468868
vn -0.945472 -0.051849 0.321552
vn -0.186022 0.858019 0.478747
vn 0.854627 0.347217 0.386075
vn 0.167242 -0.861420 -0.479568
vn 0.170978 -0.860785 -0.479391
vn 0.199074 -0.857020 -0.475275
vn 0.204235 -0.856955 -0.473199
vn 0.176235 -0.860528 -0.477947
vn 0.186982 -0.857846 -0.478685
vn -0.818077 -0.111057 0.564285
vn -0.818077 -0.111057 0.564285
vn -0.818077 -0.111057 0.564285
vn -0.632595 0.018156 -0.774270
vn -0.632595 0.018156 -0.774270
vn 0.329836 -0.917112 0.223862
vn -0.632595 0.018156 -0.774270
vn 0.329836 -0.917112 0.223862
vn -0.822931 0.406182 -0.397242
vn -0.870599 0.028844 0.491147
vn -0.870599 0.028844 0.491147
vn -0.870599 0.028844 0.491147
vn -0.822931 0.406183 -0.397242
vn -0.065565 -0.636884 0.768167
vn -0.065565 -0.636884 0.768167
vn -0.065565 -0.636884 0.768167
vn 0.668598 0.424561 0.610512
vn -0.495920 -0.853679 0.159049
vn -0.495920 -0.853679 0.159049
vn -0.495920 -0.853679 0.159049
vn -0.733325 0.375592 -0.566715
vn -0.733325 0.375592 -0.566715
vn -0.889922 -0.032294 -0.454969
vn -0.339789 0.706629 0.620660
vn -0.393414 0.018130 0.919183
vn -0.393414 0.018130 0.919183
vn -0.393414 0.018130 0.919183
vn -0.339789 0.706629 0.620660
vn 0.155473 -0.093481 0.983407
vn 0.155473 -0.093481 0.983407
vn 0.155473 -0.093481 0.983407
vn -0.918341 -0.305029 0.252207
vn -0.918340 -0.305029 0.252207
vn -0.918341 -0.305029 0.252207
vn -0.951432 0.236284 -0.197353
vn -0.392473 -0.368195 0.842851
vn -0.392473 -0.368195 0.842851
vn -0.392473 -0.368195 0.842851
vn -0.951432 0.236284 -0.197353
vn 0.127991 -0.990624 -0.047775
vn 0.127991 -0.990624 -0.047775
vn -0.913460 0.302392 -0.272307
vn -0.447552 -0.132269 0.884422
vn -0.447552 -0.132269 0.884422
vn -0.447552 -0.132269 0.884422
vn 0.127991 -0.990624 -0.047775
vn 0.127991 -0.990624 -0.047775
vn -0.911930 0.303310 -0.276381
vn -0.304950 -0.951283 -0.045455
vn -0.304950 -0.951283 -0.045455
vn -0.174133 0.896842 0.406635
vn -0.174133 0.896842 0.406635
vn -0.836628 -0.184231 0.515862
vn -0.836628 -0.184231 0.515862
vn -0.836628 -0.184231 0.515862
vn -0.862360 0.456209 -0.219567
vn -0.855114 0.024789 0.517847
vn -0.855114 0.024789 0.517847
vn -0.855114 0.024789 0.517847
vn -0.791534 0.452822 -0.410399
vn -0.214739 -0.700323 0.680761
vn -0.214739 -0.700323 0.680761
vn -0.214739 -0.700323 0.680761
vn 0.679080 0.438264 0.588877
vn -0.595974 -0.752896 0.279217
vn -0.595974 -0.752896 0.279217
vn -0.595974 -0.752896 0.279217
vn -0.688359 0.307727 -0.656861
vn -0.688359 0.307727 -0.656861
vn -0.896121 -0.044853 -0.441537
vn -0.891427 -0.049327 -0.450472
vn 0.219524 -0.787608 -0.575746
vn 0.233593 0.297064 -0.925844
vn 0.233593 0.297064 -0.925844
vn 0.233593 0.297064 -0.925844
vn 0.233593 0.297064 -0.925844
vn 0.970957 -0.026234 0.237811
vn 0.970957 -0.026234 0.237811
vn -0.970813 0.025136 -0.238517
vn -0.970813 0.025136 -0.238517
vn 0.399130 0.352370 -0.846482
vn 0.399130 0.352370 -0.846482
vn 0.399130 0.352370 -0.846482
vn 0.399130 0.352370 -0.846482
vn 0.920770 0.039095 0.388143
vn 0.920770 0.039096 0.388143
vn 0.930938 0.338381 0.137308
vn 0.014356 0.206984 -0.978239
vn 0.014356 0.206984 -0.978239
vn 0.930938 0.338381 0.137308
vn -0.481801 0.363018 -0.797550
vn 0.799951 0.167585 -0.576189
vn 0.799951 0.167585 -0.576189
vn -0.481801 0.363018 -0.797550
vn 0.915512 0.041538 0.400142
vn -0.915353 -0.041095 -0.400550
vn -0.916897 -0.040571 -0.397058
vn 0.917048 0.040833 0.396681
vn 0.905564 0.045947 0.421714
vn -0.904713 -0.044571 -0.423684
vn -0.904713 -0.044571 -0.423684
vn 0.905564 0.045947 0.421714
vn 0.970957 -0.026234 0.237811
vn -0.970813 0.025136 -0.238517
vn -0.970813 0.025136 -0.238517
vn 0.970957 -0.026234 0.237811
vn 0.492331 -0.358141 0.793313
vn 0.492394 -0.358112 0.793287
vn 0.219524 -0.787608 -0.575746
vn -0.203892 0.803715 0.558991
vn 0.206994 -0.803498 -0.558162
vn -0.387420 0.840916 0.377845
vn -0.386850 0.841378 0.377400
vn -0.388866 0.840678 0.376887
vn -0.388821 0.840161 0.378085
vn -0.388072 0.840318 0.378504
vn -0.388083 0.841179 0.376575
vn -0.390523 0.840702 0.375115
vn -0.390654 0.840497 0.375439
vn -0.391153 0.839666 0.376776
vn -0.386736 0.841445 0.377366
vn -0.391604 0.840671 0.374057
vn -0.107606 0.973962 0.199550
vn -0.107701 0.974031 0.199156
vn -0.116145 0.974523 0.191874
vn -0.107701 0.974031 0.199156
vn -0.113010 0.973936 0.196667
vn -0.114359 0.975045 0.190288
vn -0.116145 0.974523 0.191874
vn -0.111663 0.973336 0.200370
vn 0.107844 -0.973909 -0.199676
vn 0.113041 -0.973924 -0.196710
vn 0.107969 -0.973997 -0.199181
vn 0.107969 -0.973997 -0.199181
vn 0.113855 -0.975219 -0.189699
vn 0.111833 -0.973287 -0.200513
vn 0.116072 -0.974601 -0.191523
vn 0.116072 -0.974601 -0.191523
vn 0.061126 0.973937 0.218426
vn 0.041598 0.975715 0.215058
vn -0.047709 0.973843 0.222155
vn -0.047709 0.973843 0.222155
vn 0.035540 0.976213 0.213880
vn 0.060930 0.973939 0.218473
vn 0.037594 0.976244 0.213388
vn 0.069051 0.976171 0.205726
vn 0.047202 0.975455 0.215080
vn -0.021649 -0.978307 -0.206025
vn -0.028398 -0.978259 -0.205436
vn -0.049088 -0.976999 -0.207517
vn -0.049491 -0.977006 -0.207390
vn -0.013262 -0.978595 -0.205366
vn -0.015111 -0.978731 -0.204590
vn 0.078785 -0.974437 -0.210392
vn 0.078785 -0.974437 -0.210392
vn 0.857343 0.469190 0.211717
vn -0.506637 0.174040 0.844411
vn 0.742921 0.538376 0.397769
vn -0.117053 0.049995 0.991867
vn -0.531628 -0.143031 0.834814
vn 0.186646 0.032974 0.981874
vn 0.366086 0.659811 -0.656224
vn 0.366086 0.659811 -0.656224
vn -0.316669 0.542752 -0.777908
vn -0.860432 0.482524 -0.163789
vn -0.086908 0.976515 0.197144
vn -0.087512 0.976564 0.196632
vn -0.316669 0.542752 -0.777908
vn -0.860432 0.482524 -0.163789
vn -0.087760 0.976586 0.196413
vn -0.086773 0.976522 0.197167
vn 0.186646 0.032974 0.981874
vn -0.086300 0.976542 0.197275
vn -0.085422 0.976444 0.198144
vn -0.086309 0.976543 0.197266
vn -0.102157 0.972404 0.209751
vn -0.109384 0.969922 0.217456
vn -0.105638 0.970538 0.216558
vn -0.099453 0.973809 0.204464
vn -0.103413 0.973439 0.204261
vn -0.113698 0.969387 0.217626
vn -0.106249 0.971903 0.210036
vn 0.175193 -0.905761 -0.385881
vn -0.915400 -0.052613 -0.399094
vn -0.893451 -0.115818 -0.433973
vn -0.922136 -0.055554 -0.382857
vn -0.921914 -0.051279 -0.383987
vn -0.922235 -0.056203 -0.382524
vn -0.278777 -0.724986 -0.629824
vn -0.921312 -0.056360 -0.384718
vn -0.921239 -0.055782 -0.384978
vn -0.896164 -0.117628 -0.427848
vn -0.896749 -0.115971 -0.427075
vn -0.318574 -0.891832 -0.321164
vn -0.895247 -0.114157 -0.430699
vn -0.897613 -0.118050 -0.424682
vn -0.898369 -0.116393 -0.423541
vn -0.199355 0.974425 0.103703
vn -0.199355 0.974425 0.103703
vn -0.199355 0.974425 0.103703
vn -0.282617 0.781563 0.556137
vn -0.203162 0.974002 0.100231
vn -0.483041 -0.033136 0.874971
vn -0.282824 0.781405 0.556253
vn -0.203162 0.974002 0.100231
vn -0.203162 0.974002 0.100231
vn -0.203162 0.974002 0.100231
vn -0.917169 -0.045598 -0.395882
vn 0.890460 0.133641 0.434995
vn -0.472994 -0.020554 0.880826
vn 0.890460 0.133641 0.434995
vn -0.885417 -0.115494 -0.450221
vn -0.884923 -0.113738 -0.451637
vn 0.885060 0.113355 0.451465
vn 0.885542 0.115078 0.450081
vn -0.483041 -0.033136 0.874971
vn -0.472994 -0.020554 0.880826
vn 0.077635 -0.096248 0.992325
vn 0.077635 -0.096248 0.992325
vn 0.036163 -0.134731 0.990222
vn 0.036163 -0.134731 0.990222
vn 0.077635 -0.096248 0.992325
vn 0.077635 -0.096248 0.992325
vn 0.036240 -0.134908 0.990196
vn 0.036246 -0.134921 0.990193
vn 0.072904 -0.054167 0.995867
vn 0.037075 -0.136822 0.989902
vn 0.037075 -0.136822 0.989902
vn 0.072904 -0.054167 0.995867
vn 0.921931 0.060014 0.382678
vn -0.922140 -0.060071 -0.382166
vn 0.921904 0.060396 0.382682
vn 0.705558 -0.700780 -0.105333
vn 0.920430 0.061206 0.386087
vn 0.920468 0.060878 0.386049
vn 0.898201 0.117208 0.423673
vn 0.897814 0.117859 0.424312
vn 0.547539 -0.815826 0.186091
vn 0.893571 0.135513 0.427980
vn -0.896732 -0.116980 -0.426835
vn -0.897345 -0.118908 -0.425010
vn -0.897630 -0.118413 -0.424545
vn -0.593649 0.787851 -0.163926
vn -0.898353 -0.119925 -0.422587
vn 0.898761 0.119128 0.421945
vn 0.034223 0.024414 0.999116
vn 0.034223 0.024414 0.999116
vn 0.034218 0.024471 0.999115
vn -0.287666 0.879127 0.379980
vn -0.171505 0.985151 -0.007978
vn 0.051646 -0.122885 0.991076
vn -0.171505 0.985151 -0.007978
vn 0.186664 -0.979757 -0.072340
vn 0.186664 -0.979757 -0.072340
vn -0.171505 0.985151 -0.007978
vn 0.280977 -0.759539 -0.586646
vn -0.250348 0.883980 0.394849
vn -0.166077 0.985993 0.015403
vn -0.155781 -0.153579 0.975780
vn 0.280977 -0.759539 -0.586646
vn -0.250348 0.883980 0.394849
vn -0.166077 0.985993 0.015403
vn 0.171777 -0.979317 -0.106911
vn 0.171777 -0.979317 -0.106911
vn -0.166077 0.985993 0.015403
vn -0.166077 0.985993 0.015403
vn 0.911859 0.042107 0.408338
vn -0.171077 -0.174591 0.969666
vn 0.911569 0.042178 0.408980
vn 0.890798 0.118270 0.438738
vn 0.890798 0.118269 0.438738
vn 0.051646 -0.122885 0.991076
vn -0.155781 -0.153579 0.975780
vn -0.171077 -0.174591 0.969666
vn 0.972596 0.126638 0.194989
vn -0.971219 -0.146425 -0.187865
vn -0.971219 -0.146425 -0.187865
vn 0.972596 0.126638 0.194989
vn 0.972596 0.126638 0.194989
vn 0.886898 0.146818 0.438014
vn -0.886975 -0.146139 -0.438085
vn -0.886801 -0.146751 -0.438234
vn 0.876746 0.181290 0.445477
vn -0.876387 -0.181007 -0.446300
vn -0.876387 -0.181007 -0.446300
vn -0.678786 -0.126316 -0.723391
vn 0.777788 -0.130153 0.614904
vn -0.761873 0.053429 -0.645519
vn 0.777788 -0.130153 0.614904
vn -0.678786 -0.126316 -0.723391
vn -0.919200 -0.037573 -0.391996
vn -0.919200 -0.037574 -0.391996
vn -0.919272 -0.041223 -0.391459
vn -0.919272 -0.041223 -0.391459
vn -0.314871 -0.734538 -0.601091
vn -0.920820 -0.037114 -0.388217
vn -0.262426 0.795567 0.546083
vn -0.259664 0.798544 0.543049
vn -0.259664 0.798544 0.543049
vn 0.920920 0.035623 0.388120
vn -0.920578 -0.036620 -0.388838
vn -0.920581 -0.036605 -0.388833
vn -0.281960 0.692049 0.664506
vn -0.275195 0.729802 0.625825
vn -0.920618 -0.036416 -0.388764
vn 0.920918 0.035628 0.388125
vn -0.275195 0.729802 0.625825
vn 0.920918 0.035628 0.388125
vn -0.920618 -0.036416 -0.388764
vn 0.920204 0.034047 0.389956
vn 0.252262 0.655493 0.711825
vn 0.920207 0.034037 0.389950
vn 0.253664 -0.806661 -0.533809
vn 0.253664 -0.806661 -0.533809
vn -0.254951 0.806539 0.533381
vn 0.920203 0.034045 0.389958
vn 0.253337 -0.808218 -0.531606
vn 0.253337 -0.808218 -0.531606
vn -0.295033 0.671179 0.680055
vn -0.254941 0.808148 0.530945
vn 0.920457 0.033274 0.389426
vn 0.920456 0.033279 0.389427
vn -0.920209 -0.034025 -0.389946
vn -0.920206 -0.034035 -0.389953
vn -0.920209 -0.034027 -0.389946
vn 0.920207 0.034031 0.389951
vn -0.920206 -0.034035 -0.389953
vn 0.252262 0.655493 0.711825
vn 0.920202 0.034049 0.389962
vn 0.920202 0.034049 0.389962
vn -0.920209 -0.034027 -0.389946
vn -0.719302 0.624071 0.305189
vn -0.920209 -0.034030 -0.389946
vn 0.922006 0.039121 0.385195
vn 0.921972 0.039023 0.385287
vn -0.274763 0.779123 0.563448
vn -0.282793 0.759234 0.586167
vn 0.253337 -0.808218 -0.531606
vn 0.921815 0.036055 0.385950
vn -0.921259 -0.039002 -0.386990
vn -0.921593 -0.039276 -0.386166
vn 0.921645 0.039187 0.386051
vn -0.921266 -0.039035 -0.386970
vn -0.273937 0.780133 0.562451
vn 0.253337 -0.808218 -0.531606
vn -0.282793 0.759234 0.586167
vn 0.921782 0.035985 0.386035
vn 0.921666 0.039265 0.385992
vn 0.739010 -0.607487 -0.291246
vn -0.921577 -0.039214 -0.386210
vn -0.730023 0.610670 0.306837
vn -0.921901 -0.039125 -0.385447
vn -0.295033 0.671179 0.680055
vn 0.920426 0.033550 0.389475
vn -0.920214 -0.034011 -0.389936
vn -0.295033 0.671179 0.680055
vn -0.920214 -0.034011 -0.389936
vn 0.920426 0.033550 0.389475
vn 0.257545 -0.799822 -0.542176
vn -0.258753 0.800164 0.541096
vn 0.920209 0.034030 0.389946
vn 0.257295 -0.800267 -0.541638
vn 0.252262 0.655493 0.711824
vn 0.920204 0.034041 0.389958
vn 0.920204 0.034041 0.389957
vn -0.920209 -0.034027 -0.389946
vn -0.697905 0.679499 0.226295
vn -0.920211 -0.034018 -0.389942
vn 0.920202 0.034048 0.389960
vn 0.252262 0.655493 0.711824
vn -0.920209 -0.034027 -0.389946
vn 0.920207 0.034033 0.389950
vn -0.920207 -0.034031 -0.389949
vn -0.907906 -0.075982 -0.412231
vn -0.906918 -0.078905 -0.413854
vn -0.915528 -0.079997 -0.394219
vn -0.913459 -0.079886 -0.399012
vn -0.910958 -0.084718 -0.403706
vn -0.262713 -0.720278 -0.642014
vn -0.912363 -0.075850 -0.402294
vn -0.910906 -0.073587 -0.405999
vn -0.900182 -0.064079 -0.430775
vn -0.293902 0.772851 0.562427
vn -0.189286 0.970716 0.147922
vn -0.876459 -0.085827 -0.473765
vn -0.876459 -0.085827 -0.473765
vn 0.914435 0.086696 0.395339
vn 0.912590 0.086812 0.399554
vn 0.912293 0.087535 0.400074
vn 0.705558 -0.700780 -0.105333
vn 0.905219 0.111783 0.409980
vn 0.909434 0.085627 0.406936
vn 0.186664 -0.979757 -0.072340
vn -0.287666 0.879127 0.379980
vn 0.900491 0.076494 0.428095
vn 0.171777 -0.979317 -0.106911
vn 0.171777 -0.979317 -0.106911
vn -0.250348 0.883980 0.394849
vn -0.158411 0.982264 0.100319
vn 0.898001 0.077805 0.433060
vn 0.898646 0.074871 0.432239
vn 0.200945 -0.790221 -0.578941
vn 0.225338 -0.775634 -0.589588
vn 0.200125 -0.789746 -0.579872
vn 0.343940 0.583552 -0.735645
vn 0.343977 0.583485 -0.735680
vn 0.130278 -0.783658 -0.607378
vn 0.130278 -0.783658 -0.607378
vn 0.130278 -0.783658 -0.607378
vn 0.130278 -0.783658 -0.607378
vn 0.280483 0.562491 -0.777775
vn 0.280483 0.562491 -0.777775
vn 0.280483 0.562491 -0.777775
vn 0.280483 0.562491 -0.777775
vn -0.273897 0.763781 0.584482
vn -0.273897 0.763781 0.584482
vn -0.273897 0.763781 0.584482
vn 0.192289 -0.807330 -0.557892
vn 0.200014 -0.799459 -0.566445
vn -0.197213 0.791750 0.578134
vn 0.827450 0.221628 0.515954
vn 0.827467 0.221461 0.515998
vn 0.825327 0.240634 0.510814
vn 0.920209 0.034025 0.389947
vn -0.249996 0.818373 0.517463
vn -0.265690 0.789435 0.553355
vn 0.920209 0.034026 0.389945
vn 0.922005 0.036115 0.385492
vn 0.249303 -0.817544 -0.519106
vn 0.249303 -0.817544 -0.519106
vn 0.921861 0.037140 0.385737
vn 0.920208 0.034030 0.389947
vn 0.921911 0.037235 0.385609
vn -0.920205 -0.034037 -0.389954
vn -0.920206 -0.034037 -0.389952
vn -0.280464 0.792614 0.541390
vn -0.258843 0.795847 0.547383
vn -0.920919 -0.035627 -0.388123
vn -0.920919 -0.035626 -0.388122
vn -0.259746 0.798540 0.543016
vn -0.293771 0.789365 0.539075
vn -0.258552 0.798212 0.544068
vn 0.908787 0.042355 0.415106
vn 0.908741 0.042378 0.415203
vn 0.920951 0.035841 0.388027
vn 0.920959 0.035893 0.388004
vn 0.770964 0.274265 0.574799
vn 0.770964 0.274265 0.574799
vn -0.961625 0.108804 -0.251873
vn -0.960673 0.110196 -0.254881
vn -0.258142 0.765973 0.588769
vn -0.258142 0.765973 0.588769
vn -0.936212 0.021635 -0.350769
vn -0.936212 0.021635 -0.350769
vn 0.259188 -0.789491 -0.556351
vn -0.254894 0.808150 0.530963
vn -0.273950 0.741666 0.612277
vn -0.274844 0.737722 0.616626
vn 0.911865 0.049470 0.407500
vn 0.275303 -0.762463 -0.585542
vn 0.275303 -0.762463 -0.585542
vn 0.275303 -0.762463 -0.585542
vn 0.915459 0.053662 0.398818
vn -0.273664 0.773678 0.571428
vn 0.918001 0.058528 0.392237
vn 0.269724 -0.768453 -0.580285
vn 0.269724 -0.768453 -0.580285
vn -0.254895 0.808138 0.530982
vn -0.245365 0.819031 0.518637
vn -0.917455 -0.054062 -0.394150
vn -0.920966 -0.038300 -0.387756
vn 0.082124 0.813929 -0.575131
vn 0.156010 0.633560 -0.757802
vn 0.156010 0.633560 -0.757802
vn 0.156010 0.633560 -0.757802
vn 0.592148 0.601476 -0.536272
vn 0.590376 0.622356 -0.513935
vn 0.592148 0.601476 -0.536272
vn 0.224679 0.762764 -0.606392
vn 0.224679 0.762764 -0.606392
vn -0.379227 0.484686 -0.788205
vn -0.379227 0.484686 -0.788205
vn 0.163594 0.690754 -0.704342
vn 0.163594 0.690754 -0.704342
vn 0.163594 0.690754 -0.704342
vn 0.512788 0.708967 -0.484164
vn 0.512788 0.708967 -0.484164
vn 0.512788 0.708967 -0.484164
vn 0.847475 0.530695 -0.012268
vn 0.450232 0.679202 -0.579634
vn 0.450232 0.679202 -0.579634
vn 0.450232 0.679202 -0.579634
vn 0.468265 0.724443 -0.505876
vn 0.467461 0.725482 -0.505129
vn 0.468265 0.724443 -0.505876
vn 0.450660 0.541603 -0.709628
vn 0.424136 0.577440 -0.697619
vn 0.439562 0.556897 -0.704735
vn -0.953808 0.121779 -0.274630
vn 0.634647 0.508531 -0.581911
vn 0.634646 0.508531 -0.581911
vn -0.026274 0.099944 -0.994646
vn -0.026274 0.099944 -0.994646
vn 0.914051 0.055767 0.401748
vn 0.250354 -0.792762 -0.555745
vn 0.275484 -0.805994 -0.523910
vn 0.275791 -0.806148 -0.523512
vn 0.250354 -0.792762 -0.555745
vn -0.282016 0.719307 0.634873
vn -0.284901 0.715227 0.638187
vn -0.284901 0.715227 0.638187
vn -0.280014 0.722116 0.632567
vn -0.280871 0.724320 0.629661
vn -0.282497 0.720808 0.632955
vn -0.282016 0.719307 0.634873
vn -0.920907 -0.035925 -0.388124
vn -0.912466 -0.050806 -0.405987
vn -0.920905 -0.035974 -0.388123
vn -0.909603 -0.043454 -0.413200
vn -0.909395 -0.043593 -0.413644
vn 0.084514 0.834206 -0.544938
vn 0.076822 0.824259 -0.560978
vn 0.075490 0.822506 -0.563725
vn 0.326678 0.069181 -0.942601
vn 0.326677 0.069181 -0.942601
vn 0.326677 0.069181 -0.942601
vn 0.326678 0.069181 -0.942601
vn 0.251881 -0.821149 -0.512123
vn 0.254892 -0.808143 -0.530975
vn 0.282862 -0.723110 -0.630160
vn -0.920919 -0.035628 -0.388124
vn -0.297467 0.715437 0.632189
vn -0.297467 0.715437 0.632189
vn -0.297467 0.715437 0.632189
vn -0.297467 0.715437 0.632189
vn -0.289575 0.720962 0.629571
vn -0.289575 0.720962 0.629571
vn -0.289575 0.720963 0.629571
vn -0.920917 -0.035630 -0.388126
vn -0.920917 -0.035631 -0.388127
vn 0.293948 -0.710653 -0.639193
vn 0.293948 -0.710653 -0.639193
vn 0.293948 -0.710653 -0.639193
vn 0.293948 -0.710653 -0.639193
vn -0.920208 -0.034027 -0.389949
vn -0.129123 0.556621 -0.820671
vn -0.129123 0.556621 -0.820671
vn -0.101927 0.551519 -0.827912
vn 0.252689 -0.813190 -0.524281
vn 0.252689 -0.813190 -0.524281
vn -0.920209 -0.034029 -0.389947
vn 0.920208 0.034027 0.389949
vn -0.247559 0.822841 0.511515
vn 0.920209 0.034027 0.389946
vn 0.271145 -0.770925 -0.576330
vn 0.271145 -0.770925 -0.576330
vn 0.271145 -0.770925 -0.576330
vn 0.920209 0.034026 0.389947
vn -0.272537 0.767420 0.580337
vn -0.272537 0.767420 0.580337
vn -0.921589 -0.036805 -0.386419
vn -0.921131 -0.035879 -0.387596
vn -0.920208 -0.034031 -0.389948
vn -0.920208 -0.034031 -0.389948
vn -0.920208 -0.034030 -0.389949
vn -0.251810 0.805818 0.535956
vn -0.254726 0.807675 0.531767
vn -0.253250 0.817439 0.517357
vn -0.250506 0.816387 0.520346
vn -0.272317 0.771260 0.575328
vn -0.272317 0.771260 0.575328
vn -0.254497 0.806968 0.532948
vn 0.831830 0.554250 0.029434
vn 0.831830 0.554250 0.029434
vn 0.831830 0.554250 0.029434
vn 0.831830 0.554250 0.029434
vn -0.254497 0.806968 0.532948
vn -0.254899 0.808143 0.530972
vn -0.920211 -0.034034 -0.389940
vn 0.249943 -0.829000 -0.500287
vn 0.254876 -0.808152 -0.530969
vn -0.253493 0.823646 0.507296
vn -0.244492 0.820009 0.517503
vn -0.244492 0.820009 0.517503
vn -0.253493 0.823646 0.507296
vn -0.248065 0.820875 0.514421
vn -0.221749 0.786497 0.576412
vn 0.165862 0.933357 -0.318331
vn 0.165862 0.933357 -0.318331
vn 0.165862 0.933357 -0.318331
vn 0.165862 0.933357 -0.318331
vn -0.920205 -0.034038 -0.389954
vn -0.920205 -0.034038 -0.389954
vn 0.671205 0.509644 -0.538282
vn 0.671205 0.509644 -0.538282
vn 0.671205 0.509644 -0.538282
vn 0.671205 0.509644 -0.538282
vn 0.549233 0.249549 -0.797539
vn 0.549233 0.249549 -0.797539
vn 0.549233 0.249549 -0.797539
vn 0.326722 0.706706 -0.627551
vn 0.307108 0.706617 -0.637478
vn -0.322120 0.589313 0.740911
vn -0.322120 0.589313 0.740911
vn -0.322120 0.589313 0.740911
vn -0.322120 0.589313 0.740911
vn 0.720077 0.291907 0.629508
vn 0.720077 0.291907 0.629508
vn 0.720077 0.291907 0.629508
vn 0.720077 0.291907 0.629508
vn 0.321803 -0.599301 -0.732995
vn 0.321803 -0.599301 -0.732995
vn 0.321803 -0.599301 -0.732995
vn 0.321803 -0.599301 -0.732995
vn 0.234211 0.774116 -0.588125
vn 0.234211 0.774116 -0.588125
vn 0.234211 0.774116 -0.588125
vn 0.224603 0.820982 -0.524920
vn 0.224603 0.820982 -0.524921
vn 0.224603 0.820982 -0.524921
vn 0.224603 0.820982 -0.524921
vn 0.297988 0.675669 -0.674296
vn 0.160803 0.875119 -0.456410
vn 0.160803 0.875119 -0.456410
vn 0.160803 0.875119 -0.456410
vn -0.313642 0.660101 0.682565
vn -0.313642 0.660101 0.682565
vn -0.313642 0.660101 0.682565
vn -0.313642 0.660101 0.682565
vn 0.920210 0.034027 0.389944
vn 0.920210 0.034027 0.389944
vn 0.313651 -0.660102 -0.682560
vn 0.313651 -0.660102 -0.682560
vn 0.313651 -0.660102 -0.682560
vn 0.313651 -0.660102 -0.682560
vn 0.114038 -0.652594 -0.749077
vn 0.114038 -0.652594 -0.749077
vn 0.114038 -0.652594 -0.749077
vn 0.114038 -0.652594 -0.749077
vn -0.900238 -0.072670 -0.429291
vn -0.900238 -0.072670 -0.429291
vn -0.900690 -0.071860 -0.428479
vn -0.900638 -0.071954 -0.428573
vn 0.920209 0.034026 0.389947
vn 0.920209 0.034026 0.389947
vn 0.282239 -0.722360 -0.631298
vn 0.282239 -0.722360 -0.631298
vn 0.310081 -0.644883 -0.698553
vn 0.310081 -0.644883 -0.698553
vn 0.310081 -0.644883 -0.698553
vn 0.310081 -0.644883 -0.698553
vn 0.919871 0.038267 0.390350
vn 0.919790 0.038203 0.390548
vn -0.920922 -0.035633 -0.388115
vn -0.920922 -0.035633 -0.388115
vn 0.288539 -0.717108 -0.634431
vn 0.288539 -0.717108 -0.634431
vn -0.920922 -0.035632 -0.388114
vn -0.920922 -0.035632 -0.388114
vn -0.283657 0.731488 0.620052
vn -0.283657 0.731488 0.620052
vn -0.074441 0.545922 -0.834523
vn -0.107094 0.552522 -0.826590
vn -0.101927 0.551519 -0.827912
vn 0.636635 0.637869 -0.433382
vn 0.636635 0.637869 -0.433382
vn 0.636635 0.637869 -0.433382
vn 0.636635 0.637869 -0.433382
vn 0.467461 0.725482 -0.505129
vn 0.466414 0.726832 -0.504156
vn 0.466414 0.726832 -0.504156
vn 0.467814 0.725027 -0.505457
vn 0.116986 0.671920 -0.731326
vn 0.116986 0.671920 -0.731326
vn 0.116986 0.671920 -0.731326
vn 0.116986 0.671920 -0.731326
vn 0.248224 0.700427 -0.669169
vn 0.248224 0.700427 -0.669169
vn -0.005809 0.591436 -0.806331
vn -0.005809 0.591436 -0.806331
vn -0.005809 0.591436 -0.806331
vn -0.005809 0.591436 -0.806331
vn 0.590588 0.620193 -0.516300
vn 0.588941 0.635503 -0.499284
vn 0.588941 0.635503 -0.499284
vn 0.590376 0.622356 -0.513935
vn 0.093017 0.459238 -0.883430
vn 0.093017 0.459238 -0.883430
vn 0.093017 0.459238 -0.883430
vn 0.093017 0.459238 -0.883430
vn 0.314150 0.439381 -0.841579
vn 0.314150 0.439381 -0.841579
vn 0.314150 0.439381 -0.841579
vn 0.314150 0.439381 -0.841579
vn -0.350801 0.480192 -0.803962
vn -0.319217 0.474675 -0.820235
vn -0.319217 0.474675 -0.820235
vn -0.349484 0.479973 -0.804666
vn 0.179611 0.633027 -0.753006
vn 0.179611 0.633027 -0.753006
vn 0.179611 0.633027 -0.753006
vn 0.634179 0.512731 -0.578727
vn 0.634179 0.512731 -0.578727
vn 0.634179 0.512731 -0.578727
vn 0.457294 0.532247 -0.712458
vn 0.457294 0.532247 -0.712458
vn 0.450660 0.541603 -0.709628
vn 0.439562 0.556897 -0.704735
vn 0.865967 0.475019 -0.156395
vn 0.865967 0.475019 -0.156395
vn 0.865967 0.475019 -0.156395
vn 0.658298 0.549833 -0.514128
vn 0.658298 0.549833 -0.514128
vn 0.658298 0.549833 -0.514128
vn -0.213211 0.421480 -0.881417
vn -0.213211 0.421480 -0.881417
vn -0.213211 0.421480 -0.881417
vn -0.213211 0.421480 -0.881417
vn 0.220195 0.317404 -0.922371
vn 0.220195 0.317404 -0.922371
vn 0.220195 0.317404 -0.922371
vn 0.220195 0.317404 -0.922371
vn -0.920211 -0.034035 -0.389940
vn 0.197357 0.658464 -0.726275
vn 0.197357 0.658464 -0.726275
vn 0.197357 0.658464 -0.726275
vn 0.197357 0.658464 -0.726275
vn -0.190598 0.794981 0.575914
vn -0.263137 0.793082 0.549345
vn -0.263137 0.793082 0.549345
vn -0.219891 0.802809 0.554208
vn -0.278563 0.752417 0.596885
vn 0.239407 -0.784132 -0.572557
vn 0.264582 -0.776028 -0.572518
vn 0.241591 -0.783453 -0.572570
vn 0.236856 -0.784920 -0.572539
vn 0.244311 -0.824899 -0.509759
vn 0.164431 -0.823757 -0.542574
vn 0.164431 -0.823757 -0.542574
vn 0.197036 -0.801514 -0.564582
vn 0.227733 -0.783665 -0.577934
vn 0.208120 -0.785669 -0.582589
vn 0.236496 -0.779069 -0.580621
vn 0.236496 -0.779069 -0.580621
vn 0.253232 -0.776629 -0.576820
vn 0.257421 -0.792091 -0.553468
vn 0.257421 -0.792091 -0.553468
vn 0.227733 -0.783665 -0.577934
vn 0.301422 0.706528 -0.640284
vn 0.301422 0.706528 -0.640284
vn -0.251752 0.832663 0.493249
vn 0.245666 0.726599 -0.641641
vn 0.245441 0.736619 -0.630199
vn -0.282248 0.725724 0.627425
vn -0.276632 0.734858 0.619240
vn -0.274844 0.737722 0.616626
vn 0.245690 0.725322 -0.643075
vn 0.287176 0.530080 -0.797838
vn 0.287173 0.530078 -0.797840
vn 0.287173 0.530078 -0.797841
vn 0.287172 0.530097 -0.797828
vn 0.287167 0.530102 -0.797827
vn 0.287165 0.530100 -0.797829
vn 0.287164 0.530100 -0.797829
vn 0.287172 0.530097 -0.797828
vn 0.287184 0.530114 -0.797813
vn 0.287176 0.530080 -0.797838
vn 0.919786 0.038200 0.390556
vn 0.919786 0.038200 0.390556
vn -0.130183 0.872899 0.470212
vn -0.130183 0.872899 0.470212
vn -0.936607 0.111434 -0.332189
vn -0.936607 0.111434 -0.332189
vn -0.936607 0.111434 -0.332189
vn -0.902772 0.062342 -0.425577
vn -0.900667 0.064941 -0.429631
vn -0.156629 0.890165 0.427872
vn -0.172311 0.901306 0.397437
vn -0.121651 0.894104 0.431020
vn -0.121651 0.894104 0.431020
vn -0.121651 0.894104 0.431020
vn -0.190724 0.898211 0.396032
vn -0.190724 0.898211 0.396033
vn -0.264189 0.857839 0.440813
vn -0.264189 0.857839 0.440813
vn -0.264189 0.857839 0.440813
vn -0.305226 0.813860 0.494438
vn -0.305226 0.813860 0.494438
vn 0.827450 0.221628 0.515954
vn 0.831331 0.222751 0.509188
vn 0.830775 0.220078 0.511252
vn 0.827467 0.221461 0.515998
vn 0.835784 0.317478 0.447966
vn 0.835547 0.313393 0.451273
vn 0.890294 0.133335 0.435430
vn 0.890478 0.133710 0.434938
vn -0.890247 -0.133236 -0.435555
vn -0.890381 -0.133563 -0.435183
vn -0.179061 0.981192 0.072101
vn -0.179061 0.981192 0.072101
vn -0.192104 0.976564 0.097052
vn -0.192099 0.976566 0.097041
vn 0.199576 -0.974806 -0.099614
vn 0.199572 -0.974807 -0.099609
vn 0.894676 0.080591 0.439386
vn 0.889935 0.121941 0.439485
vn -0.894407 -0.123188 -0.429956
vn -0.905858 -0.089731 -0.413968
vn -0.892172 -0.122896 -0.434656
vn -0.900771 -0.087116 -0.425468
vn 0.204269 -0.969234 -0.137328
vn 0.202782 -0.964808 -0.167411
vn -0.896914 -0.076596 -0.435522
vn -0.889996 -0.120542 -0.439746
vn -0.890051 -0.121798 -0.439290
vn -0.895937 -0.080783 -0.436775
vn 0.905553 0.085444 0.415539
vn -0.221831 0.964307 0.144579
vn -0.235639 0.961989 0.138028
vn -0.216037 0.967876 0.128622
vn -0.210971 0.968780 0.130215
vn -0.171189 0.981927 0.080708
vn -0.174271 0.981552 0.078647
vn -0.197393 0.974106 0.110242
vn -0.231198 0.884509 0.405204
vn -0.216933 0.882037 0.418272
vn -0.903877 -0.059745 -0.423601
vn -0.903877 -0.059745 -0.423601
vn 0.918001 0.058528 0.392237
vn 0.918077 0.058183 0.392111
vn 0.909746 0.084827 0.406407
vn -0.305956 0.867056 0.393199
vn -0.305956 0.867056 0.393199
vn -0.305956 0.867056 0.393199
vn 0.915459 0.053662 0.398818
vn 0.915734 0.053101 0.398262
vn 0.904673 0.085357 0.417470
vn 0.234403 -0.883851 -0.404800
vn 0.234403 -0.883851 -0.404800
vn 0.234403 -0.883851 -0.404800
vn 0.911865 0.049470 0.407500
vn 0.912265 0.049121 0.406645
vn 0.898758 0.085090 0.430110
vn 0.899355 0.082701 0.429328
vn -0.216933 0.882037 0.418272
vn -0.216673 0.881989 0.418507
vn -0.200860 0.878870 0.432716
vn -0.200860 0.878870 0.432716
vn -0.195574 0.975188 0.103728
vn -0.195574 0.975188 0.103728
vn -0.892172 -0.122896 -0.434656
vn -0.892344 -0.121787 -0.434615
vn 0.204285 -0.969279 -0.136990
vn 0.204269 -0.969234 -0.137328
vn -0.200328 0.973933 0.106410
vn -0.195262 0.973898 0.115745
vn -0.889717 -0.133754 -0.436479
vn -0.889613 -0.133451 -0.436783
vn -0.149233 0.988461 0.025959
vn -0.184117 0.982725 0.018794
vn 0.897161 0.115279 0.426396
vn -0.213254 0.975107 0.060747
vn -0.213254 0.975107 0.060747
vn -0.213254 0.975107 0.060747
vn 0.895547 0.113901 0.430143
vn 0.171201 -0.978255 -0.117084
vn 0.171201 -0.978254 -0.117084
vn 0.171201 -0.978254 -0.117084
vn 0.891094 0.120250 0.437597
vn -0.155177 0.979238 0.130436
vn -0.164940 0.979239 0.117836
vn -0.164940 0.979239 0.117836
vn -0.144224 0.978942 0.144473
vn -0.155177 0.979238 0.130436
vn -0.155328 0.979247 0.130188
vn -0.890576 -0.114368 -0.440221
vn 0.914051 0.055766 0.401748
vn 0.914051 0.055767 0.401748
vn 0.285017 -0.810693 -0.511412
vn 0.285017 -0.810693 -0.511412
vn 0.275791 -0.806148 -0.523512
vn 0.275484 -0.805994 -0.523910
vn -0.916210 -0.054518 -0.396974
vn -0.916249 -0.054376 -0.396902
vn -0.912466 -0.050806 -0.405987
vn -0.912578 -0.050619 -0.405759
vn 0.284691 -0.785068 -0.550109
vn 0.296649 -0.778322 -0.553367
vn 0.296649 -0.778322 -0.553367
vn 0.284479 -0.785186 -0.550050
vn -0.909603 -0.043454 -0.413200
vn -0.909395 -0.043593 -0.413644
vn -0.290484 0.783816 0.548864
vn -0.293771 0.789365 0.539075
vn -0.313210 0.783249 0.537048
vn -0.306793 0.775550 0.551725
vn -0.293771 0.789365 0.539075
vn -0.297131 0.794876 0.529042
vn -0.320905 0.792307 0.518913
vn -0.313210 0.783249 0.537048
vn 0.121101 0.992176 0.030374
vn 0.121101 0.992176 0.030374
vn -0.890052 0.069588 -0.450518
vn -0.890052 0.069588 -0.450518
vn -0.890052 0.069588 -0.450518
vn 0.135257 0.985789 -0.099626
vn 0.135257 0.985789 -0.099626
vn -0.155519 0.984729 0.078243
vn -0.155519 0.984729 0.078243
vn -0.037028 0.984641 0.170617
vn -0.139003 0.978724 0.150924
vn -0.175103 0.969258 0.172850
vn -0.175103 0.969258 0.172850
vn 0.837616 0.320458 0.442388
vn 0.837616 0.320458 0.442388
vn -0.169923 0.981680 0.086202
vn -0.169923 0.981680 0.086202
vn -0.162962 0.978802 0.124056
vn -0.165875 0.982302 0.086997
vn -0.155604 0.987327 0.031202
vn -0.156363 0.987272 0.029058
vn -0.162946 0.986229 0.028320
vn 0.889575 0.133832 0.436744
vn 0.153769 -0.988102 -0.002947
vn 0.153769 -0.988102 -0.002947
vn 0.153769 -0.988102 -0.002947
vn 0.895547 0.113901 0.430143
vn 0.895407 0.114342 0.430317
vn 0.889873 0.131174 0.436944
vn -0.149591 0.988742 -0.003386
vn -0.149591 0.988742 -0.003386
vn -0.149591 0.988742 -0.003386
vn 0.890216 0.128755 0.436965
vn 0.156057 -0.987719 -0.007624
vn -0.899430 -0.109717 -0.423070
vn -0.101037 0.987084 0.124325
vn -0.101037 0.987084 0.124325
vn -0.101037 0.987084 0.124325
vn -0.101037 0.987084 0.124325
vn -0.173710 0.979380 0.103151
vn -0.543150 -0.196241 0.816382
vn -0.543150 -0.196241 0.816382
vn -0.543150 -0.196241 0.816382
vn -0.137626 -0.154362 0.978382
vn -0.137626 -0.154362 0.978382
vn -0.137626 -0.154362 0.978382
vn -0.137626 -0.154362 0.978382
vn -0.346662 -0.255038 0.902652
vn -0.346662 -0.255038 0.902652
vn -0.346662 -0.255038 0.902652
vn -0.346662 -0.255038 0.902652
vn 0.678944 0.082300 0.729563
vn 0.678944 0.082300 0.729563
vn 0.678944 0.082300 0.729563
vn 0.678944 0.082300 0.729563
vn 0.775409 0.081970 0.626117
vn 0.775409 0.081970 0.626117
vn 0.775409 0.081970 0.626117
vn 0.394793 -0.067852 0.916262
vn 0.394793 -0.067852 0.916262
vn 0.394793 -0.067852 0.916262
vn -0.386444 -0.158501 0.908592
vn -0.386444 -0.158501 0.908592
vn -0.386444 -0.158501 0.908592
vn -0.609269 -0.195803 0.768410
vn -0.575751 -0.425541 0.698159
vn -0.575751 -0.425541 0.698159
vn -0.890655 -0.348012 0.292613
vn -0.890655 -0.348012 0.292613
vn -0.981028 -0.042048 -0.189252
vn -0.981028 -0.042048 -0.189252
vn -0.981028 -0.042048 -0.189252
vn -0.981028 -0.042048 -0.189252
vn -0.169364 -0.360443 0.917277
vn -0.169364 -0.360443 0.917277
vn -0.169364 -0.360443 0.917277
vn -0.169364 -0.360443 0.917277
vn 0.025700 -0.146450 0.988884
vn -0.533552 -0.451212 0.715354
vn -0.533562 -0.451209 0.715348
vn -0.533552 -0.451212 0.715353
vn -0.061202 -0.301900 0.951373
vn -0.061202 -0.301900 0.951373
vn -0.061202 -0.301900 0.951373
vn 0.441938 -0.153510 0.883813
vn 0.441938 -0.153510 0.883813
vn 0.441938 -0.153510 0.883813
vn 0.441938 -0.153510 0.883813
vn -0.559550 -0.145596 0.815908
vn -0.559550 -0.145596 0.815908
vn -0.991261 -0.051541 -0.121435
vn -0.988878 -0.056068 -0.137754
vn -0.991957 -0.050098 -0.116238
vn -0.596256 -0.429686 0.678122
vn -0.596256 -0.429686 0.678122
vn -0.596256 -0.429686 0.678122
vn -0.993483 -0.046694 -0.103983
vn -0.814730 -0.407310 0.412692
vn -0.814730 -0.407310 0.412692
vn -0.814730 -0.407310 0.412692
vn -0.240235 -0.439081 0.865734
vn -0.240235 -0.439081 0.865734
vn -0.685106 -0.497843 0.531773
vn -0.685106 -0.497843 0.531773
vn -0.685106 -0.497843 0.531773
vn -0.685106 -0.497843 0.531773
vn -0.087065 -0.415122 0.905591
vn -0.087065 -0.415122 0.905591
vn -0.087065 -0.415122 0.905591
vn -0.818146 -0.146034 0.556158
vn -0.818146 -0.146034 0.556158
vn -0.818146 -0.146034 0.556158
vn -0.818146 -0.146034 0.556158
vn -0.008881 -0.387643 0.921767
vn -0.008881 -0.387643 0.921767
vn -0.008881 -0.387643 0.921767
vn -0.008881 -0.387643 0.921767
vn 0.033419 -0.195451 0.980144
vn 0.585379 -0.109723 0.803301
vn 0.585379 -0.109723 0.803301
vn 0.037997 -0.190137 0.981022
vn 0.747536 -0.104139 0.656008
vn 0.747536 -0.104139 0.656008
vn 0.747536 -0.104139 0.656008
vn 0.308555 -0.270299 0.911994
vn 0.308555 -0.270299 0.911994
vn 0.308555 -0.270298 0.911994
vn -0.697252 -0.168884 0.696648
vn -0.697252 -0.168884 0.696648
vn -0.094067 -0.423325 0.901082
vn -0.094067 -0.423325 0.901082
vn -0.094067 -0.423325 0.901082
vn -0.094067 -0.423325 0.901082
vn 0.028356 -0.998096 -0.054768
vn 0.028356 -0.998096 -0.054768
vn 0.028356 -0.998096 -0.054768
vn -0.082031 -0.151220 0.985091
vn -0.082031 -0.151220 0.985091
vn -0.082031 -0.151220 0.985091
vn -0.082031 -0.151220 0.985091
vn 0.000049 0.993186 0.116544
vn 0.016691 0.985698 0.167694
vn -0.000509 0.994336 0.106278
vn 0.002669 0.995512 0.094601
vn 0.005913 0.995898 0.090286
vn 0.011327 0.977987 0.208360
vn -0.018829 0.975131 0.220829
vn -0.033206 0.975479 0.217574
vn -0.009846 0.977886 0.208907
vn -0.004602 0.978488 0.206253
vn 0.022625 0.985957 0.165458
vn -0.018882 0.982059 0.187626
vn -0.018882 0.982059 0.187626
vn -0.018882 0.982059 0.187626
vn -0.018882 0.982059 0.187626
vn -0.084838 0.986468 0.140296
vn -0.083239 0.987257 0.135629
vn -0.083239 0.987257 0.135629
vn -0.173493 0.973964 0.145925
vn -0.170481 0.975752 0.137278
vn -0.163561 0.977762 0.131262
vn -0.181602 0.980475 0.075423
vn -0.162946 0.986229 0.028320
vn -0.889829 -0.131122 -0.437050
vn -0.889829 -0.131122 -0.437050
vn 0.095412 -0.053160 0.994018
vn 0.095412 -0.053160 0.994018
vn 0.126237 -0.206839 0.970197
vn 0.126237 -0.206839 0.970197
vn 0.126237 -0.206838 0.970197
vn -0.033440 -0.733705 0.678645
vn -0.033440 -0.733705 0.678645
vn -0.033440 -0.733705 0.678645
vn -0.196382 -0.498180 0.844542
vn -0.197743 -0.497271 0.844761
vn -0.197527 -0.497415 0.844726
vn -0.196382 -0.498180 0.844542
vn -0.702490 -0.331230 0.629917
vn -0.702490 -0.331230 0.629917
vn -0.702490 -0.331230 0.629917
vn -0.369681 -0.316460 0.873607
vn -0.369681 -0.316460 0.873607
vn -0.369681 -0.316460 0.873607
vn -0.369681 -0.316460 0.873607
vn 0.428596 -0.448685 0.784212
vn 0.428596 -0.448685 0.784212
vn 0.428596 -0.448685 0.784212
vn 0.428596 -0.448685 0.784212
vn -0.113632 -0.558627 0.821599
vn -0.113632 -0.558627 0.821599
vn -0.113632 -0.558627 0.821599
vn -0.113632 -0.558627 0.821599
vn -0.662991 0.021217 0.748327
vn -0.662991 0.021217 0.748327
vn -0.662991 0.021217 0.748327
vn -0.662991 0.021217 0.748327
vn -0.173619 -0.525207 0.833075
vn -0.173619 -0.525207 0.833075
vn 0.355706 0.371507 0.857588
vn 0.355706 0.371507 0.857588
vn 0.355706 0.371507 0.857588
vn -0.424770 -0.442271 0.789916
vn -0.424770 -0.442271 0.789916
vn -0.424770 -0.442270 0.789916
vn -0.424770 -0.442271 0.789916
vn 0.294158 -0.038717 0.954973
vn 0.293401 -0.037260 0.955263
vn 0.305677 -0.061071 0.950175
vn 0.316561 -0.082519 0.944976
vn -0.240026 0.874978 0.420478
vn -0.240026 0.874978 0.420478
vn -0.240026 0.874978 0.420478
vn 0.296692 -0.306324 0.904511
vn 0.296692 -0.306324 0.904511
vn 0.296692 -0.306324 0.904511
vn 0.296692 -0.306324 0.904511
vn 0.277455 -0.176863 0.944319
vn 0.277455 -0.176863 0.944319
vn 0.277455 -0.176863 0.944319
vn -0.485440 0.035930 0.873532
vn -0.485440 0.035930 0.873532
vn -0.485440 0.035930 0.873532
vn -0.485440 0.035930 0.873532
vn -0.287137 -0.119837 0.950364
vn -0.287137 -0.119837 0.950364
vn -0.287137 -0.119837 0.950364
vn 0.232371 0.167103 0.958165
vn 0.232371 0.167103 0.958165
vn 0.232371 0.167103 0.958165
vn 0.232371 0.167103 0.958165
vn -0.076104 -0.769952 0.633548
vn -0.076104 -0.769952 0.633548
vn -0.076104 -0.769952 0.633548
vn -0.206140 -0.491623 0.846058
vn -0.178116 0.971485 0.156500
vn -0.157060 0.964599 0.211850
vn -0.112414 0.975598 0.188607
vn -0.026912 0.972347 0.231986
vn -0.090415 0.951450 0.294224
vn -0.090415 0.951450 0.294224
vn -0.167255 0.945297 0.280071
vn -0.166908 0.945407 0.279907
vn -0.188957 0.910618 0.367519
vn -0.188957 0.910618 0.367519
vn -0.059775 0.974233 0.217481
vn -0.147911 0.951183 0.270874
vn -0.923221 0.081468 -0.375536
vn -0.923221 0.081468 -0.375536
vn 0.162268 0.929399 0.331492
vn 0.162268 0.929399 0.331492
vn 0.162268 0.929399 0.331492
vn 0.162268 0.929399 0.331492
vn -0.272516 0.947967 0.164603
vn -0.272516 0.947967 0.164603
vn -0.272516 0.947967 0.164603
vn -0.546548 0.238530 0.802739
vn -0.555723 0.239571 0.796102
vn -0.041753 0.276559 0.960090
vn -0.041752 0.276559 0.960090
vn -0.041752 0.276559 0.960090
vn -0.041752 0.276559 0.960090
vn -0.451967 0.225143 0.863155
vn -0.451967 0.225143 0.863155
vn -0.451967 0.225143 0.863155
vn -0.451967 0.225143 0.863155
vn 0.627229 0.712878 0.313671
vn 0.627229 0.712878 0.313671
vn 0.627229 0.712878 0.313671
vn -0.266626 0.538932 0.799039
vn -0.266626 0.538932 0.799039
vn -0.266626 0.538932 0.799039
vn -0.788633 0.317017 0.526839
vn -0.788632 0.317017 0.526839
vn -0.788632 0.317017 0.526839
vn -0.536442 0.237357 0.809872
vn -0.536442 0.237357 0.809872
vn -0.289201 0.499571 0.816573
vn -0.292302 0.499320 0.815622
vn -0.292302 0.499320 0.815622
vn 0.012173 0.631346 0.775406
vn 0.012173 0.631346 0.775406
vn 0.012173 0.631346 0.775406
vn 0.012173 0.631346 0.775406
vn -0.264249 0.733301 0.626453
vn -0.264249 0.733301 0.626453
vn -0.264249 0.733301 0.626453
vn -0.388410 0.317700 0.864988
vn -0.388410 0.317700 0.864988
vn -0.388410 0.317700 0.864988
vn -0.388410 0.317700 0.864988
vn -0.683042 0.372592 0.628195
vn -0.683042 0.372592 0.628195
vn -0.683042 0.372592 0.628195
vn -0.683042 0.372592 0.628195
vn -0.287467 0.499709 0.817101
vn -0.287467 0.499709 0.817101
vn -0.176059 0.946937 0.268912
vn -0.176059 0.946937 0.268911
vn -0.176059 0.946937 0.268912
vn -0.136932 0.978708 0.152904
vn -0.137480 0.978674 0.152630
vn -0.185042 0.979771 0.076208
vn -0.185042 0.979771 0.076208
vn -0.185042 0.979771 0.076208
vn -0.185042 0.979771 0.076208
vn -0.038621 0.982922 0.179927
vn -0.038621 0.982922 0.179927
vn -0.038621 0.982922 0.179927
vn -0.038621 0.982922 0.179927
vn -0.167073 0.967359 0.190534
vn -0.167073 0.967359 0.190534
vn -0.167073 0.967359 0.190534
vn -0.167073 0.967359 0.190534
vn 0.838592 0.263218 0.476949
vn -0.041920 0.993885 0.102154
vn -0.041920 0.993885 0.102154
vn -0.041920 0.993885 0.102154
vn -0.179396 0.906004 0.383371
vn -0.179396 0.906004 0.383371
vn 0.060054 0.961738 0.267308
vn 0.060054 0.961738 0.267308
vn 0.060054 0.961738 0.267308
vn 0.060054 0.961738 0.267308
vn -0.066195 0.891916 0.447329
vn -0.066195 0.891916 0.447329
vn -0.066195 0.891916 0.447329
vn -0.066195 0.891916 0.447329
vn -0.890262 -0.133242 -0.435524
vn -0.890262 -0.133242 -0.435524
vn -0.890262 -0.133242 -0.435524
vn -0.890262 -0.133242 -0.435524
vn -0.890449 -0.133620 -0.435025
vn -0.890449 -0.133620 -0.435025
vn -0.890449 -0.133620 -0.435025
vn -0.890449 -0.133620 -0.435025
vn -0.890597 -0.134034 -0.434595
vn -0.890597 -0.134034 -0.434595
vn -0.890597 -0.134034 -0.434596
vn -0.890597 -0.134034 -0.434595
vn -0.891528 -0.121197 -0.436451
vn -0.891528 -0.121197 -0.436451
vn -0.891528 -0.121197 -0.436451
vn -0.900772 -0.072007 -0.428282
vn -0.900772 -0.072007 -0.428282
vn -0.900772 -0.072007 -0.428282
vn -0.900772 -0.072007 -0.428282
vn -0.915895 -0.046784 -0.398683
vn -0.915895 -0.046784 -0.398683
vn -0.915895 -0.046784 -0.398683
vn -0.915895 -0.046784 -0.398683
vn 0.417847 0.140868 -0.897530
vn -0.417866 -0.140794 0.897533
vn -0.417866 -0.140794 0.897533
vn -0.418934 -0.140533 0.897076
vn -0.418934 -0.140533 0.897076
vn 0.208009 -0.968321 -0.138156
vn 0.208009 -0.968321 -0.138156
vn 0.208009 -0.968321 -0.138156
vn 0.208009 -0.968321 -0.138156
vn -0.890614 -0.133790 -0.434634
vn -0.884439 -0.117972 -0.451499
vn 0.884538 0.117973 0.451303
vn 0.890618 0.133805 0.434621
vn -0.894529 -0.120265 -0.430528
vn -0.890525 -0.133602 -0.434875
vn 0.890528 0.133619 0.434863
vn 0.890532 0.112411 0.440814
vn 0.888135 0.136753 0.438766
vn 0.889710 0.132895 0.436755
vn 0.889710 0.132895 0.436755
vn 0.887627 0.137985 0.439407
vn 0.890172 0.085365 0.447557
vn -0.070758 0.997069 0.029107
vn -0.070758 0.997069 0.029107
vn 0.890541 0.133748 0.434798
vn 0.890541 0.133748 0.434798
vn 0.890541 0.133748 0.434798
vn 0.890541 0.133748 0.434798
vn 0.416279 0.140753 -0.898277
vn 0.416279 0.140753 -0.898277
vn -0.417328 -0.140640 0.897808
vn -0.417328 -0.140640 0.897808
vn -0.417328 -0.140640 0.897808
vn -0.821314 0.519407 -0.235922
vn -0.812383 0.531891 -0.239010
vn -0.812348 0.531933 -0.239035
vn -0.821240 0.519524 -0.235926
vn 0.417835 0.140326 -0.897621
vn 0.417835 0.140326 -0.897621
vn 0.417835 0.140326 -0.897621
vn 0.417835 0.140326 -0.897621
vn -0.811110 0.532906 -0.241065
vn 0.212460 -0.967748 -0.135370
vn 0.212460 -0.967748 -0.135370
vn 0.212460 -0.967748 -0.135370
vn 0.212460 -0.967748 -0.135370
vn 0.535085 0.733588 0.418967
vn 0.529629 0.704765 0.472017
vn 0.529689 0.705107 0.471438
vn 0.535096 0.733599 0.418933
vn 0.588370 0.720401 0.367211
vn 0.536038 0.734056 0.416923
vn 0.536121 0.734092 0.416754
vn 0.588153 0.720520 0.367324
vn 0.349931 0.280956 -0.893651
vn 0.349931 0.280956 -0.893651
vn -0.361355 -0.261809 0.894919
vn -0.361355 -0.261809 0.894919
vn 0.241367 -0.954735 -0.173850
vn 0.241367 -0.954735 -0.173850
vn 0.241367 -0.954735 -0.173850
vn 0.241367 -0.954735 -0.173850
vn 0.305460 -0.811355 -0.498395
vn 0.305460 -0.811355 -0.498395
vn 0.305460 -0.811355 -0.498395
vn 0.305460 -0.811355 -0.498395
vn -0.878740 -0.103882 -0.465859
vn -0.879863 -0.051291 -0.472453
vn 0.879801 0.051208 0.472576
vn 0.878989 0.103990 0.465366
vn -0.884439 -0.117972 -0.451499
vn -0.882236 -0.112568 -0.457154
vn -0.884810 -0.113124 -0.452012
vn -0.884810 -0.113124 -0.452012
vn 0.884879 0.113169 0.451865
vn 0.884879 0.113169 0.451865
vn 0.884879 0.113169 0.451865
vn 0.884879 0.113169 0.451865
vn 0.884538 0.117973 0.451303
vn 0.882374 0.112582 0.456882
vn -0.240664 0.953970 0.178945
vn -0.240599 0.954007 0.178838
vn -0.302540 0.809849 0.502609
vn -0.302540 0.809849 0.502609
vn 0.883957 0.036191 0.466166
vn 0.891472 0.047258 0.450606
vn 0.891472 0.047258 0.450606
vn 0.891472 0.047258 0.450606
vn 0.891472 0.047258 0.450606
vn -0.266825 -0.597671 0.756039
vn -0.266825 -0.597671 0.756039
vn -0.266825 -0.597671 0.756039
vn 0.361125 0.286430 -0.887439
vn 0.361125 0.286430 -0.887439
vn 0.361125 0.286430 -0.887439
vn 0.361125 0.286430 -0.887439
vn -0.820346 0.514007 -0.250659
vn -0.821563 0.518627 -0.236772
vn -0.821579 0.518692 -0.236574
vn -0.820346 0.514007 -0.250659
vn 0.233350 -0.956236 -0.176524
vn 0.233350 -0.956236 -0.176524
vn 0.233350 -0.956236 -0.176524
vn 0.233350 -0.956236 -0.176524
vn -0.821314 0.519407 -0.235922
vn -0.821240 0.519524 -0.235926
vn 0.303012 -0.804611 -0.510670
vn 0.303013 -0.804611 -0.510670
vn 0.303013 -0.804611 -0.510670
vn -0.866277 0.498895 -0.025860
vn -0.866277 0.498895 -0.025860
vn -0.866277 0.498895 -0.025860
vn -0.866277 0.498895 -0.025860
vn 0.515710 0.654572 0.552793
vn 0.515710 0.654572 0.552793
vn 0.515710 0.654572 0.552793
vn 0.515710 0.654572 0.552793
vn 0.529629 0.704765 0.472017
vn 0.529280 0.702810 0.475311
vn 0.529280 0.702810 0.475311
vn 0.529689 0.705107 0.471438
vn 0.473554 0.556157 0.682962
vn 0.473554 0.556157 0.682962
vn 0.473554 0.556157 0.682962
vn 0.473554 0.556157 0.682962
vn 0.890130 0.131427 0.436343
vn 0.890130 0.131427 0.436343
vn 0.890130 0.131427 0.436343
vn 0.890130 0.131427 0.436343
vn 0.890723 0.131761 0.435031
vn 0.890723 0.131761 0.435031
vn 0.890723 0.131761 0.435031
vn 0.890723 0.131761 0.435031
vn 0.894550 0.120940 0.430296
vn 0.894550 0.120940 0.430296
vn 0.894550 0.120940 0.430296
vn 0.894550 0.120940 0.430296
vn 0.905949 0.076431 0.416433
vn 0.905949 0.076431 0.416433
vn 0.905949 0.076431 0.416433
vn 0.422173 0.135018 -0.896404
vn 0.422173 0.135018 -0.896404
vn -0.422157 -0.134989 0.896416
vn -0.422157 -0.134989 0.896416
vn 0.417838 0.145375 -0.896815
vn 0.417838 0.145375 -0.896815
vn -0.433852 -0.158922 0.886858
vn -0.433852 -0.158922 0.886858
vn 0.112233 -0.986938 0.115573
vn 0.112233 -0.986938 0.115573
vn 0.890063 0.133543 0.435837
vn 0.886345 0.117891 0.447767
vn -0.890090 -0.133411 -0.435823
vn -0.886410 -0.117791 -0.447665
vn 0.956415 0.130304 0.261326
vn 0.956595 0.132064 0.259781
vn -0.929785 -0.112867 -0.350374
vn -0.913677 -0.127721 -0.385852
vn -0.941040 -0.107299 -0.320828
vn -0.968799 -0.042403 -0.244193
vn -0.968799 -0.042403 -0.244193
vn 0.036612 0.987766 -0.151585
vn 0.036612 0.987766 -0.151585
vn 0.917289 0.126166 0.377709
vn 0.917289 0.126166 0.377709
vn -0.892920 -0.132860 -0.430166
vn -0.889809 -0.133753 -0.436293
vn -0.893271 -0.131790 -0.429766
vn -0.889809 -0.133753 -0.436293
vn 0.421577 0.133329 -0.896937
vn 0.421577 0.133329 -0.896937
vn -0.421525 -0.133296 0.896967
vn -0.421525 -0.133296 0.896967
vn 0.545377 0.743707 0.386606
vn 0.545377 0.743707 0.386606
vn 0.556490 0.749251 0.359085
vn 0.556495 0.749254 0.359071
vn 0.433629 0.146999 -0.889020
vn 0.433630 0.146999 -0.889021
vn 0.433630 0.146999 -0.889021
vn 0.433630 0.146999 -0.889021
vn -0.459744 -0.160906 0.873353
vn -0.459744 -0.160906 0.873353
vn 0.618683 0.760130 0.198582
vn 0.618305 0.760411 0.198685
vn 0.647424 0.737941 0.190485
vn 0.647424 0.737942 0.190485
vn 0.748671 0.655472 0.099238
vn 0.748671 0.655472 0.099238
vn 0.748671 0.655472 0.099238
vn -0.048102 0.025834 0.998509
vn -0.048101 0.025838 0.998509
vn 0.108672 -0.988867 0.101652
vn 0.108672 -0.988867 0.101652
vn 0.108672 -0.988867 0.101652
vn 0.108672 -0.988867 0.101652
vn 0.557362 0.749668 0.356855
vn 0.557362 0.749668 0.356855
vn -0.782277 0.547844 -0.296495
vn -0.782284 0.547842 -0.296482
vn -0.818220 0.526748 -0.230331
vn -0.818449 0.526567 -0.229933
vn -0.749931 0.611070 -0.253374
vn -0.749931 0.611070 -0.253374
vn -0.749931 0.611070 -0.253374
vn -0.749931 0.611070 -0.253374
vn -0.732397 0.577710 -0.360341
vn -0.732397 0.577710 -0.360341
vn -0.732397 0.577710 -0.360341
vn -0.732397 0.577710 -0.360341
vn 0.416513 0.241442 -0.876483
vn 0.416513 0.241442 -0.876483
vn -0.399359 -0.219758 0.890067
vn -0.399359 -0.219758 0.890067
vn -0.094229 -0.871566 -0.481138
vn -0.094229 -0.871566 -0.481138
vn -0.094229 -0.871566 -0.481138
vn -0.094229 -0.871566 -0.481138
vn 0.883150 0.105279 0.457125
vn 0.886775 0.058965 0.458424
vn -0.883027 -0.105777 -0.457247
vn -0.886405 -0.059671 -0.459049
vn 0.886345 0.117891 0.447767
vn 0.885067 0.112713 0.451611
vn 0.887522 0.114465 0.446322
vn 0.887522 0.114465 0.446322
vn -0.887332 -0.114896 -0.446589
vn -0.887332 -0.114896 -0.446589
vn -0.887332 -0.114896 -0.446589
vn -0.887332 -0.114896 -0.446589
vn -0.885135 -0.112667 -0.451490
vn -0.886410 -0.117791 -0.447665
vn -0.186705 0.960723 0.205312
vn -0.186705 0.960723 0.205312
vn -0.186705 0.960723 0.205312
vn -0.186705 0.960723 0.205312
vn -0.174297 0.921883 0.346051
vn -0.174298 0.921883 0.346052
vn -0.902128 -0.045419 -0.429073
vn -0.896907 -0.054745 -0.438817
vn -0.896907 -0.054745 -0.438817
vn -0.896907 -0.054745 -0.438817
vn -0.896907 -0.054745 -0.438817
vn 0.367216 0.240195 -0.898588
vn 0.367216 0.240195 -0.898588
vn 0.367216 0.240195 -0.898588
vn 0.367216 0.240195 -0.898588
vn 0.624112 0.636450 0.453229
vn 0.624112 0.636450 0.453229
vn 0.624112 0.636450 0.453229
vn 0.624112 0.636450 0.453229
vn 0.180870 -0.966709 -0.180997
vn 0.180870 -0.966709 -0.180997
vn 0.180870 -0.966709 -0.180997
vn 0.180870 -0.966709 -0.180997
vn 0.565088 0.677921 0.470212
vn 0.565088 0.677921 0.470212
vn 0.565088 0.677921 0.470212
vn 0.565088 0.677921 0.470212
vn 0.458430 -0.863666 -0.209579
vn 0.458430 -0.863666 -0.209579
vn 0.458430 -0.863666 -0.209579
vn 0.458430 -0.863666 -0.209579
vn 0.569766 0.599336 0.562284
vn 0.569766 0.599336 0.562284
vn 0.569766 0.599336 0.562284
vn 0.569766 0.599336 0.562284
vn -0.775780 0.543260 -0.320990
vn -0.775780 0.543260 -0.320990
vn -0.775780 0.543260 -0.320990
vn -0.775780 0.543260 -0.320990
vn -0.818449 0.526567 -0.229933
vn -0.818220 0.526748 -0.230331
vn -0.819829 0.525467 -0.227519
vn -0.819829 0.525467 -0.227519
vn -0.818617 0.557164 -0.139407
vn -0.818617 0.557164 -0.139407
vn -0.818617 0.557164 -0.139407
vn -0.818617 0.557164 -0.139407
vn 0.424093 0.149303 -0.893227
vn 0.096926 -0.993290 -0.063083
vn 0.096926 -0.993290 -0.063083
vn 0.096926 -0.993290 -0.063083
vn 0.096926 -0.993290 -0.063083
vn -0.890503 -0.134537 -0.434632
vn -0.890464 -0.134626 -0.434684
vn -0.890910 -0.133608 -0.434083
vn -0.890910 -0.133608 -0.434083
vn 0.067964 -0.997563 -0.015792
vn 0.067964 -0.997563 -0.015792
vn 0.067964 -0.997563 -0.015792
vn 0.067964 -0.997563 -0.015792
vn 0.596813 0.715697 0.362756
vn 0.596813 0.715697 0.362756
vn -0.395270 0.103745 -0.912688
vn 0.937091 0.294996 -0.186653
vn 0.937091 0.294996 -0.186653
vn 0.937091 0.294996 -0.186653
vn -0.923357 -0.233913 0.304460
vn -0.923357 -0.233913 0.304460
vn 0.169944 -0.984472 -0.043986
vn 0.169945 -0.984472 -0.043986
vn 0.169945 -0.984472 -0.043986
vn 0.169944 -0.984472 -0.043986
vn 0.889773 0.133795 0.436354
vn 0.889773 0.133795 0.436354
vn -0.110153 0.986909 -0.117798
vn -0.110153 0.986909 -0.117798
vn -0.110153 0.986909 -0.117798
vn -0.110153 0.986909 -0.117798
vn -0.902591 -0.126312 -0.411553
vn -0.902591 -0.126312 -0.411553
vn 0.169394 -0.984606 -0.043094
vn 0.169394 -0.984606 -0.043094
vn 0.169394 -0.984606 -0.043094
vn 0.169394 -0.984606 -0.043094
vn 0.609533 0.766843 0.201053
vn 0.609533 0.766843 0.201053
vn -0.781229 0.548154 -0.298679
vn -0.781229 0.548154 -0.298679
vn -0.132695 -0.914435 0.382362
vn -0.132695 -0.914435 0.382362
vn -0.132695 -0.914435 0.382362
vn 0.993382 -0.107891 0.039388
vn 0.993382 -0.107891 0.039388
vn -0.129045 -0.923074 0.362329
vn -0.129045 -0.923074 0.362329
vn -0.129045 -0.923074 0.362329
vn -0.634038 0.723485 -0.273067
vn -0.634038 0.723485 -0.273067
vn -0.634038 0.723485 -0.273067
vn -0.980220 -0.046149 -0.192454
vn -0.980220 -0.046149 -0.192454
vn -0.991661 0.124619 0.032861
vn -0.991660 0.124619 0.032861
vn -0.991660 0.124619 0.032861
vn -0.998371 0.054470 -0.016979
vn -0.998371 0.054469 -0.016979
vn -0.998371 0.054470 -0.016979
vn -0.995350 0.094262 -0.019839
vn -0.995350 0.094262 -0.019839
vn -0.995350 0.094262 -0.019839
vn -0.995350 0.094262 -0.019839
vn 0.132903 0.917895 -0.373907
vn 0.132903 0.917895 -0.373907
vn 0.132903 0.917895 -0.373907
vn 0.808098 0.543374 -0.227425
vn 0.808098 0.543374 -0.227425
vn 0.808098 0.543374 -0.227425
vn 0.808098 0.543374 -0.227425
vn -0.034041 -0.984193 0.173798
vn -0.034041 -0.984193 0.173798
vn -0.034041 -0.984193 0.173798
vn -0.034041 -0.984193 0.173798
vn 0.963359 0.012373 0.267931
vn 0.963359 0.012373 0.267931
vn 0.963359 0.012373 0.267931
vn 0.963359 0.012373 0.267931
vn 0.936887 0.105647 0.333290
vn 0.939060 0.146558 0.310947
vn -0.027035 -0.993968 0.106285
vn -0.027035 -0.993968 0.106285
vn -0.027035 -0.993968 0.106285
vn -0.027035 -0.993968 0.106285
vn -0.680777 0.672031 -0.291406
vn -0.680777 0.672031 -0.291406
vn -0.680777 0.672031 -0.291406
vn -0.680777 0.672031 -0.291406
vn 0.970455 0.039479 0.238032
vn 0.959878 -0.194360 -0.202135
vn 0.959878 -0.194360 -0.202135
vn 0.959878 -0.194360 -0.202135
vn 0.999806 -0.010029 0.016985
vn 0.999806 -0.010029 0.016985
vn 0.999806 -0.010029 0.016985
vn -0.936738 -0.158515 -0.312084
vn 0.936671 0.102927 0.334746
vn 0.936671 0.102927 0.334746
vn -0.689017 -0.396100 0.606927
vn -0.689017 -0.396100 0.606927
vn -0.689017 -0.396100 0.606927
vn -0.689017 -0.396100 0.606927
vn 0.875038 0.167083 0.454305
vn -0.687102 -0.280190 0.670362
vn -0.630880 0.295085 0.717576
vn -0.630880 0.295085 0.717576
vn -0.630880 0.295085 0.717576
vn -0.630880 0.295085 0.717576
vn -0.695944 -0.224865 0.681981
vn 0.115704 0.010049 0.993233
vn 0.115704 0.010049 0.993233
vn 0.115704 0.010049 0.993233
vn 0.115704 0.010049 0.993233
vn -0.300403 -0.602014 0.739822
vn -0.300403 -0.602014 0.739822
vn -0.300403 -0.602014 0.739822
vn -0.300404 -0.602014 0.739822
vn -0.047889 0.025839 0.998519
vn -0.048101 0.025843 0.998508
vn -0.048101 0.025843 0.998508
vn -0.047907 0.025780 0.998519
vn 0.133565 -0.988830 0.066149
vn 0.133565 -0.988830 0.066149
vn 0.133565 -0.988830 0.066149
vn 0.133565 -0.988830 0.066149
vn -0.246470 -0.914608 0.320539
vn -0.246470 -0.914608 0.320539
vn -0.246470 -0.914608 0.320539
vn -0.246470 -0.914608 0.320539
vn 0.047131 -0.998019 -0.041674
vn 0.047131 -0.998019 -0.041674
vn 0.047131 -0.998019 -0.041674
vn 0.047131 -0.998019 -0.041674
vn -0.002520 -0.936901 0.349585
vn -0.002520 -0.936901 0.349585
vn -0.037726 -0.946821 0.319543
vn -0.031685 -0.945268 0.324754
vn -0.054250 -0.952788 0.298750
vn -0.052074 -0.951557 0.303032
vn -0.064407 -0.958234 0.278640
vn -0.037157 0.955098 0.293952
vn -0.037157 0.955098 0.293952
vn -0.037157 0.955098 0.293952
vn -0.037157 0.955098 0.293952
vn 0.308840 -0.314861 0.897486
vn 0.308840 -0.314861 0.897486
vn 0.308840 -0.314861 0.897486
vn 0.308840 -0.314861 0.897486
vn -0.028456 0.952018 0.304715
vn -0.028456 0.952018 0.304715
vn -0.028456 0.952018 0.304715
vn -0.028456 0.952018 0.304715
vn -0.826383 -0.426763 0.367375
vn -0.826383 -0.426763 0.367375
vn -0.826383 -0.426763 0.367375
vn -0.826383 -0.426763 0.367375
vn 0.401519 0.281391 -0.871551
vn 0.401519 0.281391 -0.871551
vn 0.229731 0.415636 -0.880040
vn 0.229731 0.415636 -0.880040
vn 0.914361 0.015156 0.404618
vn 0.915530 0.018659 0.401817
vn 0.880425 0.117341 0.459438
vn 0.880425 0.117341 0.459438
vn 0.290647 0.600893 -0.744616
vn 0.290647 0.600893 -0.744616
vn -0.264077 -0.712361 0.650235
vn -0.264077 -0.712361 0.650235
vn -0.264077 -0.712361 0.650235
vn 0.285507 -0.754044 -0.591527
vn 0.285507 -0.754044 -0.591527
vn -0.920917 -0.035623 -0.388127
vn -0.920918 -0.035625 -0.388127
vn -0.914028 -0.023215 -0.404986
vn -0.920916 -0.035615 -0.388131
vn -0.920917 -0.035623 -0.388127
vn -0.292750 0.766982 0.570996
vn -0.292750 0.766982 0.570996
vn 0.912354 0.017202 0.409042
vn 0.915530 0.018659 0.401817
vn 0.920912 0.035602 0.388142
vn -0.880113 -0.118067 -0.459850
vn -0.880113 -0.118067 -0.459850
vn -0.903903 -0.040361 -0.425829
vn -0.903903 -0.040361 -0.425829
vn -0.903903 -0.040361 -0.425829
vn 0.903900 0.040340 0.425837
vn 0.903900 0.040340 0.425837
vn 0.903900 0.040340 0.425837
vn -0.925671 -0.104899 -0.363497
vn -0.947243 -0.128479 -0.293639
vn -0.947243 -0.128479 -0.293639
vn 0.909362 0.015655 0.415712
vn 0.925665 0.001903 0.378340
vn 0.925665 0.001903 0.378340
vn 0.925665 0.001903 0.378340
vn -0.860423 0.494787 0.121897
vn -0.860423 0.494787 0.121897
vn -0.860423 0.494787 0.121897
vn -0.860423 0.494787 0.121897
vn -0.267361 -0.705007 0.656874
vn -0.267361 -0.705007 0.656874
vn -0.267361 -0.705007 0.656874
vn -0.267361 -0.705007 0.656874
vn -0.851072 0.519856 0.073673
vn -0.851072 0.519856 0.073673
vn -0.851072 0.519856 0.073673
vn -0.851071 0.519856 0.073673
vn -0.843426 0.533085 0.066733
vn -0.843426 0.533085 0.066733
vn -0.843426 0.533085 0.066733
vn -0.843426 0.533085 0.066733
vn 0.537259 0.513931 0.668752
vn 0.537258 0.513951 0.668737
vn 0.536830 0.520040 0.664358
vn 0.536830 0.520040 0.664358
vn 0.456408 0.576672 0.677600
vn 0.456408 0.576672 0.677600
vn 0.456408 0.576672 0.677599
vn 0.456408 0.576672 0.677600
vn 0.528259 0.595358 0.605385
vn 0.528259 0.595358 0.605385
vn 0.528259 0.595358 0.605385
vn 0.528259 0.595358 0.605385
vn -0.902128 -0.045419 -0.429073
vn -0.929182 -0.046711 -0.366660
vn -0.944176 0.051832 -0.325340
vn -0.944639 0.057057 -0.323114
vn 0.200955 0.589913 -0.782062
vn 0.200955 0.589913 -0.782062
vn -0.223482 -0.808806 0.543958
vn -0.223482 -0.808806 0.543958
vn -0.223482 -0.808806 0.543958
vn 0.138211 -0.783148 -0.606282
vn 0.138211 -0.783148 -0.606282
vn 0.903907 0.008303 0.427649
vn 0.895074 0.035512 0.444502
vn 0.905327 0.013110 0.424514
vn 0.895074 0.035512 0.444502
vn 0.891339 0.045570 0.451042
vn -0.255659 0.795238 0.549760
vn -0.255659 0.795238 0.549760
vn -0.890988 -0.045160 -0.451777
vn -0.902128 -0.045419 -0.429073
vn -0.925812 -0.043627 -0.375459
vn 0.944564 -0.053996 0.323858
vn 0.944991 -0.059330 0.321672
vn 0.944991 -0.059330 0.321672
vn 0.938565 -0.083546 0.334838
vn 0.946221 -0.077736 0.314042
vn -0.946177 0.077829 -0.314154
vn -0.938346 0.082724 -0.335655
vn -0.944639 0.057057 -0.323114
vn 0.931139 -0.079728 0.355842
vn -0.864972 0.116432 -0.488127
vn -0.864972 0.116432 -0.488127
vn -0.864972 0.116432 -0.488127
vn -0.879753 0.108039 -0.462993
vn -0.879753 0.108039 -0.462993
vn -0.879753 0.108040 -0.462993
vn 0.216690 0.547018 -0.808589
vn 0.216690 0.547018 -0.808589
vn 0.522460 0.531807 0.666496
vn 0.522460 0.531807 0.666496
vn 0.522460 0.531807 0.666496
vn 0.522460 0.531807 0.666496
vn -0.219707 -0.816755 0.533517
vn -0.219707 -0.816755 0.533517
vn -0.219707 -0.816755 0.533517
vn -0.219707 -0.816755 0.533517
vn 0.610841 0.438723 0.659087
vn 0.613728 0.443790 0.652984
vn 0.613728 0.443790 0.652984
vn 0.610935 0.438888 0.658890
vn 0.138158 -0.783107 -0.606347
vn 0.138159 -0.783107 -0.606347
vn 0.138158 -0.783107 -0.606347
vn 0.138158 -0.783107 -0.606347
vn 0.528897 0.427355 0.733237
vn 0.528897 0.427355 0.733237
vn 0.528897 0.427355 0.733237
vn 0.528897 0.427355 0.733237
vn -0.866015 0.498349 0.040825
vn -0.866015 0.498349 0.040825
vn -0.866015 0.498349 0.040825
vn -0.866015 0.498349 0.040825
vn -0.811477 0.554971 0.183065
vn -0.795102 0.588713 0.145704
vn -0.795349 0.588248 0.146235
vn -0.811477 0.554972 0.183065
vn -0.791765 0.594891 0.138613
vn -0.791765 0.594891 0.138613
vn 0.184324 -0.793796 -0.579581
vn 0.184324 -0.793796 -0.579581
vn 0.184324 -0.793796 -0.579581
vn 0.184324 -0.793795 -0.579581
vn -0.918478 -0.004478 -0.395447
vn -0.918478 -0.004478 -0.395447
vn -0.918478 -0.004478 -0.395447
vn -0.918478 -0.004478 -0.395447
vn -0.907310 -0.011809 -0.420297
vn -0.907310 -0.011809 -0.420297
vn -0.284747 0.756363 0.588927
vn -0.284747 0.756363 0.588927
vn 0.947996 0.131320 0.289931
vn 0.947996 0.131320 0.289931
vn 0.947996 0.131320 0.289931
vn 0.947996 0.131320 0.289931
vn 0.925462 0.105378 0.363891
vn 0.925462 0.105378 0.363891
vn 0.925462 0.105378 0.363891
vn 0.925462 0.105378 0.363891
vn -0.901762 0.399353 0.165357
vn -0.901762 0.399353 0.165357
vn -0.901762 0.399353 0.165357
vn -0.901762 0.399353 0.165357
vn 0.537324 0.512962 0.669443
vn 0.537324 0.512962 0.669443
vn 0.200475 -0.792607 -0.575833
vn 0.200475 -0.792607 -0.575833
vn 0.200475 -0.792607 -0.575833
vn 0.200475 -0.792607 -0.575833
vn 0.880796 -0.079988 0.466692
vn 0.880796 -0.079988 0.466692
vn 0.880796 -0.079988 0.466692
vn 0.880796 -0.079988 0.466692
vn 0.864917 -0.116210 0.488276
vn 0.864917 -0.116209 0.488276
vn 0.864917 -0.116210 0.488276
vn 0.864917 -0.116209 0.488276
vn -0.137989 0.783463 0.605925
vn -0.137989 0.783463 0.605925
vn -0.932373 0.104216 -0.346152
vn -0.932373 0.104216 -0.346152
vn -0.930921 0.078593 -0.356666
vn -0.930921 0.078593 -0.356666
vn -0.930921 0.078593 -0.356666
vn -0.930921 0.078593 -0.356666
vn 0.193552 -0.809249 -0.554666
vn 0.193552 -0.809249 -0.554666
vn 0.193552 -0.809249 -0.554666
vn 0.193552 -0.809249 -0.554666
vn 0.610232 0.437659 0.660358
vn 0.610232 0.437659 0.660358
vn -0.789809 0.613271 -0.010026
vn -0.789809 0.613271 -0.010026
vn -0.789809 0.613271 -0.010026
vn -0.789809 0.613271 -0.010026
vn 0.161092 0.899053 -0.407129
vn 0.161092 0.899053 -0.407129
vn 0.161092 0.899053 -0.407129
vn 0.161092 0.899053 -0.407129
vn 0.143203 0.699238 -0.700399
vn 0.143203 0.699238 -0.700399
vn 0.143203 0.699238 -0.700399
vn 0.143203 0.699238 -0.700399
vn 0.583473 -0.668721 -0.460838
vn 0.583473 -0.668721 -0.460838
vn 0.583473 -0.668721 -0.460838
vn 0.583473 -0.668721 -0.460838
vn 0.109483 0.912108 0.395061
vn 0.109483 0.912108 0.395061
vn 0.109483 0.912107 0.395061
vn 0.129073 0.830164 0.542373
vn 0.129073 0.830164 0.542373
vn 0.129073 0.830164 0.542373
vn 0.526574 -0.694483 -0.490320
vn 0.526574 -0.694483 -0.490320
vn 0.526574 -0.694483 -0.490320
vn 0.526574 -0.694483 -0.490320
vn 0.192344 0.893710 0.405323
vn 0.192344 0.893710 0.405323
vn 0.192344 0.893710 0.405323
vn 0.192344 0.893710 0.405323
vn -0.970653 -0.024073 0.239276
vn -0.970653 -0.024073 0.239276
vn -0.970653 -0.024073 0.239276
vn -0.970653 -0.024073 0.239276
vn 0.010121 0.937447 0.347981
vn 0.010121 0.937447 0.347981
vn 0.715974 -0.266556 0.645237
vn 0.715974 -0.266556 0.645237
vn 0.715974 -0.266556 0.645237
vn 0.715974 -0.266556 0.645237
vn -0.515924 -0.352363 -0.780809
vn -0.515924 -0.352363 -0.780809
vn -0.515924 -0.352363 -0.780809
vn -0.515924 -0.352363 -0.780809
vn 0.920144 -0.107546 0.376523
vn 0.920144 -0.107546 0.376523
vn 0.920144 -0.107546 0.376523
vn 0.920144 -0.107546 0.376523
vn -0.246877 0.633649 0.733172
vn -0.246877 0.633649 0.733172
vn -0.246877 0.633649 0.733172
vn -0.246877 0.633649 0.733172
vn -0.939832 0.154159 -0.304879
vn -0.939832 0.154159 -0.304880
vn -0.939832 0.154159 -0.304879
vn -0.939832 0.154159 -0.304879
vn -0.920921 -0.035628 -0.388118
vn -0.920921 -0.035628 -0.388118
vn -0.920921 -0.035628 -0.388118
vn -0.920921 -0.035628 -0.388118
vn -0.920920 -0.035630 -0.388120
vn -0.920920 -0.035630 -0.388120
vn -0.920920 -0.035630 -0.388120
vn 0.919293 0.036917 0.391840
vn 0.919293 0.036917 0.391840
vn 0.919293 0.036917 0.391840
vn 0.919293 0.036917 0.391840
vn -0.138801 -0.986573 -0.086067
vn -0.138801 -0.986573 -0.086067
vn -0.723269 0.689329 0.041331
vn -0.723269 0.689329 0.041331
vn -0.723269 0.689329 0.041331
vn -0.723269 0.689329 0.041331
vn 0.804863 0.485230 0.341684
vn 0.804863 0.485230 0.341684
vn 0.804863 0.485230 0.341684
vn 0.804863 0.485230 0.341684
vn -0.662023 0.650006 -0.373121
vn -0.662023 0.650006 -0.373121
vn -0.662023 0.650006 -0.373121
vn -0.662023 0.650006 -0.373121
vn -0.088833 -0.995099 0.043449
vn -0.088833 -0.995099 0.043449
vn -0.088833 -0.995099 0.043449
vn -0.088833 -0.995099 0.043449
vn -0.105551 -0.795792 -0.596301
vn -0.105551 -0.795792 -0.596301
vn -0.669120 0.708690 0.223693
vn -0.669120 0.708690 0.223693
vn -0.669120 0.708690 0.223693
vn -0.669120 0.708690 0.223693
vn 0.857751 0.276224 0.433547
vn 0.857751 0.276224 0.433547
vn 0.857751 0.276224 0.433547
vn 0.857751 0.276224 0.433547
vn -0.506976 0.845443 -0.167934
vn -0.506976 0.845443 -0.167934
vn -0.506976 0.845443 -0.167934
vn -0.506976 0.845443 -0.167934
vn -0.189124 -0.968394 -0.162619
vn -0.189124 -0.968394 -0.162619
vn -0.189124 -0.968394 -0.162619
vn -0.189124 -0.968394 -0.162619
vn 0.007292 -0.648289 -0.761360
vn 0.007292 -0.648289 -0.761360
vn -0.652187 0.757067 0.038758
vn -0.677263 0.734052 0.049821
vn -0.672368 0.738683 0.047636
vn -0.652187 0.757067 0.038758
vn 0.714008 -0.058263 0.697710
vn 0.714008 -0.058263 0.697710
vn 0.714008 -0.058263 0.697710
vn 0.714008 -0.058263 0.697710
vn -0.789292 0.598354 0.137806
vn -0.789292 0.598354 0.137806
vn -0.789292 0.598354 0.137806
vn -0.789292 0.598354 0.137806
vn 0.079425 -0.540561 -0.837547
vn 0.079425 -0.540561 -0.837547
vn 0.079425 -0.540561 -0.837547
vn 0.079425 -0.540561 -0.837547
vn 0.850342 0.217654 0.479110
vn 0.850342 0.217654 0.479110
vn 0.850342 0.217654 0.479110
vn 0.850342 0.217654 0.479110
vn -0.695325 0.716352 0.057996
vn -0.695325 0.716352 0.057996
vn -0.087846 -0.874411 -0.477167
vn -0.087846 -0.874411 -0.477167
vn -0.087846 -0.874411 -0.477167
vn -0.087846 -0.874411 -0.477168
vn 0.748669 0.431534 0.503263
vn 0.225427 -0.807359 -0.545303
vn 0.225427 -0.807359 -0.545303
vn 0.225427 -0.807359 -0.545303
vn 0.225427 -0.807359 -0.545303
vn -0.922838 0.383936 0.031054
vn -0.922838 0.383936 0.031054
vn -0.922838 0.383936 0.031054
vn -0.922838 0.383936 0.031054
vn 0.749471 0.418874 0.512677
vn 0.749471 0.418874 0.512677
vn 0.623726 0.393763 0.675216
vn 0.623726 0.393763 0.675216
vn -0.726934 0.611200 0.313054
vn -0.726934 0.611200 0.313054
vn -0.726934 0.611200 0.313054
vn -0.726934 0.611200 0.313054
vn 0.216660 -0.618607 -0.755238
vn 0.216660 -0.618607 -0.755238
vn 0.216660 -0.618607 -0.755238
vn 0.216660 -0.618607 -0.755238
vn -0.724323 0.652105 0.223863
vn -0.724323 0.652105 0.223863
vn -0.724323 0.652105 0.223863
vn -0.724323 0.652105 0.223863
vn 0.477427 0.189316 0.858034
vn 0.477427 0.189316 0.858034
vn 0.477427 0.189316 0.858034
vn 0.477427 0.189316 0.858034
vn -0.971278 0.195378 -0.135820
vn -0.971278 0.195378 -0.135820
vn 0.165180 0.951214 0.260590
vn 0.165180 0.951214 0.260590
vn 0.165180 0.951214 0.260590
vn 0.487303 -0.845190 -0.219523
vn 0.487303 -0.845190 -0.219523
vn 0.487303 -0.845190 -0.219523
vn 0.487303 -0.845190 -0.219523
vn 0.231266 0.967201 0.105068
vn 0.231266 0.967201 0.105068
vn 0.231266 0.967201 0.105068
vn 0.231266 0.967201 0.105068
vn -0.964956 0.165443 0.203687
vn -0.964956 0.165443 0.203687
vn -0.964956 0.165443 0.203687
vn -0.858643 0.397513 -0.323599
vn 0.715417 0.563623 0.412926
vn 0.715417 0.563623 0.412926
vn 0.715417 0.563623 0.412926
vn 0.147844 -0.952907 -0.264782
vn 0.147844 -0.952907 -0.264782
vn 0.147844 -0.952908 -0.264782
vn 0.147844 -0.952907 -0.264782
vn 0.661723 0.529137 0.531166
vn 0.661723 0.529137 0.531166
vn 0.661723 0.529137 0.531166
vn 0.661723 0.529137 0.531166
vn -0.864647 0.387983 -0.319148
vn -0.864647 0.387983 -0.319148
vn -0.837529 0.373133 -0.399145
vn -0.837529 0.373133 -0.399145
vn 0.796225 0.570832 0.200443
vn 0.796225 0.570832 0.200443
vn 0.796225 0.570832 0.200443
vn 0.796225 0.570832 0.200443
vn -0.018473 -0.995377 0.094248
vn -0.018473 -0.995377 0.094248
vn -0.018473 -0.995377 0.094248
vn -0.018473 -0.995377 0.094248
vn 0.702173 0.594666 0.391569
vn 0.702173 0.594666 0.391569
vn 0.702173 0.594666 0.391569
vn 0.702173 0.594666 0.391569
vn -0.758583 0.374993 -0.532854
vn -0.758583 0.374993 -0.532854
vn -0.758583 0.374993 -0.532854
vn -0.758583 0.374993 -0.532854
vn 0.623085 0.236699 0.745479
vn 0.623085 0.236699 0.745479
vn -0.263344 0.730333 -0.630288
vn -0.263344 0.730334 -0.630288
vn -0.263344 0.730334 -0.630288
vn -0.263344 0.730334 -0.630288
vn -0.556262 -0.797588 0.233296
vn -0.556262 -0.797588 0.233296
vn -0.556262 -0.797588 0.233296
vn -0.556262 -0.797588 0.233296
vn 0.534326 0.424085 0.731196
vn 0.534326 0.424085 0.731196
vn 0.534326 0.424085 0.731196
vn 0.534326 0.424085 0.731196
vn 0.034331 0.373840 -0.926858
vn 0.034331 0.373840 -0.926858
vn 0.034331 0.373839 -0.926858
vn 0.034331 0.373839 -0.926858
vn 0.899455 0.127326 0.418054
vn 0.899455 0.127326 0.418054
vn -0.331675 0.891698 -0.308005
vn -0.331675 0.891698 -0.308005
vn -0.331675 0.891698 -0.308005
vn -0.331675 0.891698 -0.308005
vn -0.515908 -0.850463 -0.102726
vn -0.515908 -0.850463 -0.102726
vn -0.515908 -0.850463 -0.102726
vn -0.515908 -0.850463 -0.102726
vn 0.187592 0.979182 0.077532
vn 0.187592 0.979182 0.077532
vn 0.677629 -0.149560 0.720035
vn 0.677629 -0.149561 0.720035
vn 0.677629 -0.149561 0.720035
vn 0.677629 -0.149560 0.720035
vn -0.580204 -0.490547 -0.650174
vn -0.580204 -0.490547 -0.650174
vn -0.580204 -0.490547 -0.650174
vn -0.580204 -0.490547 -0.650174
vn 0.900831 -0.104243 0.421471
vn 0.900831 -0.104243 0.421471
vn 0.900831 -0.104243 0.421471
vn 0.900831 -0.104243 0.421471
vn -0.097880 0.847801 0.521204
vn -0.097880 0.847801 0.521204
vn -0.097880 0.847801 0.521204
vn -0.097880 0.847801 0.521204
vn -0.893249 0.438472 -0.099239
vn -0.893249 0.438472 -0.099239
vn 0.368892 0.766779 0.525328
vn 0.368892 0.766779 0.525328
vn 0.368892 0.766779 0.525328
vn 0.368892 0.766779 0.525328
vn 0.299296 -0.830666 -0.469485
vn 0.299296 -0.830666 -0.469485
vn 0.299296 -0.830666 -0.469485
vn 0.299296 -0.830666 -0.469485
vn 0.432685 0.785475 0.442507
vn 0.432685 0.785475 0.442507
vn 0.432685 0.785475 0.442507
vn 0.432685 0.785475 0.442507
vn -0.930597 0.318114 0.181087
vn -0.930597 0.318114 0.181087
vn -0.930597 0.318114 0.181087
vn -0.930597 0.318114 0.181087
vn 0.741466 0.172527 0.648431
vn 0.741466 0.172527 0.648431
vn -0.409288 0.845409 0.343171
vn -0.409288 0.845409 0.343171
vn -0.409288 0.845409 0.343171
vn -0.409288 0.845409 0.343171
vn -0.091570 -0.685701 -0.722101
vn -0.091570 -0.685701 -0.722101
vn -0.091570 -0.685701 -0.722101
vn -0.091570 -0.685701 -0.722101
vn -0.337692 0.920133 0.198291
vn -0.337692 0.920133 0.198291
vn -0.337692 0.920133 0.198291
vn -0.337692 0.920133 0.198291
vn 0.501884 0.030651 0.864392
vn 0.501884 0.030651 0.864392
vn 0.501884 0.030651 0.864392
vn 0.501884 0.030651 0.864392
vn 0.789101 0.444676 0.423773
vn 0.789101 0.444676 0.423773
vn -0.911024 0.401482 0.094067
vn -0.910677 0.402576 0.092741
vn -0.912027 0.398258 0.097965
vn -0.912027 0.398258 0.097965
vn 0.155504 -0.675345 -0.720922
vn 0.155504 -0.675345 -0.720922
vn 0.155504 -0.675345 -0.720922
vn 0.155504 -0.675345 -0.720922
vn -0.908112 0.410371 0.083237
vn -0.908112 0.410371 0.083237
vn 0.697781 0.298341 0.651226
vn 0.697781 0.298341 0.651226
vn 0.697781 0.298341 0.651226
vn 0.697781 0.298341 0.651226
vn 0.741807 0.423681 0.519825
vn 0.743825 0.427337 0.513914
vn -0.935885 0.341527 0.086478
vn -0.935885 0.341527 0.086478
vn -0.935885 0.341527 0.086478
vn -0.935885 0.341527 0.086478
vn 0.231370 -0.669888 -0.705492
vn 0.231370 -0.669888 -0.705492
vn 0.231370 -0.669888 -0.705492
vn 0.231370 -0.669888 -0.705492
vn -0.950276 0.257489 0.175145
vn -0.950276 0.257489 0.175145
vn -0.950276 0.257489 0.175145
vn -0.950276 0.257489 0.175145
vn 0.737233 0.415565 0.532723
vn 0.737233 0.415565 0.532723
vn 0.715003 -0.568568 -0.406819
vn 0.715003 -0.568568 -0.406819
vn 0.217071 0.712755 0.666979
vn 0.217071 0.712755 0.666979
vn 0.217071 0.712755 0.666979
vn 0.217071 0.712755 0.666978
vn 0.603153 -0.581933 -0.545492
vn 0.603153 -0.581933 -0.545492
vn -0.963574 -0.258059 0.070230
vn -0.963574 -0.258059 0.070230
vn -0.963574 -0.258059 0.070230
vn 0.333240 0.814608 0.474726
vn 0.333240 0.814608 0.474726
vn 0.333240 0.814608 0.474726
vn 0.333240 0.814608 0.474726
vn 0.536232 -0.820460 -0.198244
vn 0.536232 -0.820460 -0.198244
vn 0.536232 -0.820460 -0.198244
vn 0.536232 -0.820460 -0.198244
vn -0.950746 -0.157516 0.266965
vn -0.950746 -0.157516 0.266965
vn -0.950746 -0.157516 0.266965
vn -0.950746 -0.157516 0.266965
vn 0.378008 0.923673 -0.062754
vn 0.378007 0.923673 -0.062754
vn 0.378007 0.923673 -0.062754
vn 0.378008 0.923673 -0.062754
vn 0.941194 -0.287253 -0.177877
vn 0.941194 -0.287253 -0.177877
vn 0.941194 -0.287253 -0.177877
vn 0.941194 -0.287253 -0.177877
vn -0.371068 0.611726 0.698641
vn -0.371068 0.611726 0.698641
vn -0.371068 0.611726 0.698641
vn -0.371068 0.611726 0.698641
vn 0.687279 0.555593 0.467936
vn 0.687279 0.555593 0.467936
vn -0.648459 0.753804 0.106214
vn -0.648459 0.753804 0.106214
vn -0.648459 0.753804 0.106214
vn 0.067520 -0.890849 -0.449255
vn 0.067520 -0.890849 -0.449255
vn 0.067520 -0.890849 -0.449255
vn 0.067520 -0.890849 -0.449255
vn -0.617473 0.784518 -0.057087
vn -0.617473 0.784518 -0.057087
vn -0.617473 0.784518 -0.057087
vn -0.617473 0.784518 -0.057087
vn 0.535233 0.470783 0.701348
vn 0.535233 0.470783 0.701348
vn 0.535233 0.470783 0.701348
vn 0.535233 0.470783 0.701348
vn 0.629964 0.382068 0.676143
vn 0.629964 0.382068 0.676143
vn -0.709413 0.612190 0.349222
vn -0.709413 0.612190 0.349222
vn -0.709413 0.612190 0.349222
vn -0.709413 0.612190 0.349222
vn 0.175203 -0.611655 -0.771481
vn 0.175203 -0.611655 -0.771481
vn 0.175203 -0.611655 -0.771481
vn 0.175203 -0.611655 -0.771481
vn -0.696859 0.671194 0.252759
vn -0.696859 0.671194 0.252759
vn -0.696859 0.671194 0.252759
vn -0.696859 0.671194 0.252759
vn 0.480542 0.183225 0.857618
vn 0.480542 0.183225 0.857618
vn 0.480542 0.183225 0.857618
vn 0.480542 0.183225 0.857618
vn -0.129298 -0.989490 -0.064737
vn -0.129298 -0.989490 -0.064737
vn -0.792549 0.604385 -0.081151
vn -0.792549 0.604385 -0.081151
vn -0.792549 0.604385 -0.081151
vn -0.792549 0.604385 -0.081151
vn 0.829826 0.427589 0.358548
vn 0.829826 0.427589 0.358548
vn 0.829826 0.427589 0.358548
vn 0.829826 0.427589 0.358548
vn -0.733046 0.550806 -0.399069
vn -0.733046 0.550806 -0.399069
vn -0.733046 0.550806 -0.399069
vn -0.733046 0.550806 -0.399069
vn -0.088838 -0.995098 0.043445
vn -0.088838 -0.995098 0.043445
vn -0.088838 -0.995098 0.043445
vn -0.088838 -0.995098 0.043445
vn -0.113994 -0.842540 -0.526434
vn -0.113994 -0.842540 -0.526434
vn -0.754174 0.655089 0.045616
vn -0.754174 0.655089 0.045616
vn -0.754174 0.655089 0.045616
vn -0.754174 0.655089 0.045616
vn 0.859201 0.229426 0.457316
vn 0.859201 0.229426 0.457316
vn 0.859201 0.229426 0.457316
vn -0.706865 0.702612 -0.081727
vn -0.706865 0.702612 -0.081727
vn -0.706865 0.702612 -0.081727
vn -0.706865 0.702612 -0.081727
vn -0.129716 -0.922953 -0.362398
vn -0.129716 -0.922953 -0.362398
vn -0.129716 -0.922953 -0.362398
vn -0.129716 -0.922953 -0.362398
vn -0.884356 0.352689 -0.305821
vn -0.884356 0.352689 -0.305821
vn 0.731210 0.599838 0.324848
vn 0.731210 0.599838 0.324848
vn 0.731210 0.599838 0.324848
vn 0.731210 0.599838 0.324848
vn 0.147882 -0.982208 -0.115754
vn 0.147882 -0.982208 -0.115754
vn 0.147882 -0.982208 -0.115754
vn 0.147882 -0.982208 -0.115754
vn 0.634699 0.569203 0.522652
vn 0.634699 0.569203 0.522652
vn 0.634699 0.569203 0.522652
vn 0.634699 0.569203 0.522652
vn 0.265938 -0.873838 -0.407042
vn 0.265938 -0.873838 -0.407042
vn -0.944304 0.286437 -0.162001
vn -0.944304 0.286437 -0.162001
vn -0.944304 0.286437 -0.162001
vn 0.638743 0.551001 0.537034
vn 0.638743 0.551001 0.537034
vn 0.638743 0.551001 0.537034
vn -0.811595 0.393338 -0.431971
vn -0.811595 0.393338 -0.431971
vn -0.811595 0.393338 -0.431971
vn -0.811595 0.393338 -0.431971
vn 0.608095 0.123365 0.784221
vn 0.608095 0.123365 0.784221
vn -0.371053 0.807823 -0.457976
vn -0.371053 0.807823 -0.457976
vn -0.371053 0.807823 -0.457976
vn -0.371053 0.807823 -0.457976
vn -0.465554 -0.882812 0.062467
vn -0.465554 -0.882812 0.062467
vn -0.465554 -0.882812 0.062467
vn -0.465554 -0.882812 0.062467
vn 0.498304 0.300448 0.813280
vn 0.498304 0.300448 0.813280
vn 0.498304 0.300448 0.813280
vn 0.498304 0.300448 0.813280
vn 0.891657 0.117064 0.437316
vn 0.891657 0.117064 0.437316
vn -0.466168 0.877711 -0.110955
vn -0.466168 0.877711 -0.110955
vn -0.466168 0.877711 -0.110955
vn -0.466168 0.877711 -0.110955
vn -0.401932 -0.868695 -0.289517
vn -0.401932 -0.868695 -0.289517
vn -0.401932 -0.868695 -0.289517
vn -0.401932 -0.868695 -0.289517
vn -0.170311 0.861912 0.477601
vn -0.945472 -0.051849 0.321552
vn -0.945472 -0.051849 0.321552
vn -0.362082 -0.219189 0.906010
vn -0.362082 -0.219189 0.906010
vn -0.555221 -0.193152 0.808964
vn -0.555255 -0.193145 0.808942
vn -0.555221 -0.193152 0.808964
vn -0.171405 -0.190457 0.966616
vn -0.171405 -0.190457 0.966616
vn -0.171405 -0.190457 0.966616
vn -0.171405 -0.190457 0.966616
vn 0.476888 0.057004 0.877114
vn 0.476888 0.057004 0.877114
vn 0.476888 0.057004 0.877114
vn 0.854627 0.347217 0.386075
vn 0.854627 0.347217 0.386075
vn 0.854627 0.347217 0.386075
vn 0.167673 -0.861347 -0.479549
vn 0.160213 -0.862596 -0.479855
vn 0.160212 -0.862596 -0.479855
vn 0.174866 -0.860256 -0.478939
vn 0.194847 -0.857743 -0.475722
vn 0.187001 -0.862737 -0.469804
vn 0.174866 -0.860256 -0.478939
vn 0.170978 -0.860785 -0.479391
vn 0.203376 -0.856898 -0.473671
vn 0.211149 -0.857379 -0.469380
vn -0.092824 0.647949 -0.756006
vn -0.092824 0.647949 -0.756007
vn -0.092824 0.647949 -0.756007
vn -0.092824 0.647949 -0.756007
vn 0.299867 0.741914 -0.599704
vn 0.299866 0.741914 -0.599703
vn 0.299867 0.741914 -0.599704
vn 0.299866 0.741914 -0.599703
vn 0.118463 0.796554 -0.592848
vn 0.118463 0.796554 -0.592848
vn 0.118463 0.796554 -0.592848
vn 0.118463 0.796554 -0.592848
vn 0.564779 0.720473 -0.402424
vn 0.564779 0.720473 -0.402424
vn 0.564779 0.720473 -0.402424
vn 0.564779 0.720473 -0.402424
vn -0.006361 0.700533 -0.713592
vn -0.006361 0.700533 -0.713592
vn -0.006361 0.700533 -0.713592
vn -0.006361 0.700533 -0.713592
vn -0.822454 0.386952 -0.416938
vn -0.822454 0.386952 -0.416938
vn -0.822454 0.386952 -0.416938
vn -0.822454 0.386952 -0.416938
vn -0.122348 0.759872 -0.638456
vn -0.122348 0.759872 -0.638456
vn -0.122348 0.759872 -0.638456
vn -0.122348 0.759872 -0.638456
vn -0.183932 0.873463 0.450813
vn -0.177516 0.859762 0.478851
vn 0.274995 0.903892 0.327656
vn 0.274995 0.903892 0.327656
vn 0.274995 0.903892 0.327656
vn 0.329836 -0.917112 0.223862
vn 0.329836 -0.917112 0.223862
vn 0.300464 0.805020 0.511532
vn 0.328461 0.800919 0.500642
vn 0.323300 0.801734 0.502693
vn 0.300464 0.805020 0.511532
vn -0.706439 0.062857 -0.704978
vn -0.706439 0.062857 -0.704978
vn -0.706439 0.062857 -0.704978
vn -0.706439 0.062857 -0.704978
vn 0.464222 0.809639 0.359142
vn 0.464222 0.809639 0.359142
vn 0.464222 0.809639 0.359142
vn 0.464222 0.809639 0.359142
vn 0.232781 -0.909592 0.344172
vn 0.232781 -0.909592 0.344173
vn 0.232781 -0.909592 0.344173
vn 0.232781 -0.909592 0.344173
vn -0.918873 0.074917 -0.387375
vn -0.918873 0.074917 -0.387375
vn -0.918873 0.074917 -0.387375
vn -0.918873 0.074917 -0.387375
vn 0.349076 0.797394 0.492249
vn 0.349076 0.797394 0.492249
vn -0.822931 0.406183 -0.397242
vn -0.822931 0.406182 -0.397242
vn 0.375837 0.891405 0.253267
vn 0.375837 0.891405 0.253267
vn 0.375837 0.891405 0.253267
vn 0.375837 0.891405 0.253267
vn 0.367022 0.870786 0.327151
vn 0.367022 0.870786 0.327151
vn 0.367022 0.870786 0.327151
vn 0.367022 0.870786 0.327151
vn -0.622874 0.431317 -0.652682
vn -0.622874 0.431317 -0.652682
vn -0.622874 0.431317 -0.652682
vn -0.622874 0.431317 -0.652682
vn -0.405383 0.834931 0.372230
vn -0.405383 0.834931 0.372230
vn -0.405383 0.834931 0.372230
vn -0.405383 0.834931 0.372230
vn 0.652487 0.421759 0.629588
vn 0.669249 0.424670 0.609722
vn -0.923005 0.378039 -0.071754
vn -0.923005 0.378039 -0.071754
vn -0.923005 0.378039 -0.071754
vn -0.923005 0.378039 -0.071754
vn -0.857279 0.470916 -0.208114
vn -0.857279 0.470916 -0.208114
vn -0.857279 0.470916 -0.208114
vn -0.857279 0.470916 -0.208114
vn 0.680802 0.426550 0.595453
vn 0.680802 0.426550 0.595453
vn -0.895392 0.444898 -0.018436
vn -0.895392 0.444898 -0.018436
vn -0.895392 0.444898 -0.018436
vn -0.895392 0.444898 -0.018436
vn 0.623294 0.271527 0.733334
vn 0.623294 0.271527 0.733334
vn 0.623294 0.271527 0.733334
vn 0.623294 0.271527 0.733334
vn -0.802831 0.559372 -0.206313
vn -0.802831 0.559372 -0.206313
vn -0.802831 0.559372 -0.206313
vn -0.802831 0.559372 -0.206313
vn -0.733325 0.375592 -0.566715
vn -0.733325 0.375592 -0.566715
vn 0.115738 0.279869 0.953037
vn 0.115738 0.279869 0.953037
vn 0.115738 0.279869 0.953037
vn 0.115738 0.279869 0.953037
vn -0.719486 0.552206 -0.421198
vn -0.719486 0.552206 -0.421198
vn -0.719486 0.552206 -0.421198
vn -0.719486 0.552206 -0.421198
vn -0.051906 -0.270308 0.961374
vn -0.051906 -0.270308 0.961374
vn -0.051906 -0.270308 0.961374
vn -0.051906 -0.270308 0.961374
vn -0.890661 -0.009813 -0.454563
vn -0.890661 -0.009813 -0.454563
vn 0.390984 0.746335 0.538623
vn 0.390984 0.746335 0.538623
vn 0.390984 0.746335 0.538623
vn -0.339789 0.706629 0.620660
vn -0.339789 0.706629 0.620660
vn -0.637891 0.024606 -0.769734
vn -0.637891 0.024606 -0.769734
vn -0.637891 0.024606 -0.769734
vn -0.637891 0.024606 -0.769734
vn -0.823884 -0.202445 -0.529369
vn -0.823884 -0.202445 -0.529369
vn -0.823884 -0.202445 -0.529369
vn -0.823884 -0.202445 -0.529369
vn -0.013782 0.980920 0.193923
vn -0.013782 0.980920 0.193923
vn -0.013782 0.980920 0.193923
vn -0.013782 0.980920 0.193923
vn -0.711900 0.697777 0.079409
vn -0.711900 0.697777 0.079409
vn -0.711900 0.697777 0.079409
vn -0.711900 0.697777 0.079409
vn 0.714547 0.671683 0.195613
vn 0.714547 0.671683 0.195613
vn 0.714547 0.671683 0.195613
vn 0.714547 0.671683 0.195613
vn 0.184960 0.850270 0.492779
vn 0.184959 0.850270 0.492779
vn 0.184960 0.850270 0.492779
vn 0.184959 0.850270 0.492779
vn -0.532802 0.328741 -0.779777
vn -0.532802 0.328741 -0.779777
vn -0.532802 0.328741 -0.779777
vn -0.532802 0.328741 -0.779777
vn -0.951432 0.236284 -0.197353
vn -0.951432 0.236284 -0.197353
vn 0.654554 0.690612 0.307595
vn 0.654259 0.690421 0.308648
vn 0.655368 0.691138 0.304667
vn 0.655368 0.691138 0.304667
vn 0.178961 -0.973095 0.145122
vn 0.178961 -0.973095 0.145122
vn 0.178961 -0.973095 0.145122
vn 0.178961 -0.973095 0.145122
vn 0.652246 0.689108 0.315761
vn 0.652246 0.689108 0.315761
vn -0.834002 0.301281 -0.462245
vn -0.834002 0.301281 -0.462245
vn -0.834002 0.301281 -0.462245
vn -0.834002 0.301281 -0.462245
vn -0.911134 0.303781 -0.278482
vn -0.913460 0.302392 -0.272307
vn 0.115119 -0.988620 0.096841
vn 0.115119 -0.988620 0.096841
vn 0.115119 -0.988620 0.096841
vn -0.906064 0.306682 -0.291537
vn -0.906064 0.306682 -0.291537
vn -0.458457 0.881983 -0.109193
vn -0.458457 0.881983 -0.109193
vn -0.458457 0.881983 -0.109193
vn -0.458457 0.881983 -0.109193
vn -0.304950 -0.951283 -0.045455
vn -0.304950 -0.951283 -0.045455
vn -0.622370 0.777958 0.086238
vn -0.622370 0.777958 0.086238
vn -0.622370 0.777958 0.086238
vn -0.622370 0.777958 0.086238
vn -0.183034 -0.906358 -0.380806
vn -0.183034 -0.906358 -0.380806
vn -0.183034 -0.906358 -0.380806
vn -0.183034 -0.906358 -0.380806
vn -0.676154 0.498372 0.542625
vn -0.676154 0.498372 0.542625
vn -0.676154 0.498372 0.542625
vn -0.676154 0.498372 0.542625
vn -0.174133 0.896842 0.406635
vn -0.174133 0.896842 0.406636
vn -0.862360 0.456209 -0.219567
vn -0.862360 0.456209 -0.219567
vn 0.406083 0.811622 0.419961
vn 0.406083 0.811622 0.419961
vn 0.406083 0.811622 0.419961
vn 0.406083 0.811622 0.419961
vn 0.374899 0.760245 0.530545
vn 0.374899 0.760245 0.530545
vn 0.374899 0.760245 0.530545
vn 0.374899 0.760245 0.530545
vn -0.673297 0.570849 -0.469897
vn -0.673297 0.570849 -0.469897
vn -0.673297 0.570849 -0.469897
vn -0.673297 0.570849 -0.469897
vn -0.791534 0.452822 -0.410399
vn -0.791534 0.452822 -0.410399
vn 0.500074 0.818170 0.283769
vn 0.500784 0.816532 0.287214
vn 0.497117 0.824683 0.269763
vn -0.067060 -0.980821 0.183010
vn -0.067060 -0.980821 0.183010
vn -0.067060 -0.980821 0.183010
vn 0.507357 0.799796 0.320804
vn 0.507357 0.799796 0.320804
vn 0.500784 0.816532 0.287214
vn 0.500074 0.818170 0.283769
vn -0.557802 0.454433 -0.694513
vn -0.557801 0.454433 -0.694513
vn -0.557802 0.454433 -0.694513
vn -0.557801 0.454433 -0.694513
vn 0.396426 0.798432 0.453158
vn 0.396426 0.798432 0.453158
vn 0.396426 0.798432 0.453158
vn 0.679080 0.438264 0.588877
vn 0.679080 0.438264 0.588877
vn -0.950562 0.309933 -0.019338
vn -0.950562 0.309934 -0.019338
vn -0.950562 0.309933 -0.019338
vn -0.950562 0.309934 -0.019338
vn -0.874461 0.449926 -0.181344
vn -0.874460 0.449926 -0.181344
vn -0.874461 0.449926 -0.181344
vn -0.874461 0.449926 -0.181344
vn -0.882105 0.429455 -0.193546
vn -0.882105 0.429455 -0.193546
vn -0.882105 0.429455 -0.193546
vn -0.882105 0.429455 -0.193546
vn 0.616480 0.364601 0.697867
vn 0.616480 0.364601 0.697867
vn 0.616480 0.364601 0.697867
vn 0.616480 0.364601 0.697867
vn -0.688359 0.307727 -0.656861
vn -0.688359 0.307727 -0.656861
vn 0.128374 0.461054 0.878038
vn 0.128374 0.461054 0.878038
vn 0.128374 0.461054 0.878038
vn 0.128374 0.461054 0.878038
vn -0.619519 0.556078 -0.554052
vn -0.619519 0.556078 -0.554052
vn -0.619519 0.556078 -0.554052
vn -0.619519 0.556078 -0.554052
vn -0.073613 -0.043931 0.996319
vn -0.073613 -0.043931 0.996319
vn -0.073613 -0.043931 0.996319
vn -0.073613 -0.043931 0.996319
vn -0.905382 -0.035685 -0.423096
vn -0.905382 -0.035685 -0.423096
vn 0.143463 0.723267 0.675503
vn 0.143463 0.723267 0.675502
vn 0.143463 0.723267 0.675502
vn 0.143463 0.723267 0.675502
vn 0.207403 -0.803441 -0.558092
vn 0.219524 -0.787608 -0.575746
vn -0.204199 0.803672 0.558940
vn 0.930938 0.338381 0.137308
vn 0.930938 0.338381 0.137308
vn -0.492093 0.358177 -0.793444
vn -0.492001 0.358221 -0.793482
vn 0.224483 -0.790292 -0.570129
vn 0.224483 -0.790292 -0.570129
vn 0.224483 -0.790292 -0.570129
vn 0.224483 -0.790292 -0.570129
vn -0.221239 0.791327 0.569961
vn -0.221239 0.791327 0.569961
vn -0.221239 0.791327 0.569961
vn 0.095711 -0.973731 -0.206608
vn 0.095711 -0.973731 -0.206608
vn 0.095711 -0.973731 -0.206608
vn 0.095711 -0.973731 -0.206608
vn -0.091709 0.976474 0.195163
vn -0.091709 0.976474 0.195163
vn -0.091709 0.976474 0.195163
vn -0.091709 0.976474 0.195163
vn 0.913537 0.155341 0.375924
vn 0.913537 0.155341 0.375924
vn 0.913537 0.155341 0.375924
vn 0.913537 0.155341 0.375924
vn -0.913807 -0.154756 -0.375510
vn -0.913807 -0.154756 -0.375510
vn -0.913807 -0.154756 -0.375510
vn -0.913807 -0.154756 -0.375510
vn 0.296480 -0.802006 -0.518542
vn 0.296480 -0.802006 -0.518542
vn 0.296480 -0.802006 -0.518542
vn 0.296480 -0.802006 -0.518542
vn -0.295638 0.803751 0.516316
vn -0.295638 0.803751 0.516316
vn -0.295638 0.803751 0.516316
vn -0.295638 0.803751 0.516316
vn 0.993179 -0.115487 0.016079
vn 0.993179 -0.115487 0.016079
vn 0.993179 -0.115487 0.016079
vn 0.993179 -0.115487 0.016079
vn 0.076303 -0.805489 -0.587678
vn 0.076303 -0.805489 -0.587678
vn 0.076303 -0.805489 -0.587678
vn 0.076303 -0.805489 -0.587678
vn -0.119158 0.807210 0.578113
vn -0.119158 0.807210 0.578113
vn -0.119158 0.807210 0.578113
vn -0.119158 0.807210 0.578113
vn -0.993413 0.114383 -0.006956
vn -0.993413 0.114383 -0.006956
vn -0.993413 0.114383 -0.006956
vn -0.993413 0.114383 -0.006956
vn -0.088861 -0.812791 -0.575738
vn -0.088861 -0.812791 -0.575738
vn -0.088861 -0.812791 -0.575738
vn -0.088861 -0.812791 -0.575738
vn 0.041912 0.817823 0.573942
vn 0.041912 0.817823 0.573942
vn 0.041912 0.817823 0.573942
vn 0.041912 0.817823 0.573942
vn 0.799951 0.167585 -0.576189
vn 0.799951 0.167585 -0.576189
vn 0.014356 0.206984 -0.978239
vn 0.014356 0.206984 -0.978239
vn 0.482659 -0.362559 0.797240
vn 0.482659 -0.362559 0.797240
vn -0.026372 -0.853121 -0.521047
vn -0.026372 -0.853121 -0.521047
vn -0.026372 -0.853121 -0.521047
vn -0.026372 -0.853121 -0.521047
vn -0.002805 0.848390 0.529365
vn -0.002805 0.848390 0.529365
vn -0.002805 0.848390 0.529365
vn -0.002805 0.848390 0.529365
vn -0.496708 0.355978 -0.791556
vn -0.496708 0.355978 -0.791556
vn -0.931616 -0.341569 -0.124184
vn -0.931616 -0.341569 -0.124184
vn -0.931616 -0.341569 -0.124184
vn -0.931616 -0.341569 -0.124184
vn 0.196005 -0.804983 -0.559986
vn 0.196005 -0.804983 -0.559986
vn -0.193799 0.805068 0.560631
vn -0.193799 0.805069 0.560631
vn 0.898728 0.399649 -0.180468
vn 0.898728 0.399649 -0.180468
vn 0.898728 0.399649 -0.180468
vn -0.388866 0.840678 0.376887
vn -0.387420 0.840916 0.377845
vn -0.390654 0.840497 0.375439
vn -0.863640 0.128391 -0.487486
vn -0.863640 0.128391 -0.487485
vn -0.863640 0.128391 -0.487485
vn -0.863640 0.128391 -0.487486
vn 0.581356 0.672494 -0.458015
vn 0.581356 0.672494 -0.458015
vn 0.581356 0.672494 -0.458015
vn 0.581356 0.672494 -0.458015
vn -0.174663 0.550534 -0.816336
vn -0.174663 0.550534 -0.816336
vn -0.174663 0.550534 -0.816336
vn -0.174663 0.550534 -0.816336
vn -0.577659 -0.451428 0.680090
vn -0.577659 -0.451428 0.680090
vn -0.577659 -0.451428 0.680090
vn -0.577659 -0.451428 0.680090
vn 0.789999 0.612873 -0.017023
vn 0.789999 0.612873 -0.017023
vn 0.789999 0.612872 -0.017023
vn 0.789999 0.612873 -0.017023
vn 0.502288 0.675214 -0.540179
vn 0.502288 0.675214 -0.540179
vn 0.502288 0.675214 -0.540179
vn 0.502288 0.675214 -0.540179
vn -0.953661 -0.248237 0.170028
vn -0.953661 -0.248237 0.170028
vn -0.953661 -0.248237 0.170028
vn -0.953661 -0.248237 0.170028
vn -0.128263 -0.335629 0.933222
vn -0.128264 -0.335629 0.933222
vn -0.128264 -0.335629 0.933222
vn -0.128264 -0.335629 0.933222
vn 0.093813 -0.108738 0.989634
vn 0.093813 -0.108738 0.989634
vn 0.093813 -0.108738 0.989634
vn 0.093813 -0.108738 0.989634
vn 0.795165 0.517837 0.315528
vn 0.795165 0.517837 0.315528
vn 0.795165 0.517838 0.315528
vn 0.795165 0.517838 0.315528
vn 0.115003 -0.974457 -0.192893
vn 0.116223 -0.973231 -0.198278
vn -0.115355 0.974354 0.193204
vn -0.116275 0.973260 0.198104
vn -0.143477 0.022343 0.989402
vn -0.143477 0.022343 0.989402
vn -0.143477 0.022343 0.989402
vn -0.143477 0.022343 0.989402
vn 0.750961 0.289050 0.593724
vn 0.750961 0.289050 0.593724
vn 0.750961 0.289050 0.593724
vn 0.750961 0.289050 0.593724
vn -0.985895 0.088120 -0.142288
vn -0.985895 0.088120 -0.142288
vn -0.985895 0.088120 -0.142288
vn 0.512298 0.129032 0.849060
vn 0.512298 0.129032 0.849060
vn 0.512298 0.129032 0.849060
vn 0.512298 0.129032 0.849060
vn -0.976349 0.104392 0.189330
vn -0.976349 0.104392 0.189330
vn -0.976349 0.104392 0.189330
vn -0.976349 0.104392 0.189330
vn -0.251159 0.101246 0.962636
vn -0.251159 0.101246 0.962636
vn -0.251159 0.101246 0.962636
vn -0.251159 0.101246 0.962636
vn -0.827590 0.093767 -0.553446
vn -0.827590 0.093767 -0.553446
vn -0.827590 0.093767 -0.553446
vn -0.827590 0.093767 -0.553446
vn -0.897470 -0.042144 0.439058
vn -0.897470 -0.042144 0.439058
vn -0.897470 -0.042144 0.439058
vn 0.078785 -0.974437 -0.210392
vn 0.078785 -0.974437 -0.210392
vn -0.047709 0.973843 0.222155
vn -0.047709 0.973843 0.222155
vn -0.742253 0.230628 -0.629183
vn -0.742253 0.230628 -0.629183
vn -0.742253 0.230628 -0.629183
vn -0.742253 0.230628 -0.629183
vn -0.169113 0.099157 0.980596
vn -0.169113 0.099157 0.980596
vn -0.169113 0.099157 0.980596
vn -0.169113 0.099157 0.980596
vn -0.816507 0.324948 -0.477207
vn -0.816507 0.324948 -0.477207
vn -0.816507 0.324948 -0.477207
vn -0.816507 0.324948 -0.477207
vn -0.519326 0.138448 0.843287
vn -0.519326 0.138448 0.843287
vn -0.519326 0.138448 0.843287
vn -0.519326 0.138448 0.843287
vn 0.546744 0.205034 0.811808
vn 0.546744 0.205034 0.811808
vn 0.546744 0.205034 0.811808
vn 0.546744 0.205034 0.811808
vn 0.366086 0.659811 -0.656224
vn 0.366086 0.659811 -0.656224
vn -0.316669 0.542752 -0.777908
vn -0.860432 0.482524 -0.163789
vn -0.860432 0.482524 -0.163789
vn -0.506637 0.174040 0.844411
vn -0.506637 0.174040 0.844411
vn -0.506637 0.174040 0.844411
vn 0.857343 0.469190 0.211717
vn 0.857343 0.469190 0.211717
vn 0.857343 0.469190 0.211717
vn 0.186646 0.032974 0.981874
vn 0.186646 0.032974 0.981874
vn -0.531628 -0.143031 0.834814
vn -0.531628 -0.143031 0.834814
vn -0.531628 -0.143031 0.834814
vn -0.117053 0.049995 0.991867
vn -0.117053 0.049995 0.991867
vn -0.117053 0.049996 0.991867
vn 0.742921 0.538376 0.397769
vn 0.742921 0.538376 0.397769
vn 0.742921 0.538376 0.397769
vn 0.734794 0.597131 -0.321733
vn 0.734794 0.597131 -0.321733
vn 0.734794 0.597131 -0.321733
vn 0.734794 0.597131 -0.321733
vn 0.086313 -0.976475 -0.197602
vn 0.086311 -0.976476 -0.197600
vn 0.087441 -0.976540 -0.196784
vn 0.088433 -0.976628 -0.195899
vn 0.088433 -0.976628 -0.195899
vn 0.087738 -0.976567 -0.196519
vn -0.086350 0.976540 0.197267
vn -0.088200 0.976619 0.196049
vn -0.088200 0.976619 0.196049
vn 0.085828 -0.976413 -0.198118
vn 0.086657 -0.976468 -0.197484
vn 0.086615 -0.976473 -0.197482
vn 0.398707 0.241267 0.884773
vn 0.398707 0.241267 0.884773
vn 0.398707 0.241267 0.884773
vn 0.398707 0.241267 0.884773
vn -0.264732 0.130719 0.955421
vn -0.264732 0.130719 0.955421
vn -0.264732 0.130719 0.955421
vn 0.931139 0.331301 0.152381
vn 0.931139 0.331301 0.152381
vn 0.931139 0.331301 0.152381
vn 0.929947 0.079077 0.359090
vn 0.929947 0.079077 0.359090
vn 0.929947 0.079077 0.359090
vn 0.929947 0.079077 0.359090
vn 0.921230 0.340568 -0.188016
vn 0.921230 0.340568 -0.188016
vn 0.921230 0.340568 -0.188016
vn 0.175193 -0.905761 -0.385881
vn 0.175193 -0.905761 -0.385881
vn -0.890349 -0.133525 -0.435259
vn -0.890349 -0.133525 -0.435259
vn -0.890378 -0.133536 -0.435196
vn -0.890378 -0.133536 -0.435196
vn -0.318574 -0.891832 -0.321164
vn -0.318574 -0.891832 -0.321164
vn -0.318574 -0.891832 -0.321164
vn -0.262713 -0.720278 -0.642014
vn -0.278991 -0.725048 -0.629659
vn -0.894788 -0.116065 -0.431143
vn -0.909482 -0.080887 -0.407798
vn -0.912996 -0.085376 -0.398937
vn -0.651579 0.756327 -0.058437
vn -0.651579 0.756327 -0.058437
vn -0.651579 0.756327 -0.058437
vn -0.651579 0.756327 -0.058437
vn -0.895918 -0.114446 -0.429225
vn -0.895410 -0.116274 -0.429793
vn -0.908667 -0.079027 -0.409975
vn -0.890199 -0.115696 -0.440636
vn -0.890238 -0.117604 -0.440053
vn -0.898524 -0.068516 -0.433545
vn -0.293902 0.772851 0.562427
vn -0.196513 0.972829 0.122417
vn -0.196728 0.972882 0.121650
vn -0.189286 0.970716 0.147922
vn -0.483041 -0.033136 0.874971
vn -0.483041 -0.033136 0.874971
vn -0.472994 -0.020554 0.880826
vn -0.472994 -0.020554 0.880826
vn 0.072904 -0.054167 0.995867
vn 0.072904 -0.054167 0.995867
vn 0.124570 -0.260045 0.957528
vn 0.124570 -0.260045 0.957528
vn 0.124570 -0.260045 0.957528
vn 0.124570 -0.260045 0.957528
vn 0.889992 0.131792 0.436515
vn 0.889992 0.131792 0.436515
vn -0.890156 -0.131089 -0.436392
vn -0.890156 -0.131089 -0.436392
vn 0.890170 0.130411 0.436567
vn 0.890170 0.130410 0.436567
vn -0.890358 -0.129780 -0.436372
vn -0.890358 -0.129780 -0.436372
vn -0.593712 0.787592 -0.164938
vn -0.595407 0.778760 -0.197544
vn -0.595407 0.778760 -0.197544
vn 0.547539 -0.815826 0.186091
vn 0.547539 -0.815826 0.186091
vn 0.547539 -0.815826 0.186091
vn 0.705558 -0.700780 -0.105333
vn 0.705558 -0.700780 -0.105333
vn 0.904194 0.115306 0.411263
vn 0.893784 0.135935 0.427401
vn -0.898119 -0.120284 -0.422982
vn 0.913930 0.087991 0.396220
vn 0.324695 0.908677 0.262447
vn 0.330030 0.902454 0.276871
vn 0.330030 0.902454 0.276871
vn 0.324772 0.908590 0.262654
vn 0.897143 0.115799 0.426294
vn 0.909255 0.086144 0.407229
vn 0.897606 0.114922 0.425556
vn -0.287666 0.879127 0.379980
vn 0.891919 0.118936 0.436275
vn 0.899871 0.079430 0.428862
vn 0.891927 0.118880 0.436273
vn -0.250348 0.883980 0.394849
vn -0.158411 0.982264 0.100319
vn -0.158411 0.982264 0.100319
vn -0.158411 0.982264 0.100318
vn 0.051646 -0.122885 0.991076
vn 0.051646 -0.122885 0.991076
vn -0.155781 -0.153579 0.975780
vn -0.155781 -0.153579 0.975780
vn -0.171077 -0.174591 0.969666
vn -0.171077 -0.174591 0.969666
vn 0.972596 0.126638 0.194989
vn -0.971219 -0.146425 -0.187865
vn -0.971219 -0.146425 -0.187865
vn 0.920717 0.130636 0.367715
vn 0.920717 0.130636 0.367715
vn 0.907691 0.112806 0.404195
vn 0.908802 0.114251 0.401282
vn 0.886758 0.147324 0.438127
vn 0.876746 0.181290 0.445477
vn -0.678786 -0.126317 -0.723391
vn -0.678786 -0.126316 -0.723391
vn 0.777788 -0.130153 0.614904
vn -0.890401 -0.133570 -0.435139
vn -0.890401 -0.133570 -0.435139
vn -0.642623 0.750650 -0.153495
vn -0.642623 0.750650 -0.153496
vn -0.642623 0.750650 -0.153495
vn -0.642623 0.750650 -0.153495
vn -0.890403 -0.133645 -0.435113
vn -0.890403 -0.133645 -0.435113
vn -0.895410 -0.116274 -0.429793
vn -0.895918 -0.114446 -0.429225
vn -0.890422 -0.133678 -0.435062
vn -0.890422 -0.133678 -0.435062
vn -0.890238 -0.117604 -0.440053
vn -0.890199 -0.115696 -0.440636
vn -0.201513 0.973903 0.104427
vn -0.201513 0.973903 0.104427
vn -0.196728 0.972882 0.121650
vn -0.196513 0.972829 0.122417
vn -0.890373 -0.134098 -0.435034
vn -0.890373 -0.134098 -0.435034
vn -0.885417 -0.115494 -0.450221
vn -0.884923 -0.113738 -0.451637
vn -0.889950 -0.132517 -0.436381
vn -0.889950 -0.132517 -0.436381
vn -0.131617 0.990751 0.033008
vn -0.131617 0.990751 0.033008
vn -0.131617 0.990751 0.033008
vn -0.131617 0.990751 0.033008
vn 0.890293 0.129123 0.436700
vn 0.890293 0.129123 0.436700
vn -0.306817 -0.920210 -0.243060
vn -0.306817 -0.920210 -0.243060
vn -0.306817 -0.920210 -0.243060
vn -0.306817 -0.920210 -0.243060
vn 0.317521 0.916505 0.243308
vn 0.317521 0.916505 0.243308
vn 0.324695 0.908677 0.262447
vn 0.324772 0.908590 0.262654
vn 0.890248 0.128552 0.436959
vn 0.890248 0.128552 0.436959
vn 0.897143 0.115799 0.426294
vn 0.897606 0.114922 0.425556
vn 0.170587 -0.985336 0.003701
vn 0.170587 -0.985336 0.003701
vn 0.170587 -0.985336 0.003701
vn 0.889544 0.134110 0.436721
vn 0.889544 0.134110 0.436721
vn 0.891919 0.118936 0.436275
vn 0.891927 0.118880 0.436273
vn 0.164784 -0.986287 -0.009209
vn 0.164784 -0.986287 -0.009209
vn 0.164784 -0.986287 -0.009209
vn 0.164784 -0.986287 -0.009209
vn -0.165479 0.985735 0.030699
vn -0.165479 0.985735 0.030699
vn -0.165479 0.985735 0.030699
vn -0.165479 0.985735 0.030699
vn 0.889659 0.134122 0.436484
vn 0.889659 0.134122 0.436484
vn 0.890798 0.118269 0.438738
vn 0.890798 0.118270 0.438738
vn -0.347655 -0.441835 0.826993
vn -0.347655 -0.441835 0.826993
vn -0.347655 -0.441835 0.826993
vn -0.347655 -0.441835 0.826993
vn -0.100839 0.962989 0.249969
vn -0.100839 0.962989 0.249969
vn -0.100839 0.962989 0.249969
vn -0.100839 0.962989 0.249969
vn 0.684821 0.120513 0.718677
vn 0.684821 0.120513 0.718677
vn 0.684821 0.120513 0.718677
vn 0.684821 0.120513 0.718677
vn -0.761873 0.053429 -0.645519
vn -0.761873 0.053429 -0.645519
vn -0.198268 0.971841 0.127339
vn -0.198268 0.971841 0.127339
vn -0.198268 0.971841 0.127339
vn -0.198268 0.971841 0.127339
vn -0.314317 0.914486 0.254796
vn -0.314317 0.914486 0.254796
vn -0.314317 0.914486 0.254796
vn -0.314317 0.914486 0.254796
vn -0.639221 -0.248806 0.727663
vn -0.639221 -0.248806 0.727663
vn -0.639221 -0.248806 0.727663
vn -0.639221 -0.248806 0.727663
vn -0.355654 -0.722369 0.593038
vn -0.355654 -0.722369 0.593038
vn -0.355654 -0.722369 0.593038
vn -0.355654 -0.722369 0.593038
vn -0.921312 -0.056360 -0.384718
vn -0.921239 -0.055782 -0.384978
vn -0.278777 -0.724986 -0.629824
vn -0.278991 -0.725048 -0.629659
vn -0.314871 -0.734538 -0.601091
vn -0.922235 -0.056203 -0.382524
vn -0.922136 -0.055554 -0.382857
vn -0.283298 0.793098 0.539201
vn -0.283275 0.793101 0.539208
vn -0.282617 0.781563 0.556137
vn -0.282824 0.781405 0.556253
vn -0.921873 -0.050695 -0.384163
vn -0.920820 -0.037114 -0.388217
vn -0.695068 0.700430 0.162105
vn -0.695068 0.700430 0.162105
vn -0.695068 0.700430 0.162105
vn -0.695068 0.700430 0.162105
vn -0.917758 -0.030063 -0.396002
vn -0.919674 -0.047771 -0.389768
vn -0.919661 -0.047871 -0.389785
vn -0.918135 -0.030794 -0.395069
vn -0.281960 0.692048 0.664506
vn -0.281960 0.692048 0.664506
vn -0.919783 -0.033556 -0.390991
vn -0.913368 -0.037319 -0.405421
vn -0.913238 -0.037347 -0.405711
vn -0.919866 -0.033714 -0.390781
vn -0.275195 0.729802 0.625825
vn -0.259767 0.798540 0.543006
vn -0.292597 0.778471 0.555311
vn -0.292619 0.778457 0.555319
vn -0.259767 0.798540 0.543006
vn -0.914638 -0.024132 -0.403553
vn -0.918811 -0.031726 -0.393421
vn -0.918811 -0.031725 -0.393421
vn -0.274852 0.732496 0.622821
vn -0.274852 0.732496 0.622821
vn -0.274852 0.732496 0.622821
vn -0.274852 0.732496 0.622821
vn 0.126157 0.520611 -0.844422
vn 0.126157 0.520611 -0.844422
vn 0.126157 0.520611 -0.844422
vn 0.126157 0.520611 -0.844422
vn 0.126124 0.520512 -0.844488
vn 0.126124 0.520512 -0.844488
vn 0.126124 0.520512 -0.844488
vn 0.126124 0.520512 -0.844488
vn 0.920430 0.061206 0.386087
vn 0.920468 0.060878 0.386049
vn 0.739010 -0.607487 -0.291246
vn 0.739010 -0.607487 -0.291246
vn 0.739010 -0.607487 -0.291246
vn -0.919124 -0.060748 -0.389257
vn -0.920614 -0.060918 -0.385692
vn -0.920588 -0.061183 -0.385712
vn -0.730023 0.610670 0.306837
vn -0.730023 0.610670 0.306837
vn -0.730023 0.610670 0.306837
vn 0.921904 0.060396 0.382682
vn 0.921931 0.060014 0.382678
vn -0.281922 0.770232 0.572068
vn -0.281922 0.770232 0.572068
vn -0.282793 0.759234 0.586167
vn -0.282793 0.759234 0.586167
vn -0.264799 -0.655913 -0.706866
vn -0.264799 -0.655913 -0.706866
vn -0.264799 -0.655913 -0.706866
vn -0.264799 -0.655913 -0.706866
vn -0.922127 -0.060371 -0.382149
vn -0.921876 -0.039051 -0.385512
vn 0.920207 0.034037 0.389950
vn 0.920209 0.034030 0.389947
vn 0.920203 0.034045 0.389958
vn 0.921586 0.036733 0.386432
vn 0.921550 0.036663 0.386524
vn -0.295033 0.671179 0.680055
vn -0.254941 0.808148 0.530945
vn -0.254941 0.808148 0.530945
vn -0.254941 0.808148 0.530945
vn -0.920209 -0.034025 -0.389946
vn 0.920207 0.034033 0.389950
vn 0.701486 -0.676557 -0.224026
vn 0.701486 -0.676557 -0.224026
vn 0.701486 -0.676557 -0.224026
vn 0.701486 -0.676557 -0.224026
vn -0.697905 0.679499 0.226295
vn -0.697905 0.679499 0.226295
vn -0.697905 0.679499 0.226295
vn 0.920202 0.034048 0.389960
vn -0.259015 0.799719 0.541628
vn -0.254854 0.808145 0.530991
vn -0.254854 0.808145 0.530991
vn -0.254854 0.808145 0.530991
vn -0.254854 0.808145 0.530991
vn -0.920211 -0.034018 -0.389942
vn 0.921337 0.039142 0.386791
vn 0.915144 0.073779 0.396320
vn 0.915013 0.074339 0.396516
vn 0.921325 0.039086 0.386825
vn 0.258776 0.648196 0.716155
vn 0.258776 0.648196 0.716155
vn 0.258776 0.648196 0.716155
vn 0.258776 0.648196 0.716155
vn 0.921062 0.038650 0.387493
vn 0.917364 0.059718 0.393546
vn 0.917268 0.060117 0.393709
vn 0.921043 0.038545 0.387548
vn 0.280977 -0.759539 -0.586646
vn 0.912573 0.043884 0.406553
vn 0.912207 0.044021 0.407360
vn -0.275210 0.761180 0.587252
vn -0.275210 0.761180 0.587252
vn -0.275210 0.761180 0.587252
vn -0.275210 0.761180 0.587252
vn 0.920205 0.034042 0.389955
vn 0.920205 0.034042 0.389955
vn -0.298083 0.658101 0.691411
vn -0.298083 0.658101 0.691411
vn -0.298083 0.658101 0.691411
vn -0.298083 0.658101 0.691411
vn -0.254951 0.806539 0.533381
vn 0.283411 0.712654 0.641719
vn 0.283411 0.712654 0.641719
vn 0.283411 0.712654 0.641719
vn 0.283411 0.712654 0.641719
vn 0.920207 0.034031 0.389951
vn 0.718107 -0.634363 -0.286192
vn 0.718107 -0.634363 -0.286192
vn 0.718107 -0.634363 -0.286192
vn 0.718107 -0.634363 -0.286192
vn -0.719302 0.624071 0.305189
vn -0.719302 0.624071 0.305189
vn -0.719302 0.624071 0.305189
vn 0.920204 0.034047 0.389956
vn -0.253810 -0.669157 -0.698434
vn -0.253810 -0.669157 -0.698434
vn -0.253810 -0.669157 -0.698434
vn -0.920209 -0.034030 -0.389946
vn 0.277789 -0.746993 -0.604016
vn 0.277789 -0.746993 -0.604016
vn 0.277789 -0.746993 -0.604016
vn 0.277789 -0.746993 -0.604016
vn 0.326836 0.419817 -0.846719
vn 0.326840 0.419797 -0.846727
vn 0.326844 0.419794 -0.846727
vn 0.326837 0.419816 -0.846719
vn 0.326516 0.419895 -0.846804
vn 0.326834 0.419827 -0.846714
vn 0.327141 0.419991 -0.846515
vn 0.326832 0.419829 -0.846714
vn 0.326707 0.419743 -0.846805
vn 0.326830 0.419828 -0.846715
vn 0.326944 0.419795 -0.846688
vn 0.326830 0.419822 -0.846718
vn 0.260428 0.653561 -0.710658
vn 0.260428 0.653561 -0.710658
vn 0.260428 0.653561 -0.710658
vn 0.260428 0.653561 -0.710658
vn 0.126166 0.680198 -0.722089
vn 0.126166 0.680198 -0.722089
vn 0.126166 0.680198 -0.722089
vn 0.126166 0.680198 -0.722089
vn 0.126132 0.680276 -0.722022
vn 0.126131 0.680276 -0.722022
vn 0.126132 0.680276 -0.722022
vn 0.126131 0.680276 -0.722022
vn -0.896749 -0.115971 -0.427075
vn -0.896164 -0.117628 -0.427848
vn -0.330329 -0.856917 -0.395697
vn -0.330329 -0.856917 -0.395696
vn -0.330329 -0.856917 -0.395696
vn -0.330329 -0.856917 -0.395696
vn -0.921873 -0.050695 -0.384163
vn -0.921914 -0.051279 -0.383987
vn -0.715247 0.659945 0.229990
vn -0.715247 0.659945 0.229990
vn -0.715247 0.659945 0.229989
vn -0.715247 0.659945 0.229990
vn 0.292323 -0.794483 -0.532301
vn 0.284444 -0.794745 -0.536165
vn 0.284421 -0.794745 -0.536176
vn 0.292323 -0.794483 -0.532301
vn -0.919661 -0.047871 -0.389785
vn -0.919674 -0.047771 -0.389768
vn -0.913238 -0.037347 -0.405711
vn -0.913368 -0.037319 -0.405421
vn -0.184008 0.966567 0.178575
vn -0.184008 0.966567 0.178575
vn -0.184008 0.966567 0.178575
vn -0.184008 0.966567 0.178575
vn -0.915412 -0.050044 -0.399395
vn -0.917238 -0.045423 -0.395743
vn -0.915412 -0.050044 -0.399395
vn -0.309182 0.767729 0.561248
vn -0.292597 0.778471 0.555311
vn -0.309182 0.767729 0.561248
vn 0.876612 0.085352 0.473568
vn 0.885542 0.115078 0.450081
vn 0.885060 0.113355 0.451465
vn 0.876612 0.085352 0.473568
vn 0.898201 0.117208 0.423673
vn 0.897814 0.117859 0.424312
vn 0.590224 -0.796948 0.128488
vn 0.590224 -0.796948 0.128488
vn 0.590224 -0.796948 0.128488
vn 0.590224 -0.796948 0.128488
vn 0.915013 0.074339 0.396516
vn 0.915144 0.073779 0.396320
vn 0.281683 0.801278 0.527834
vn 0.281683 0.801278 0.527834
vn 0.281683 0.801278 0.527834
vn 0.281683 0.801278 0.527834
vn 0.917268 0.060117 0.393709
vn 0.917364 0.059718 0.393546
vn -0.191249 0.978289 0.079842
vn -0.191249 0.978289 0.079842
vn -0.191249 0.978289 0.079842
vn -0.191249 0.978289 0.079842
vn 0.247841 -0.885107 -0.393905
vn 0.247841 -0.885107 -0.393905
vn 0.247841 -0.885107 -0.393905
vn 0.912207 0.044021 0.407360
vn 0.912573 0.043884 0.406553
vn -0.170180 0.980262 0.100623
vn -0.170180 0.980262 0.100623
vn -0.170180 0.980262 0.100623
vn -0.170180 0.980262 0.100623
vn 0.911859 0.042107 0.408338
vn -0.244203 0.877697 0.412327
vn -0.244203 0.877697 0.412327
vn -0.244203 0.877697 0.412327

g Houses111
usemtl Houses111subMesh0
s 1
f 255/255/255 1720/1720/1720 1719/1719/1719
f 359/359/359 360/360/360 1845/1845/1845
f 2134/2134/2134 2133/2133/2133 2132/2132/2132
f 65/65/65 31/31/31 366/366/366
f 65/65/65 69/69/69 31/31/31
f 69/69/69 30/30/30 31/31/31
f 1717/1717/1717 254/254/254 365/365/365
f 1718/1718/1718 1717/1717/1717 365/365/365
f 1721/1721/1721 255/255/255 1719/1719/1719
f 361/361/361 362/362/362 1846/1846/1846
f 362/362/362 2136/2136/2136 1846/1846/1846
f 2136/2136/2136 2135/2135/2135 1846/1846/1846
f 2139/2139/2139 2138/2138/2138 2137/2137/2137
f 2140/2140/2140 2139/2139/2139 2137/2137/2137
f 2121/2121/2121 2120/2120/2120 2119/2119/2119
f 67/67/67 366/366/366 1355/1355/1355
f 67/67/67 65/65/65 366/366/366
f 69/69/69 1665/1665/1665 30/30/30
f 1665/1665/1665 1664/1664/1664 30/30/30
f 2114/2114/2114 2113/2113/2113 2112/2112/2112
f 2113/2113/2113 358/358/358 2112/2112/2112
f 2112/2112/2112 358/358/358 2130/2130/2130
f 358/358/358 2131/2131/2131 2130/2130/2130
f 2117/2117/2117 2116/2116/2116 2115/2115/2115
f 2118/2118/2118 2117/2117/2117 2115/2115/2115
f 2124/2124/2124 2123/2123/2123 2122/2122/2122
f 2125/2125/2125 2124/2124/2124 2122/2122/2122
f 2128/2128/2128 2127/2127/2127 2126/2126/2126
f 2129/2129/2129 2128/2128/2128 2126/2126/2126
f 2157/2157/2157 2156/2156/2156 2155/2155/2155
f 2158/2158/2158 2157/2157/2157 2155/2155/2155
f 2161/2161/2161 2160/2160/2160 2159/2159/2159
f 2162/2162/2162 2161/2161/2161 2159/2159/2159
f 1663/1663/1663 66/66/66 1355/1355/1355
f 66/66/66 67/67/67 1355/1355/1355
f 2070/2070/2070 1994/1994/1994 208/208/208
f 208/208/208 340/340/340 2070/2070/2070
f 340/340/340 208/208/208 337/337/337
f 340/340/340 339/339/339 2070/2070/2070
f 337/337/337 208/208/208 1991/1991/1991
f 2072/2072/2072 341/341/341 2071/2071/2071
f 2072/2072/2072 338/338/338 341/341/341
f 338/338/338 342/342/342 341/341/341
f 1853/1853/1853 261/261/261 1994/1994/1994
f 261/261/261 1996/1996/1996 1994/1994/1994
f 1996/1996/1996 1995/1995/1995 1994/1994/1994
f 1995/1995/1995 264/264/264 1994/1994/1994
f 264/264/264 208/208/208 1994/1994/1994
f 1992/1992/1992 1991/1991/1991 208/208/208
f 1993/1993/1993 1992/1992/1992 208/208/208
f 264/264/264 269/269/269 208/208/208
f 269/269/269 268/268/268 208/208/208
f 268/268/268 270/270/270 208/208/208
f 270/270/270 271/271/271 208/208/208
f 1989/1989/1989 1988/1988/1988 1987/1987/1987
f 1990/1990/1990 1989/1989/1989 1987/1987/1987
f 1854/1854/1854 262/262/262 1853/1853/1853
f 262/262/262 261/261/261 1853/1853/1853
f 264/264/264 263/263/263 269/269/269
f 263/263/263 267/267/267 269/269/269
f 252/252/252 1716/1716/1716 1714/1714/1714
f 2103/2103/2103 2102/2102/2102 2101/2101/2101
f 2152/2152/2152 2151/2151/2151 2150/2150/2150
f 364/364/364 29/29/29 64/64/64
f 29/29/29 1666/1666/1666 64/64/64
f 62/62/62 1666/1666/1666 29/29/29
f 25/25/25 62/62/62 29/29/29
f 363/363/363 2154/2154/2154 1713/1713/1713
f 2154/2154/2154 2153/2153/2153 1713/1713/1713
f 1716/1716/1716 1715/1715/1715 1714/1714/1714
f 355/355/355 1842/1842/1842 1841/1841/1841
f 354/354/354 355/355/355 1841/1841/1841
f 2143/2143/2143 2142/2142/2142 2141/2141/2141
f 2144/2144/2144 2143/2143/2143 2141/2141/2141
f 2147/2147/2147 2146/2146/2146 2145/2145/2145
f 2148/2148/2148 2147/2147/2147 2145/2145/2145
f 2079/2079/2079 350/350/350 2078/2078/2078
f 2106/2106/2106 2105/2105/2105 2104/2104/2104
f 64/64/64 63/63/63 28/28/28
f 364/364/364 64/64/64 28/28/28
f 25/25/25 60/60/60 62/62/62
f 253/253/253 363/363/363 1712/1712/1712
f 363/363/363 1713/1713/1713 1712/1712/1712
f 1843/1843/1843 343/343/343 356/356/356
f 1844/1844/1844 1843/1843/1843 356/356/356
f 349/349/349 2077/2077/2077 2076/2076/2076
f 2092/2092/2092 353/353/353 2091/2091/2091
f 353/353/353 352/352/352 2091/2091/2091
f 2091/2091/2091 352/352/352 2110/2110/2110
f 352/352/352 2111/2111/2111 2110/2110/2110
f 2095/2095/2095 2094/2094/2094 2093/2093/2093
f 2096/2096/2096 2095/2095/2095 2093/2093/2093
f 2099/2099/2099 2098/2098/2098 2097/2097/2097
f 2100/2100/2100 2099/2099/2099 2097/2097/2097
f 357/357/357 2108/2108/2108 2107/2107/2107
f 2109/2109/2109 357/357/357 2107/2107/2107
f 2075/2075/2075 347/347/347 2074/2074/2074
f 2073/2073/2073 1982/1982/1982 1983/1983/1983
f 1983/1983/1983 348/348/348 2073/2073/2073
f 1983/1983/1983 344/344/344 348/348/348
f 344/344/344 1983/1983/1983 2080/2080/2080
f 1978/1978/1978 1977/1977/1977 1976/1976/1976
f 1979/1979/1979 1978/1978/1978 1976/1976/1976
f 2077/2077/2077 349/349/349 2081/2081/2081
f 1982/1982/1982 275/275/275 1984/1984/1984
f 1982/1982/1982 1981/1981/1981 275/275/275
f 1982/1982/1982 1984/1984/1984 1983/1983/1983
f 206/206/206 277/277/277 283/283/283
f 1979/1979/1979 1980/1980/1980 1978/1978/1978
f 275/275/275 274/274/274 276/276/276
f 275/275/275 276/276/276 1985/1985/1985
f 275/275/275 1985/1985/1985 1984/1984/1984
f 277/277/277 282/282/282 283/283/283
f 274/274/274 278/278/278 276/276/276
f 276/276/276 1986/1986/1986 1985/1985/1985
f 1051/1051/1051 3667/3667/3667 3666/3666/3666
f 1048/1048/1048 1049/1049/1049 1047/1047/1047
f 1048/1048/1048 1056/1056/1056 1049/1049/1049
f 1056/1056/1056 1052/1052/1052 1049/1049/1049
f 1052/1052/1052 1053/1053/1053 1049/1049/1049
f 1053/1053/1053 1054/1054/1054 1049/1049/1049
f 1050/1050/1050 3666/3666/3666 3668/3668/3668
f 1050/1050/1050 1051/1051/1051 3666/3666/3666
f 3695/3695/3695 3694/3694/3694 3693/3693/3693
f 3696/3696/3696 3695/3695/3695 3693/3693/3693
f 3671/3671/3671 3670/3670/3670 3669/3669/3669
f 1104/1104/1104 3771/3771/3771 3770/3770/3770
f 3801/3801/3801 3800/3800/3800 1105/1105/1105
f 1102/1102/1102 3801/3801/3801 1105/1105/1105
f 1102/1102/1102 1105/1105/1105 1101/1101/1101
f 1105/1105/1105 1106/1106/1106 1101/1101/1101
f 3799/3799/3799 1106/1106/1106 1105/1105/1105
f 3799/3799/3799 1108/1108/1108 1106/1106/1106
f 1108/1108/1108 1110/1110/1110 1106/1106/1106
f 3791/3791/3791 3790/3790/3790 3789/3789/3789
f 3792/3792/3792 3791/3791/3791 3789/3789/3789
f 3782/3782/3782 3781/3781/3781 3780/3780/3780
f 1095/1095/1095 3782/3782/3782 3780/3780/3780
f 3774/3774/3774 3773/3773/3773 3772/3772/3772
f 1092/1092/1092 3774/3774/3774 3772/3772/3772
f 1055/1055/1055 1050/1050/1050 3668/3668/3668
f 3730/3730/3730 3729/3729/3729 3728/3728/3728
f 3731/3731/3731 3730/3730/3730 3728/3728/3728
f 3735/3735/3735 3734/3734/3734 3732/3732/3732
f 3734/3734/3734 3733/3733/3733 3732/3732/3732
f 3727/3727/3727 3726/3726/3726 3724/3724/3724
f 3716/3716/3716 3715/3715/3715 3713/3713/3713
f 3715/3715/3715 3714/3714/3714 3713/3713/3713
f 1062/1062/1062 1061/1061/1061 1058/1058/1058
f 3726/3726/3726 3725/3725/3725 3724/3724/3724
f 1063/1063/1063 1062/1062/1062 3711/3711/3711
f 1064/1064/1064 1063/1063/1063 1060/1060/1060
f 1063/1063/1063 3711/3711/3711 1060/1060/1060
f 1062/1062/1062 3712/3712/3712 3711/3711/3711
f 3712/3712/3712 1062/1062/1062 1065/1065/1065
f 1062/1062/1062 1058/1058/1058 1065/1065/1065
f 1061/1061/1061 1059/1059/1059 1058/1058/1058
f 3738/3738/3738 3737/3737/3737 3736/3736/3736
f 1080/1080/1080 1081/1081/1081 1082/1082/1082
f 3750/3750/3750 3749/3749/3749 3747/3747/3747
f 3749/3749/3749 3748/3748/3748 3747/3747/3747
f 1079/1079/1079 1074/1074/1074 1075/1075/1075
f 1082/1082/1082 1079/1079/1079 1075/1075/1075
f 1082/1082/1082 1075/1075/1075 1078/1078/1078
f 1080/1080/1080 1082/1082/1082 1078/1078/1078
f 3753/3753/3753 3752/3752/3752 3751/3751/3751
f 3814/3814/3814 3813/3813/3813 3812/3812/3812
f 1112/1112/1112 1117/1117/1117 1111/1111/1111
f 1111/1111/1111 1117/1117/1117 1114/1114/1114
f 1117/1117/1117 1115/1115/1115 1114/1114/1114
f 1113/1113/1113 1112/1112/1112 1111/1111/1111
f 1112/1112/1112 1116/1116/1116 1117/1117/1117
f 3821/3821/3821 3820/3820/3820 3819/3819/3819
f 3817/3817/3817 3816/3816/3816 3815/3815/3815
f 3818/3818/3818 3817/3817/3817 3815/3815/3815
f 3811/3811/3811 3810/3810/3810 3809/3809/3809
f 1099/1099/1099 1103/1103/1103 3769/3769/3769
f 1100/1100/1100 1104/1104/1104 3770/3770/3770
f 928/928/928 908/908/908 3287/3287/3287
f 912/912/912 922/922/922 3344/3344/3344
f 912/912/912 921/921/921 922/922/922
f 921/921/921 912/912/912 920/920/920
f 908/908/908 928/928/928 924/924/924
f 908/908/908 924/924/924 913/913/913
f 924/924/924 925/925/925 913/913/913
f 925/925/925 910/910/910 913/913/913
f 925/925/925 926/926/926 910/910/910
f 1083/1083/1083 1084/1084/1084 1087/1087/1087
f 912/912/912 911/911/911 920/920/920
f 913/913/913 3343/3343/3343 908/908/908
f 921/921/921 923/923/923 922/922/922
f 3313/3313/3313 933/933/933 3309/3309/3309
f 933/933/933 932/932/932 3309/3309/3309
f 3309/3309/3309 932/932/932 3311/3311/3311
f 932/932/932 935/935/935 3311/3311/3311
f 931/931/931 930/930/930 3308/3308/3308
f 934/934/934 3312/3312/3312 3311/3311/3311
f 930/930/930 3305/3305/3305 3308/3308/3308
f 3306/3306/3306 3305/3305/3305 930/930/930
f 3307/3307/3307 3306/3306/3306 930/930/930
f 935/935/935 934/934/934 3311/3311/3311
f 3703/3703/3703 3702/3702/3702 3701/3701/3701
f 3704/3704/3704 3703/3703/3703 3701/3701/3701
f 3699/3699/3699 3698/3698/3698 3697/3697/3697
f 3684/3684/3684 3683/3683/3683 3681/3681/3681
f 3687/3687/3687 3686/3686/3686 3685/3685/3685
f 3688/3688/3688 3687/3687/3687 3685/3685/3685
f 3708/3708/3708 3707/3707/3707 3705/3705/3705
f 3707/3707/3707 3706/3706/3706 3705/3705/3705
f 1053/1053/1053 1057/1057/1057 1054/1054/1054
f 3683/3683/3683 3682/3682/3682 3681/3681/3681
f 3700/3700/3700 3699/3699/3699 3697/3697/3697
f 3758/3758/3758 3757/3757/3757 3755/3755/3755
f 3757/3757/3757 3756/3756/3756 3755/3755/3755
f 1076/1076/1076 1077/1077/1077 3745/3745/3745
f 1096/1096/1096 1107/1107/1107 3778/3778/3778
f 1107/1107/1107 3779/3779/3779 3778/3778/3778
f 1108/1108/1108 1109/1109/1109 1110/1110/1110
f 3785/3785/3785 3784/3784/3784 3783/3783/3783
f 3788/3788/3788 3787/3787/3787 3786/3786/3786
f 3808/3808/3808 3807/3807/3807 3805/3805/3805
f 1093/1093/1093 3788/3788/3788 3786/3786/3786
f 1094/1094/1094 3785/3785/3785 3783/3783/3783
f 3672/3672/3672 3671/3671/3671 3669/3669/3669
f 3794/3794/3794 3804/3804/3804 3793/3793/3793
f 3804/3804/3804 3802/3802/3802 3793/3793/3793
f 3804/3804/3804 3798/3798/3798 3803/3803/3803
f 3798/3798/3798 3797/3797/3797 3795/3795/3795
f 3798/3798/3798 3795/3795/3795 3803/3803/3803
f 3797/3797/3797 3796/3796/3796 3795/3795/3795
f 3766/3766/3766 3765/3765/3765 3763/3763/3763
f 1084/1084/1084 1088/1088/1088 1087/1087/1087
f 1089/1089/1089 3744/3744/3744 3743/3743/3743
f 3765/3765/3765 3764/3764/3764 3763/3763/3763
f 1085/1085/1085 1084/1084/1084 1083/1083/1083
f 3719/3719/3719 3718/3718/3718 3717/3717/3717
f 3720/3720/3720 3719/3719/3719 3717/3717/3717
f 1067/1067/1067 1070/1070/1070 3709/3709/3709
f 3742/3742/3742 3741/3741/3741 3740/3740/3740
f 3709/3709/3709 1070/1070/1070 1073/1073/1073
f 3723/3723/3723 3722/3722/3722 3721/3721/3721
f 1070/1070/1070 1072/1072/1072 1073/1073/1073
f 1071/1071/1071 1067/1067/1067 3710/3710/3710
f 3710/3710/3710 1067/1067/1067 3709/3709/3709
f 1090/1090/1090 1089/1089/1089 3743/3743/3743
f 1068/1068/1068 1067/1067/1067 1066/1066/1066
f 1066/1066/1066 1067/1067/1067 1071/1071/1071
f 1069/1069/1069 1068/1068/1068 1066/1066/1066
f 3314/3314/3314 933/933/933 3313/3313/3313
f 3311/3311/3311 3310/3310/3310 3309/3309/3309
f 3675/3675/3675 3674/3674/3674 3673/3673/3673
f 3676/3676/3676 3675/3675/3675 3673/3673/3673
f 3762/3762/3762 3761/3761/3761 3759/3759/3759
f 3761/3761/3761 3760/3760/3760 3759/3759/3759
f 3746/3746/3746 1076/1076/1076 3745/3745/3745
f 3754/3754/3754 3753/3753/3753 3751/3751/3751
f 1086/1086/1086 1085/1085/1085 1083/1083/1083
f 3807/3807/3807 3806/3806/3806 3805/3805/3805
f 3776/3776/3776 3775/3775/3775 1091/1091/1091
f 3777/3777/3777 3776/3776/3776 1091/1091/1091
f 3768/3768/3768 3767/3767/3767 1097/1097/1097
f 1098/1098/1098 3768/3768/3768 1097/1097/1097
f 3691/3691/3691 3690/3690/3690 3689/3689/3689
f 3679/3679/3679 3678/3678/3678 3677/3677/3677
f 3680/3680/3680 3679/3679/3679 3677/3677/3677
f 3692/3692/3692 3691/3691/3691 3689/3689/3689
f 3739/3739/3739 3738/3738/3738 3736/3736/3736

usemtl Houses111subMesh1
f 1947/1947/1947 1946/1946/1946 1945/1945/1945
f 3515/3515/3515 3514/3514/3514 3512/3512/3512
f 3507/3507/3507 3506/3506/3506 991/991/991
f 1944/1944/1944 1943/1943/1943 1942/1942/1942
f 1923/1923/1923 1922/1922/1922 1920/1920/1920
f 1902/1902/1902 1901/1901/1901 285/285/285
f 1901/1901/1901 289/289/289 285/285/285
f 1918/1918/1918 1917/1917/1917 291/291/291
f 1919/1919/1919 1918/1918/1918 291/291/291
f 3467/3467/3467 3466/3466/3466 3465/3465/3465
f 970/970/970 3464/3464/3464 974/974/974
f 1912/1912/1912 1911/1911/1911 1909/1909/1909
f 1911/1911/1911 1910/1910/1910 1909/1909/1909
f 3352/3352/3352 3371/3371/3371 3351/3351/3351
f 3371/3371/3371 3370/3370/3370 3351/3351/3351
f 1903/1903/1903 287/287/287 288/288/288
f 1907/1907/1907 1906/1906/1906 1905/1905/1905
f 1898/1898/1898 286/286/286 1897/1897/1897
f 1899/1899/1899 1898/1898/1898 1897/1897/1897
f 3377/3377/3377 3376/3376/3376 3374/3374/3374
f 1895/1895/1895 1894/1894/1894 265/265/265
f 1896/1896/1896 1895/1895/1895 265/265/265
f 1892/1892/1892 1891/1891/1891 266/266/266
f 1893/1893/1893 1892/1892/1892 266/266/266
f 1889/1889/1889 1888/1888/1888 1887/1887/1887
f 1890/1890/1890 1889/1889/1889 1887/1887/1887
f 1882/1882/1882 1881/1881/1881 1879/1879/1879
f 1881/1881/1881 1880/1880/1880 1879/1879/1879
f 1006/1006/1006 1005/1005/1005 3571/3571/3571
f 1212/1212/1212 1211/1211/1211 3902/3902/3902
f 3352/3352/3352 3351/3351/3351 3350/3350/3350
f 272/272/272 1944/1944/1944 1942/1942/1942
f 1948/1948/1948 1947/1947/1947 1945/1945/1945
f 273/273/273 292/292/292 1924/1924/1924
f 1925/1925/1925 273/273/273 1924/1924/1924
f 1913/1913/1913 293/293/293 290/290/290
f 1916/1916/1916 1915/1915/1915 1914/1914/1914
f 1935/1935/1935 1934/1934/1934 1933/1933/1933
f 1932/1932/1932 1928/1928/1928 1926/1926/1926
f 1348/1348/1348 1347/1347/1347 1346/1346/1346
f 3413/3413/3413 3412/3412/3412 3410/3410/3410
f 3412/3412/3412 3411/3411/3411 3410/3410/3410
f 1931/1931/1931 1930/1930/1930 1929/1929/1929
f 1928/1928/1928 1927/1927/1927 1926/1926/1926
f 1940/1940/1940 1939/1939/1939 1938/1938/1938
f 1941/1941/1941 1940/1940/1940 1938/1938/1938
f 3434/3434/3434 3433/3433/3433 963/963/963
f 1937/1937/1937 295/295/295 1936/1936/1936
f 1951/1951/1951 1950/1950/1950 1949/1949/1949
f 3531/3531/3531 3530/3530/3530 3528/3528/3528
f 3530/3530/3530 3529/3529/3529 3528/3528/3528
f 1952/1952/1952 1951/1951/1951 1949/1949/1949
f 3980/3980/3980 3979/3979/3979 3978/3978/3978
f 294/294/294 298/298/298 1953/1953/1953
f 298/298/298 1956/1956/1956 1953/1953/1953
f 1962/1962/1962 1961/1961/1961 1960/1960/1960
f 3575/3575/3575 3574/3574/3574 3573/3573/3573
f 986/986/986 3505/3505/3505 987/987/987
f 3505/3505/3505 3504/3504/3504 987/987/987
f 3552/3552/3552 3551/3551/3551 3549/3549/3549
f 3551/3551/3551 3550/3550/3550 3549/3549/3549
f 295/295/295 279/279/279 1936/1936/1936
f 1968/1968/1968 1967/1967/1967 1965/1965/1965
f 3480/3480/3480 3479/3479/3479 983/983/983
f 977/977/977 3480/3480/3480 983/983/983
f 1967/1967/1967 1966/1966/1966 1965/1965/1965
f 203/203/203 205/205/205 2082/2082/2082
f 1710/1710/1710 205/205/205 203/203/203
f 281/281/281 1710/1710/1710 203/203/203
f 1711/1711/1711 1710/1710/1710 281/281/281
f 1974/1974/1974 1973/1973/1973 1972/1972/1972
f 300/300/300 301/301/301 1900/1900/1900
f 284/284/284 300/300/300 1900/1900/1900
f 3388/3388/3388 3387/3387/3387 3386/3386/3386
f 299/299/299 1964/1964/1964 1963/1963/1963
f 3489/3489/3489 3488/3488/3488 3486/3486/3486
f 3488/3488/3488 3487/3487/3487 3486/3486/3486
f 258/258/258 1711/1711/1711 281/281/281
f 1975/1975/1975 1974/1974/1974 1972/1972/1972
f 2000/2000/2000 1999/1999/1999 297/297/297
f 325/325/325 2000/2000/2000 297/297/297
f 328/328/328 327/327/327 257/257/257
f 233/233/233 328/328/328 257/257/257
f 1793/1793/1793 314/314/314 1792/1792/1792
f 314/314/314 329/329/329 1792/1792/1792
f 2354/2354/2354 608/608/608 2352/2352/2352
f 1792/1792/1792 329/329/329 204/204/204
f 1874/1874/1874 1873/1873/1873 1871/1871/1871
f 1873/1873/1873 1872/1872/1872 1871/1871/1871
f 2083/2083/2083 203/203/203 2082/2082/2082
f 2086/2086/2086 2085/2085/2085 2084/2084/2084
f 2087/2087/2087 2086/2086/2086 2084/2084/2084
f 1811/1811/1811 240/240/240 241/241/241
f 2415/2415/2415 2414/2414/2414 2412/2412/2412
f 560/560/560 558/558/558 559/559/559
f 241/241/241 240/240/240 1762/1762/1762
f 1705/1705/1705 250/250/250 249/249/249
f 251/251/251 1709/1709/1709 1707/1707/1707
f 1709/1709/1709 1708/1708/1708 1707/1707/1707
f 1706/1706/1706 1705/1705/1705 249/249/249
f 240/240/240 1763/1763/1763 1762/1762/1762
f 2428/2428/2428 2427/2427/2427 2425/2425/2425
f 557/557/557 551/551/551 552/552/552
f 2691/2691/2691 2690/2690/2690 664/664/664
f 42/42/42 76/76/76 1388/1388/1388
f 2398/2398/2398 554/554/554 555/555/555
f 204/204/204 1811/1811/1811 241/241/241
f 504/504/504 502/502/502 503/503/503
f 329/329/329 1811/1811/1811 204/204/204
f 345/345/345 1840/1840/1840 1838/1838/1838
f 1840/1840/1840 1839/1839/1839 1838/1838/1838
f 1837/1837/1837 1836/1836/1836 346/346/346
f 2414/2414/2414 2413/2413/2413 2412/2412/2412
f 505/505/505 504/504/504 503/503/503
f 2329/2329/2329 2328/2328/2328 496/496/496
f 2338/2338/2338 2351/2351/2351 547/547/547
f 2351/2351/2351 607/607/607 547/547/547
f 2384/2384/2384 2385/2385/2385 2504/2504/2504
f 522/522/522 605/605/605 520/520/520
f 605/605/605 606/606/606 520/520/520
f 2328/2328/2328 495/495/495 496/496/496
f 608/608/608 2353/2353/2353 2352/2352/2352
f 2496/2496/2496 2353/2353/2353 608/608/608
f 2343/2343/2343 548/548/548 2351/2351/2351
f 548/548/548 607/607/607 2351/2351/2351
f 2394/2394/2394 2393/2393/2393 2392/2392/2392
f 2395/2395/2395 2394/2394/2394 2392/2392/2392
f 2385/2385/2385 2505/2505/2505 2504/2504/2504
f 2339/2339/2339 2338/2338/2338 547/547/547
f 2417/2417/2417 2416/2416/2416 584/584/584
f 2406/2406/2406 2417/2417/2417 584/584/584
f 2459/2459/2459 2458/2458/2458 2457/2457/2457
f 2460/2460/2460 2459/2459/2459 2457/2457/2457
f 2421/2421/2421 2420/2420/2420 2418/2418/2418
f 2455/2455/2455 2454/2454/2454 2453/2453/2453
f 2456/2456/2456 2455/2455/2455 2453/2453/2453
f 2407/2407/2407 583/583/583 582/582/582
f 2424/2424/2424 2407/2407/2407 582/582/582
f 2427/2427/2427 2426/2426/2426 2425/2425/2425
f 2690/2690/2690 665/665/665 664/664/664
f 701/701/701 2724/2724/2724 2723/2723/2723
f 2725/2725/2725 701/701/701 2723/2723/2723
f 1404/1404/1404 156/156/156 1403/1403/1403
f 1498/1498/1498 157/157/157 1497/1497/1497
f 1498/1498/1498 1499/1499/1499 157/157/157
f 1499/1499/1499 147/147/147 157/157/157
f 1504/1504/1504 1521/1521/1521 1503/1503/1503
f 1504/1504/1504 1503/1503/1503 1501/1501/1501
f 1503/1503/1503 1502/1502/1502 1501/1501/1501
f 1501/1501/1501 1502/1502/1502 150/150/150
f 2332/2332/2332 499/499/499 500/500/500
f 2561/2561/2561 621/621/621 2344/2344/2344
f 621/621/621 514/514/514 2344/2344/2344
f 514/514/514 609/609/609 2344/2344/2344
f 2333/2333/2333 2332/2332/2332 500/500/500
f 509/509/509 508/508/508 507/507/507
f 2497/2497/2497 2496/2496/2496 608/608/608
f 508/508/508 506/506/506 507/507/507
f 2346/2346/2346 613/613/613 2345/2345/2345
f 613/613/613 615/615/615 2345/2345/2345
f 2552/2552/2552 2551/2551/2551 2550/2550/2550
f 2553/2553/2553 2552/2552/2552 2550/2550/2550
f 2390/2390/2390 2389/2389/2389 2388/2388/2388
f 2495/2495/2495 2494/2494/2494 2492/2492/2492
f 2494/2494/2494 2493/2493/2493 2492/2492/2492
f 2391/2391/2391 2390/2390/2390 2388/2388/2388
f 548/548/548 2343/2343/2343 549/549/549
f 2343/2343/2343 2342/2342/2342 549/549/549
f 2348/2348/2348 612/612/612 2347/2347/2347
f 612/612/612 616/616/616 2347/2347/2347
f 511/511/511 2530/2530/2530 2529/2529/2529
f 2516/2516/2516 2515/2515/2515 512/512/512
f 2515/2515/2515 2514/2514/2514 512/512/512
f 2527/2527/2527 2526/2526/2526 2525/2525/2525
f 2528/2528/2528 2527/2527/2527 2525/2525/2525
f 2524/2524/2524 2523/2523/2523 2522/2522/2522
f 2521/2521/2521 2520/2520/2520 2519/2519/2519
f 2518/2518/2518 2517/2517/2517 620/620/620
f 531/531/531 530/530/530 528/528/528
f 529/529/529 531/531/531 528/528/528
f 2047/2047/2047 2046/2046/2046 2045/2045/2045
f 2040/2040/2040 2039/2039/2039 2037/2037/2037
f 3389/3389/3389 3388/3388/3388 3386/3386/3386
f 1922/1922/1922 1921/1921/1921 1920/1920/1920
f 1731/1731/1731 231/231/231 1730/1730/1730
f 231/231/231 302/302/302 1730/1730/1730
f 2205/2205/2205 2204/2204/2204 2203/2203/2203
f 2206/2206/2206 2205/2205/2205 2203/2203/2203
f 2568/2568/2568 2206/2206/2206 2203/2203/2203
f 401/401/401 2202/2202/2202 436/436/436
f 399/399/399 400/400/400 398/398/398
f 397/397/397 399/399/399 398/398/398
f 231/231/231 1731/1731/1731 1741/1741/1741
f 2213/2213/2213 2212/2212/2212 2210/2210/2210
f 435/435/435 2201/2201/2201 434/434/434
f 2238/2238/2238 2235/2235/2235 2237/2237/2237
f 2201/2201/2201 2198/2198/2198 434/434/434
f 212/212/212 231/231/231 1741/1741/1741
f 2212/2212/2212 2211/2211/2211 2210/2210/2210
f 210/210/210 209/209/209 260/260/260
f 1729/1729/1729 1728/1728/1728 207/207/207
f 209/209/209 232/232/232 260/260/260
f 1728/1728/1728 259/259/259 207/207/207
f 212/212/212 1741/1741/1741 1740/1740/1740
f 247/247/247 212/212/212 1740/1740/1740
f 2262/2262/2262 2261/2261/2261 2260/2260/2260
f 210/210/210 1848/1848/1848 209/209/209
f 2263/2263/2263 2262/2262/2262 2260/2260/2260
f 395/395/395 396/396/396 394/394/394
f 2198/2198/2198 2197/2197/2197 434/434/434
f 2235/2235/2235 2234/2234/2234 2232/2232/2232
f 2235/2235/2235 2232/2232/2232 2237/2237/2237
f 2264/2264/2264 2255/2255/2255 473/473/473
f 2265/2265/2265 2264/2264/2264 473/473/473
f 393/393/393 395/395/395 394/394/394
f 2188/2188/2188 2187/2187/2187 389/389/389
f 388/388/388 2188/2188/2188 389/389/389
f 1729/1729/1729 207/207/207 336/336/336
f 351/351/351 1729/1729/1729 336/336/336
f 1848/1848/1848 1847/1847/1847 209/209/209
f 2090/2090/2090 2089/2089/2089 2088/2088/2088
f 2149/2149/2149 1725/1725/1725 1726/1726/1726
f 1726/1726/1726 1725/1725/1725 1724/1724/1724
f 256/256/256 1723/1723/1723 248/248/248
f 1723/1723/1723 1722/1722/1722 248/248/248
f 247/247/247 1740/1740/1740 1378/1378/1378
f 1379/1379/1379 247/247/247 1378/1378/1378
f 2273/2273/2273 2272/2272/2272 2271/2271/2271
f 2274/2274/2274 2273/2273/2273 2271/2271/2271
f 446/446/446 448/448/448 447/447/447
f 448/448/448 449/449/449 447/447/447
f 441/441/441 2243/2243/2243 442/442/442
f 2306/2306/2306 2305/2305/2305 2303/2303/2303
f 2305/2305/2305 2304/2304/2304 2303/2303/2303
f 2266/2266/2266 460/460/460 458/458/458
f 2267/2267/2267 2266/2266/2266 458/458/458
f 420/420/420 413/413/413 411/411/411
f 2234/2234/2234 2233/2233/2233 2232/2232/2232
f 414/414/414 412/412/412 411/411/411
f 2197/2197/2197 433/433/433 434/434/434
f 413/413/413 414/414/414 411/411/411
f 418/418/418 420/420/420 411/411/411
f 419/419/419 420/420/420 417/417/417
f 403/403/403 2209/2209/2209 2208/2208/2208
f 2236/2236/2236 2479/2479/2479 2478/2478/2478
f 2573/2573/2573 2572/2572/2572 2570/2570/2570
f 386/386/386 437/437/437 432/432/432
f 406/406/406 386/386/386 432/432/432
f 2572/2572/2572 2571/2571/2571 2570/2570/2570
f 2239/2239/2239 2236/2236/2236 2478/2478/2478
f 2207/2207/2207 401/401/401 436/436/436
f 2202/2202/2202 2201/2201/2201 436/436/436
f 2201/2201/2201 435/435/435 436/436/436
f 2238/2238/2238 2237/2237/2237 2236/2236/2236
f 402/402/402 403/403/403 2208/2208/2208
f 2239/2239/2239 2238/2238/2238 2236/2236/2236
f 420/420/420 418/418/418 417/417/417
f 2190/2190/2190 2189/2189/2189 392/392/392
f 391/391/391 2190/2190/2190 392/392/392
f 2567/2567/2567 2566/2566/2566 2564/2564/2564
f 2569/2569/2569 406/406/406 432/432/432
f 232/232/232 1852/1852/1852 1851/1851/1851
f 199/199/199 200/200/200 201/201/201
f 202/202/202 199/199/199 201/201/201
f 332/332/332 2002/2002/2002 2001/2001/2001
f 2023/2023/2023 2022/2022/2022 2020/2020/2020
f 3373/3373/3373 3372/3372/3372 948/948/948
f 944/944/944 3373/3373/3373 948/948/948
f 3376/3376/3376 3375/3375/3375 3374/3374/3374
f 3381/3381/3381 3380/3380/3380 3378/3378/3378
f 3380/3380/3380 3379/3379/3379 3378/3378/3378
f 947/947/947 946/946/946 945/945/945
f 1908/1908/1908 1907/1907/1907 1905/1905/1905
f 3368/3368/3368 3367/3367/3367 3366/3366/3366
f 3369/3369/3369 3368/3368/3368 3366/3366/3366
f 1904/1904/1904 1903/1903/1903 288/288/288
f 940/940/940 942/942/942 939/939/939
f 3357/3357/3357 3356/3356/3356 3354/3354/3354
f 3361/3361/3361 3360/3360/3360 3358/3358/3358
f 3360/3360/3360 3359/3359/3359 3358/3358/3358
f 3384/3384/3384 3383/3383/3383 3382/3382/3382
f 3385/3385/3385 3384/3384/3384 3382/3382/3382
f 2566/2566/2566 2565/2565/2565 2564/2564/2564
f 405/405/405 624/624/624 623/623/623
f 404/404/404 405/405/405 623/623/623
f 2472/2472/2472 2471/2471/2471 2470/2470/2470
f 2473/2473/2473 2472/2472/2472 2470/2470/2470
f 230/230/230 306/306/306 303/303/303
f 230/230/230 1790/1790/1790 306/306/306
f 3929/3929/3929 3928/3928/3928 3927/3927/3927
f 3930/3930/3930 3929/3929/3929 3927/3927/3927
f 1790/1790/1790 230/230/230 211/211/211
f 230/230/230 216/216/216 211/211/211
f 429/429/429 427/427/427 428/428/428
f 430/430/430 429/429/429 428/428/428
f 431/431/431 2200/2200/2200 2199/2199/2199
f 408/408/408 415/415/415 416/416/416
f 1790/1790/1790 1997/1997/1997 306/306/306
f 1140/1140/1140 1137/1137/1137 1142/1142/1142
f 2195/2195/2195 2200/2200/2200 431/431/431
f 409/409/409 408/408/408 416/416/416
f 426/426/426 2195/2195/2195 431/431/431
f 2221/2221/2221 2227/2227/2227 2220/2220/2220
f 2291/2291/2291 2290/2290/2290 2283/2283/2283
f 2284/2284/2284 2291/2291/2291 2283/2283/2283
f 2257/2257/2257 470/470/470 2256/2256/2256
f 2259/2259/2259 456/456/456 2258/2258/2258
f 456/456/456 455/455/455 2258/2258/2258
f 216/216/216 246/246/246 245/245/245
f 211/211/211 216/216/216 245/245/245
f 3849/3849/3849 3848/3848/3848 3847/3847/3847
f 1321/1321/1321 1320/1320/1320 1148/1148/1148
f 1320/1320/1320 1147/1147/1147 1148/1148/1148
f 423/423/423 421/421/421 422/422/422
f 424/424/424 423/423/423 422/422/422
f 2218/2218/2218 2217/2217/2217 2216/2216/2216
f 463/463/463 2253/2253/2253 469/469/469
f 450/450/450 454/454/454 457/457/457
f 1830/1830/1830 1829/1829/1829 1828/1828/1828
f 1831/1831/1831 1830/1830/1830 1828/1828/1828
f 4199/4199/4199 4198/4198/4198 4197/4197/4197
f 3846/3846/3846 1318/1318/1318 1136/1136/1136
f 1319/1319/1319 3849/3849/3849 3847/3847/3847
f 467/467/467 465/465/465 466/466/466
f 470/470/470 2252/2252/2252 2256/2256/2256
f 2268/2268/2268 453/453/453 452/452/452
f 2269/2269/2269 2268/2268/2268 452/452/452
f 2297/2297/2297 2296/2296/2296 2295/2295/2295
f 2298/2298/2298 2297/2297/2297 2295/2295/2295
f 464/464/464 463/463/463 469/469/469
f 451/451/451 450/450/450 457/457/457
f 2277/2277/2277 462/462/462 2275/2275/2275
f 2638/2638/2638 2637/2637/2637 653/653/653
f 2637/2637/2637 654/654/654 653/653/653
f 2640/2640/2640 655/655/655 2639/2639/2639
f 2665/2665/2665 2664/2664/2664 2662/2662/2662
f 2642/2642/2642 649/649/649 648/648/648
f 33/33/33 32/32/32 71/71/71
f 649/649/649 688/688/688 648/648/648
f 688/688/688 689/689/689 648/648/648
f 2676/2676/2676 2675/2675/2675 2674/2674/2674
f 2639/2639/2639 655/655/655 2766/2766/2766
f 2764/2764/2764 2763/2763/2763 2762/2762/2762
f 2765/2765/2765 2764/2764/2764 2762/2762/2762
f 40/40/40 112/112/112 34/34/34
f 2643/2643/2643 2642/2642/2642 648/648/648
f 2664/2664/2664 2663/2663/2663 2662/2662/2662
f 2641/2641/2641 2640/2640/2640 2639/2639/2639
f 462/462/462 2276/2276/2276 2275/2275/2275
f 2767/2767/2767 2639/2639/2639 2766/2766/2766
f 2677/2677/2677 2676/2676/2676 2674/2674/2674
f 4034/4034/4034 4033/4033/4033 4032/4032/4032
f 1236/1236/1236 1143/1143/1143 1237/1237/1237
f 112/112/112 1375/1375/1375 34/34/34
f 4035/4035/4035 4034/4034/4034 4032/4032/4032
f 1450/1450/1450 1449/1449/1449 1447/1447/1447
f 2655/2655/2655 684/684/684 650/650/650
f 684/684/684 685/685/685 650/650/650
f 4041/4041/4041 4040/4040/4040 4039/4039/4039
f 1236/1236/1236 1237/1237/1237 1240/1240/1240
f 2657/2657/2657 686/686/686 2656/2656/2656
f 686/686/686 687/687/687 2656/2656/2656
f 2780/2780/2780 2779/2779/2779 2778/2778/2778
f 2781/2781/2781 2780/2780/2780 2778/2778/2778
f 2769/2769/2769 2768/2768/2768 689/689/689
f 2668/2668/2668 2667/2667/2667 2666/2666/2666
f 656/656/656 657/657/657 2647/2647/2647
f 1449/1449/1449 1448/1448/1448 1447/1447/1447
f 4042/4042/4042 4041/4041/4041 4039/4039/4039
f 1244/1244/1244 1236/1236/1236 1240/1240/1240
f 1449/1449/1449 1596/1596/1596 1448/1448/1448
f 657/657/657 2648/2648/2648 2647/2647/2647
f 2669/2669/2669 2668/2668/2668 2666/2666/2666
f 2651/2651/2651 658/658/658 2649/2649/2649
f 2672/2672/2672 2671/2671/2671 2670/2670/2670
f 651/651/651 652/652/652 626/626/626
f 652/652/652 627/627/627 626/626/626
f 2673/2673/2673 2672/2672/2672 2670/2670/2670
f 658/658/658 2650/2650/2650 2649/2649/2649
f 688/688/688 2769/2769/2769 689/689/689
f 2689/2689/2689 2688/2688/2688 2686/2686/2686
f 2688/2688/2688 2687/2687/2687 2686/2686/2686
f 1469/1469/1469 1468/1468/1468 1467/1467/1467
f 2772/2772/2772 2771/2771/2771 2770/2770/2770
f 2684/2684/2684 2683/2683/2683 2682/2682/2682
f 72/72/72 33/33/33 71/71/71
f 2629/2629/2629 647/647/647 2628/2628/2628
f 625/625/625 629/629/629 630/630/630
f 647/647/647 646/646/646 2628/2628/2628
f 2776/2776/2776 2775/2775/2775 2774/2774/2774
f 2773/2773/2773 2772/2772/2772 2770/2770/2770
f 1470/1470/1470 1469/1469/1469 1467/1467/1467
f 2971/2971/2971 2970/2970/2970 772/772/772
f 2974/2974/2974 2973/2973/2973 2972/2972/2972
f 2981/2981/2981 2980/2980/2980 2979/2979/2979
f 845/845/845 844/844/844 851/851/851
f 844/844/844 852/852/852 851/851/851
f 1695/1695/1695 1694/1694/1694 1693/1693/1693
f 1541/1541/1541 1540/1540/1540 1538/1538/1538
f 1540/1540/1540 1539/1539/1539 1538/1538/1538
f 1700/1700/1700 1701/1701/1701 1697/1697/1697
f 1700/1700/1700 1702/1702/1702 1701/1701/1701
f 1696/1696/1696 1695/1695/1695 1693/1693/1693
f 629/629/629 628/628/628 630/630/630
f 1697/1697/1697 1698/1698/1698 1700/1700/1700
f 1596/1596/1596 1595/1595/1595 1448/1448/1448
f 4049/4049/4049 4048/4048/4048 4047/4047/4047
f 1241/1241/1241 1243/1243/1243 1235/1235/1235
f 1423/1423/1423 1422/1422/1422 1421/1421/1421
f 1419/1419/1419 190/190/190 1418/1418/1418
f 3254/3254/3254 887/887/887 3253/3253/3253
f 3165/3165/3165 3164/3164/3164 3163/3163/3163
f 3166/3166/3166 3165/3165/3165 3163/3163/3163
f 1424/1424/1424 192/192/192 70/70/70
f 192/192/192 193/193/193 70/70/70
f 1433/1433/1433 1432/1432/1432 1431/1431/1431
f 68/68/68 1358/1358/1358 1356/1356/1356
f 124/124/124 125/125/125 1382/1382/1382
f 1383/1383/1383 124/124/124 1382/1382/1382
f 1438/1438/1438 195/195/195 1437/1437/1437
f 3137/3137/3137 3136/3136/3136 3134/3134/3134
f 1426/1426/1426 194/194/194 1425/1425/1425
f 1427/1427/1427 1426/1426/1426 1425/1425/1425
f 1417/1417/1417 188/188/188 1416/1416/1416
f 188/188/188 189/189/189 1416/1416/1416
f 1420/1420/1420 1419/1419/1419 1418/1418/1418
f 1661/1661/1661 1660/1660/1660 1659/1659/1659
f 1662/1662/1662 1661/1661/1661 1659/1659/1659
f 3047/3047/3047 3046/3046/3046 808/808/808
f 197/197/197 1415/1415/1415 1414/1414/1414
f 1458/1458/1458 1457/1457/1457 1456/1456/1456
f 1412/1412/1412 187/187/187 1411/1411/1411
f 2842/2842/2842 2841/2841/2841 2840/2840/2840
f 2838/2838/2838 2837/2837/2837 2836/2836/2836
f 2831/2831/2831 2830/2830/2830 2829/2829/2829
f 1413/1413/1413 1412/1412/1412 1411/1411/1411
f 1415/1415/1415 117/117/117 1414/1414/1414
f 3046/3046/3046 802/802/802 808/808/808
f 3094/3094/3094 3093/3093/3093 3092/3092/3092
f 3095/3095/3095 3094/3094/3094 3092/3092/3092
f 870/870/870 869/869/869 868/868/868
f 1410/1410/1410 1409/1409/1409 1408/1408/1408
f 3115/3115/3115 3114/3114/3114 3112/3112/3112
f 3101/3101/3101 3100/3100/3100 834/834/834
f 1407/1407/1407 184/184/184 61/61/61
f 184/184/184 185/185/185 61/61/61
f 12/12/12 14/14/14 18/18/18
f 1409/1409/1409 186/186/186 1408/1408/1408
f 183/183/183 1429/1429/1429 1428/1428/1428
f 1430/1430/1430 183/183/183 1428/1428/1428
f 1436/1436/1436 1435/1435/1435 182/182/182
f 1483/1483/1483 1482/1482/1482 181/181/181
f 151/151/151 152/152/152 1385/1385/1385
f 74/74/74 151/151/151 1385/1385/1385
f 1391/1391/1391 1513/1513/1513 148/148/148
f 1513/1513/1513 1512/1512/1512 148/148/148
f 74/74/74 1385/1385/1385 1384/1384/1384
f 76/76/76 1389/1389/1389 1388/1388/1388
f 1386/1386/1386 27/27/27 75/75/75
f 1387/1387/1387 1386/1386/1386 75/75/75
f 26/26/26 74/74/74 1384/1384/1384
f 1525/1525/1525 1524/1524/1524 1523/1523/1523
f 1526/1526/1526 1525/1525/1525 1523/1523/1523
f 1511/1511/1511 1510/1510/1510 1508/1508/1508
f 146/146/146 145/145/145 1496/1496/1496
f 1501/1501/1501 150/150/150 1522/1522/1522
f 1497/1497/1497 146/146/146 1496/1496/1496
f 1391/1391/1391 148/148/148 107/107/107
f 108/108/108 1391/1391/1391 107/107/107
f 1502/1502/1502 1507/1507/1507 150/150/150
f 151/151/151 1434/1434/1434 152/152/152
f 1434/1434/1434 109/109/109 152/152/152
f 2899/2899/2899 2898/2898/2898 2897/2897/2897
f 1434/1434/1434 96/96/96 109/109/109
f 154/154/154 1686/1686/1686 108/108/108
f 96/96/96 95/95/95 109/109/109
f 108/108/108 107/107/107 1517/1517/1517
f 1521/1521/1521 1520/1520/1520 1503/1503/1503
f 154/154/154 108/108/108 1517/1517/1517
f 59/59/59 149/149/149 1505/1505/1505
f 1506/1506/1506 59/59/59 1505/1505/1505
f 1528/1528/1528 1527/1527/1527 133/133/133
f 144/144/144 147/147/147 1499/1499/1499
f 1500/1500/1500 144/144/144 1499/1499/1499
f 1500/1500/1500 166/166/166 144/144/144
f 1563/1563/1563 1562/1562/1562 1561/1561/1561
f 1494/1494/1494 58/58/58 143/143/143
f 636/636/636 637/637/637 638/638/638
f 637/637/637 633/633/633 638/638/638
f 667/667/667 2693/2693/2693 2692/2692/2692
f 666/666/666 667/667/667 2692/2692/2692
f 2802/2802/2802 2801/2801/2801 2800/2800/2800
f 1519/1519/1519 1518/1518/1518 156/156/156
f 2803/2803/2803 2802/2802/2802 2800/2800/2800
f 157/157/157 146/146/146 1497/1497/1497
f 106/106/106 97/97/97 41/41/41
f 1510/1510/1510 1509/1509/1509 1508/1508/1508
f 661/661/661 2695/2695/2695 662/662/662
f 2695/2695/2695 2694/2694/2694 662/662/662
f 2709/2709/2709 2708/2708/2708 680/680/680
f 1482/1482/1482 1481/1481/1481 181/181/181
f 2722/2722/2722 2721/2721/2721 2720/2720/2720
f 700/700/700 2722/2722/2722 2720/2720/2720
f 2812/2812/2812 2811/2811/2811 2810/2810/2810
f 2750/2750/2750 2749/2749/2749 2748/2748/2748
f 670/670/670 2707/2707/2707 669/669/669
f 565/565/565 2423/2423/2423 564/564/564
f 2813/2813/2813 2812/2812/2812 2810/2810/2810
f 2799/2799/2799 681/681/681 2798/2798/2798
f 681/681/681 2717/2717/2717 2798/2798/2798
f 2754/2754/2754 2757/2757/2757 2753/2753/2753
f 2757/2757/2757 2756/2756/2756 2753/2753/2753
f 2717/2717/2717 681/681/681 2716/2716/2716
f 2718/2718/2718 2717/2717/2717 2716/2716/2716
f 2625/2625/2625 2624/2624/2624 640/640/640
f 639/639/639 2625/2625/2625 640/640/640
f 2755/2755/2755 2754/2754/2754 2752/2752/2752
f 2754/2754/2754 2753/2753/2753 2752/2752/2752
f 672/672/672 673/673/673 2796/2796/2796
f 635/635/635 673/673/673 634/634/634
f 2820/2820/2820 2819/2819/2819 2818/2818/2818
f 2821/2821/2821 2820/2820/2820 2818/2818/2818
f 673/673/673 672/672/672 634/634/634
f 2797/2797/2797 672/672/672 2796/2796/2796
f 699/699/699 698/698/698 669/669/669
f 698/698/698 670/670/670 669/669/669
f 2707/2707/2707 2706/2706/2706 669/669/669
f 2464/2464/2464 2463/2463/2463 2461/2461/2461
f 2710/2710/2710 2709/2709/2709 680/680/680
f 2751/2751/2751 2750/2750/2750 2748/2748/2748
f 2463/2463/2463 2462/2462/2462 2461/2461/2461
f 2396/2396/2396 556/556/556 553/553/553
f 2397/2397/2397 2396/2396/2396 553/553/553
f 561/561/561 560/560/560 559/559/559
f 2423/2423/2423 2422/2422/2422 564/564/564
f 571/571/571 573/573/573 570/570/570
f 2386/2386/2386 2385/2385/2385 2384/2384/2384
f 2387/2387/2387 2386/2386/2386 2384/2384/2384
f 573/573/573 572/572/572 570/570/570
f 2382/2382/2382 2361/2361/2361 2362/2362/2362
f 2383/2383/2383 2382/2382/2382 2362/2362/2362
f 537/537/537 604/604/604 603/603/603
f 2336/2336/2336 537/537/537 603/603/603
f 2490/2490/2490 602/602/602 601/601/601
f 2369/2369/2369 2370/2370/2370 2502/2502/2502
f 2371/2371/2371 2370/2370/2370 2369/2369/2369
f 542/542/542 543/543/543 2340/2340/2340
f 2543/2543/2543 2542/2542/2542 2540/2540/2540
f 492/492/492 491/491/491 490/490/490
f 223/223/223 1803/1803/1803 1801/1801/1801
f 538/538/538 540/540/540 539/539/539
f 2365/2365/2365 2364/2364/2364 2363/2363/2363
f 2366/2366/2366 2365/2365/2365 2363/2363/2363
f 524/524/524 601/601/601 527/527/527
f 601/601/601 602/602/602 527/527/527
f 2375/2375/2375 610/610/610 2373/2373/2373
f 610/610/610 2374/2374/2374 2373/2373/2373
f 2542/2542/2542 2541/2541/2541 2540/2540/2540
f 2534/2534/2534 2533/2533/2533 2532/2532/2532
f 2531/2531/2531 511/511/511 2529/2529/2529
f 2510/2510/2510 2509/2509/2509 544/544/544
f 2535/2535/2535 2534/2534/2534 2532/2532/2532
f 614/614/614 2510/2510/2510 544/544/544
f 2560/2560/2560 2559/2559/2559 2558/2558/2558
f 618/618/618 513/513/513 2554/2554/2554
f 2557/2557/2557 2556/2556/2556 2555/2555/2555
f 1803/1803/1803 1802/1802/1802 1801/1801/1801
f 2545/2545/2545 2544/2544/2544 622/622/622
f 2341/2341/2341 542/542/542 2340/2340/2340
f 2350/2350/2350 603/603/603 2349/2349/2349
f 603/603/603 604/604/604 2349/2349/2349
f 2370/2370/2370 2503/2503/2503 2502/2502/2502
f 2372/2372/2372 2371/2371/2371 2369/2369/2369
f 2362/2362/2362 2361/2361/2361 2359/2359/2359
f 2491/2491/2491 2490/2490/2490 601/601/601
f 1857/1857/1857 1856/1856/1856 1855/1855/1855
f 581/581/581 2409/2409/2409 2408/2408/2408
f 2444/2444/2444 2443/2443/2443 2441/2441/2441
f 2420/2420/2420 2419/2419/2419 2418/2418/2418
f 1959/1959/1959 1958/1958/1958 1957/1957/1957
f 2443/2443/2443 2442/2442/2442 2441/2441/2441
f 568/568/568 2411/2411/2411 2410/2410/2410
f 519/519/519 2356/2356/2356 516/516/516
f 532/532/532 534/534/534 533/533/533
f 534/534/534 535/535/535 533/533/533
f 2337/2337/2337 536/536/536 2336/2336/2336
f 523/523/523 522/522/522 520/520/520
f 2361/2361/2361 2360/2360/2360 2359/2359/2359
f 536/536/536 537/537/537 2336/2336/2336
f 521/521/521 523/523/523 520/520/520
f 3968/3968/3968 3967/3967/3967 3966/3966/3966
f 3972/3972/3972 3971/3971/3971 3970/3970/3970
f 1856/1856/1856 315/315/315 1855/1855/1855
f 1772/1772/1772 236/236/236 222/222/222
f 1193/1193/1193 1197/1197/1197 1201/1201/1201
f 1197/1197/1197 1200/1200/1200 1201/1201/1201
f 1804/1804/1804 1778/1778/1778 1779/1779/1779
f 3973/3973/3973 3972/3972/3972 3970/3970/3970
f 3969/3969/3969 3968/3968/3968 3966/3966/3966
f 1331/1331/1331 1332/1332/1332 1199/1199/1199
f 2321/2321/2321 2320/2320/2320 2319/2319/2319
f 1863/1863/1863 1864/1864/1864 320/320/320
f 1862/1862/1862 1863/1863/1863 320/320/320
f 320/320/320 319/319/319 1862/1862/1862
f 1185/1185/1185 1187/1187/1187 1190/1190/1190
f 1867/1867/1867 1866/1866/1866 321/321/321
f 220/220/220 1868/1868/1868 322/322/322
f 2314/2314/2314 2313/2313/2313 2311/2311/2311
f 2313/2313/2313 2312/2312/2312 2311/2311/2311
f 3859/3859/3859 3858/3858/3858 3856/3856/3856
f 3940/3940/3940 3939/3939/3939 3937/3937/3937
f 3543/3543/3543 3542/3542/3542 3541/3541/3541
f 3544/3544/3544 3543/3543/3543 3541/3541/3541
f 2043/2043/2043 2042/2042/2042 2041/2041/2041
f 2050/2050/2050 2049/2049/2049 2048/2048/2048
f 2051/2051/2051 2050/2050/2050 2048/2048/2048
f 3858/3858/3858 3857/3857/3857 3856/3856/3856
f 1159/1159/1159 1162/1162/1162 1163/1163/1163
f 1155/1155/1155 1159/1159/1159 1160/1160/1160
f 585/585/585 2465/2465/2465 586/586/586
f 2061/2061/2061 2060/2060/2060 2059/2059/2059
f 1225/1225/1225 3911/3911/3911 3910/3910/3910
f 1174/1174/1174 3942/3942/3942 3941/3941/3941
f 3865/3865/3865 3864/3864/3864 1172/1172/1172
f 3864/3864/3864 1171/1171/1171 1172/1172/1172
f 2054/2054/2054 2053/2053/2053 2052/2052/2052
f 333/333/333 334/334/334 2032/2032/2032
f 2027/2027/2027 2026/2026/2026 2024/2024/2024
f 1194/1194/1194 3898/3898/3898 1208/1208/1208
f 3898/3898/3898 3897/3897/3897 1208/1208/1208
f 2026/2026/2026 2025/2025/2025 2024/2024/2024
f 334/334/334 2033/2033/2033 2032/2032/2032
f 3939/3939/3939 3938/3938/3938 3937/3937/3937
f 3855/3855/3855 3854/3854/3854 1164/1164/1164
f 3854/3854/3854 1161/1161/1161 1164/1164/1164
f 1221/1221/1221 1225/1225/1225 3910/3910/3910
f 1156/1156/1156 1155/1155/1155 1160/1160/1160
f 2031/2031/2031 2030/2030/2030 2028/2028/2028
f 2064/2064/2064 2063/2063/2063 2062/2062/2062
f 2065/2065/2065 2064/2064/2064 2062/2062/2062
f 2058/2058/2058 2057/2057/2057 2055/2055/2055
f 3950/3950/3950 3949/3949/3949 3947/3947/3947
f 3861/3861/3861 3860/3860/3860 1180/1180/1180
f 1796/1796/1796 220/220/220 322/322/322
f 3953/3953/3953 3952/3952/3952 3951/3951/3951
f 1866/1866/1866 1865/1865/1865 321/321/321
f 1186/1186/1186 3896/3896/3896 1207/1207/1207
f 2057/2057/2057 2056/2056/2056 2055/2055/2055
f 481/481/481 480/480/480 478/478/478
f 479/479/479 481/481/481 478/478/478
f 1856/1856/1856 316/316/316 315/315/315
f 3900/3900/3900 3899/3899/3899 1209/1209/1209
f 2039/2039/2039 2038/2038/2038 2037/2037/2037
f 1807/1807/1807 1806/1806/1806 1805/1805/1805
f 485/485/485 484/484/484 482/482/482
f 4229/4229/4229 4228/4228/4228 4227/4227/4227
f 3894/3894/3894 3893/3893/3893 3892/3892/3892
f 567/567/567 568/568/568 2410/2410/2410
f 517/517/517 2358/2358/2358 518/518/518
f 2358/2358/2358 2357/2357/2357 518/518/518
f 1205/1205/1205 1335/1335/1335 1206/1206/1206
f 224/224/224 1807/1807/1807 1805/1805/1805
f 3890/3890/3890 3889/3889/3889 3888/3888/3888
f 1335/1335/1335 1336/1336/1336 1206/1206/1206
f 1858/1858/1858 317/317/317 1804/1804/1804
f 1800/1800/1800 1772/1772/1772 222/222/222
f 2318/2318/2318 2317/2317/2317 2315/2315/2315
f 2317/2317/2317 2316/2316/2316 2315/2315/2315
f 489/489/489 488/488/488 486/486/486
f 487/487/487 489/489/489 486/486/486
f 1799/1799/1799 1798/1798/1798 221/221/221
f 1766/1766/1766 234/234/234 220/220/220
f 1796/1796/1796 1766/1766/1766 220/220/220
f 4220/4220/4220 4219/4219/4219 4218/4218/4218
f 2030/2030/2030 2029/2029/2029 2028/2028/2028
f 3954/3954/3954 3953/3953/3953 3951/3951/3951
f 3883/3883/3883 3882/3882/3882 3880/3880/3880
f 1798/1798/1798 1797/1797/1797 221/221/221
f 4221/4221/4221 4220/4220/4220 4218/4218/4218
f 3885/3885/3885 1327/1327/1327 3884/3884/3884
f 3886/3886/3886 3885/3885/3885 3884/3884/3884
f 3882/3882/3882 3881/3881/3881 3880/3880/3880
f 1772/1772/1772 1771/1771/1771 236/236/236
f 1861/1861/1861 318/318/318 1859/1859/1859
f 3889/3889/3889 1330/1330/1330 3888/3888/3888
f 4230/4230/4230 4229/4229/4229 4227/4227/4227
f 3893/3893/3893 1334/1334/1334 3892/3892/3892
f 566/566/566 562/562/562 569/569/569
f 576/576/576 578/578/578 577/577/577
f 4234/4234/4234 4233/4233/4233 4232/4232/4232
f 239/239/239 238/238/238 1760/1760/1760
f 1761/1761/1761 239/239/239 1760/1760/1760
f 1335/1335/1335 4231/4231/4231 1336/1336/1336
f 1779/1779/1779 1778/1778/1778 1776/1776/1776
f 1333/1333/1333 3891/3891/3891 1192/1192/1192
f 3889/3889/3889 4226/4226/4226 1330/1330/1330
f 1768/1768/1768 1767/1767/1767 235/235/235
f 1769/1769/1769 1768/1768/1768 235/235/235
f 1329/1329/1329 3887/3887/3887 1184/1184/1184
f 3885/3885/3885 4217/4217/4217 1327/1327/1327
f 3964/3964/3964 3963/3963/3963 3962/3962/3962
f 3960/3960/3960 3959/3959/3959 3958/3958/3958
f 540/540/540 541/541/541 539/539/539
f 3961/3961/3961 3960/3960/3960 3958/3958/3958
f 3965/3965/3965 3964/3964/3964 3962/3962/3962
f 1766/1766/1766 1765/1765/1765 234/234/234
f 1765/1765/1765 1764/1764/1764 234/234/234
f 1771/1771/1771 1770/1770/1770 236/236/236
f 4226/4226/4226 4225/4225/4225 1330/1330/1330
f 1778/1778/1778 1777/1777/1777 1776/1776/1776
f 2795/2795/2795 2794/2794/2794 2792/2792/2792
f 2794/2794/2794 2793/2793/2793 2792/2792/2792
f 2791/2791/2791 2790/2790/2790 2788/2788/2788
f 2790/2790/2790 2789/2789/2789 2788/2788/2788
f 1691/1691/1691 1690/1690/1690 1689/1689/1689
f 4116/4116/4116 4115/4115/4115 4114/4114/4114
f 1204/1204/1204 1202/1202/1202 1274/1274/1274
f 44/44/44 1368/1368/1368 1394/1394/1394
f 4067/4067/4067 1272/1272/1272 4066/4066/4066
f 3891/3891/3891 1196/1196/1196 1192/1192/1192
f 675/675/675 2702/2702/2702 674/674/674
f 676/676/676 2705/2705/2705 2703/2703/2703
f 2705/2705/2705 2704/2704/2704 2703/2703/2703
f 2702/2702/2702 2701/2701/2701 674/674/674
f 2747/2747/2747 2746/2746/2746 2744/2744/2744
f 574/574/574 575/575/575 580/580/580
f 562/562/562 563/563/563 569/569/569
f 2746/2746/2746 2745/2745/2745 2744/2744/2744
f 2809/2809/2809 2739/2739/2739 2808/2808/2808
f 697/697/697 696/696/696 679/679/679
f 695/695/695 694/694/694 671/671/671
f 694/694/694 2719/2719/2719 671/671/671
f 2739/2739/2739 2736/2736/2736 2808/2808/2808
f 696/696/696 2714/2714/2714 679/679/679
f 1255/1255/1255 4082/4082/4082 4080/4080/4080
f 4082/4082/4082 4081/4081/4081 4080/4080/4080
f 2734/2734/2734 2733/2733/2733 2732/2732/2732
f 678/678/678 677/677/677 2711/2711/2711
f 1257/1257/1257 1282/1282/1282 1256/1256/1256
f 2712/2712/2712 678/678/678 2711/2711/2711
f 679/679/679 2714/2714/2714 2713/2713/2713
f 4122/4122/4122 4121/4121/4121 4120/4120/4120
f 1257/1257/1257 1256/1256/1256 1293/1293/1293
f 1564/1564/1564 1563/1563/1563 1561/1561/1561
f 1566/1566/1566 1565/1565/1565 57/57/57
f 1282/1282/1282 1274/1274/1274 1256/1256/1256
f 1404/1404/1404 1519/1519/1519 156/156/156
f 1367/1367/1367 142/142/142 1366/1366/1366
f 4096/4096/4096 4095/4095/4095 4094/4094/4094
f 4097/4097/4097 4096/4096/4096 4094/4094/4094
f 4078/4078/4078 4077/4077/4077 4076/4076/4076
f 1368/1368/1368 1367/1367/1367 1366/1366/1366
f 4117/4117/4117 4116/4116/4116 4114/4114/4114
f 1282/1282/1282 1204/1204/1204 1274/1274/1274
f 99/99/99 106/106/106 41/41/41
f 1368/1368/1368 1366/1366/1366 1394/1394/1394
f 4078/4078/4078 4113/4113/4113 4077/4077/4077
f 4113/4113/4113 4112/4112/4112 4077/4077/4077
f 101/101/101 1398/1398/1398 1363/1363/1363
f 1251/1251/1251 4078/4078/4078 4076/4076/4076
f 2875/2875/2875 2874/2874/2874 2873/2873/2873
f 2876/2876/2876 2875/2875/2875 2873/2873/2873
f 140/140/140 101/101/101 1362/1362/1362
f 140/140/140 1362/1362/1362 55/55/55
f 101/101/101 1363/1363/1363 1362/1362/1362
f 733/733/733 732/732/732 731/731/731
f 139/139/139 102/102/102 1360/1360/1360
f 102/102/102 1361/1361/1361 1360/1360/1360
f 103/103/103 1400/1400/1400 104/104/104
f 1271/1271/1271 1279/1279/1279 4064/4064/4064
f 1271/1271/1271 4093/4093/4093 1279/1279/1279
f 4093/4093/4093 1295/1295/1295 1279/1279/1279
f 138/138/138 103/103/103 1359/1359/1359
f 102/102/102 1399/1399/1399 1361/1361/1361
f 1398/1398/1398 45/45/45 1363/1363/1363
f 1399/1399/1399 50/50/50 1361/1361/1361
f 4065/4065/4065 1271/1271/1271 4064/4064/4064
f 4110/4110/4110 4109/4109/4109 4107/4107/4107
f 4109/4109/4109 4108/4108/4108 4107/4107/4107
f 4063/4063/4063 1269/1269/1269 4062/4062/4062
f 1269/1269/1269 1270/1270/1270 4062/4062/4062
f 1400/1400/1400 43/43/43 104/104/104
f 4110/4110/4110 4107/4107/4107 4075/4075/4075
f 1296/1296/1296 4110/4110/4110 4075/4075/4075
f 103/103/103 104/104/104 1359/1359/1359
f 1304/1304/1304 4092/4092/4092 1270/1270/1270
f 1269/1269/1269 1304/1304/1304 1270/1270/1270
f 1298/1298/1298 1305/1305/1305 1246/1246/1246
f 1304/1304/1304 1245/1245/1245 4092/4092/4092
f 4128/4128/4128 4127/4127/4127 4125/4125/4125
f 1245/1245/1245 4137/4137/4137 4092/4092/4092
f 4093/4093/4093 4124/4124/4124 1295/1295/1295
f 4127/4127/4127 4126/4126/4126 4125/4125/4125
f 4106/4106/4106 4105/4105/4105 4103/4103/4103
f 1263/1263/1263 1298/1298/1298 1246/1246/1246
f 1359/1359/1359 1487/1487/1487 53/53/53
f 1296/1296/1296 4075/4075/4075 4074/4074/4074
f 1247/1247/1247 1296/1296/1296 4074/4074/4074
f 4124/4124/4124 1250/1250/1250 1295/1295/1295
f 138/138/138 1359/1359/1359 53/53/53
f 1360/1360/1360 1488/1488/1488 54/54/54
f 139/139/139 1360/1360/1360 54/54/54
f 1362/1362/1362 1489/1489/1489 55/55/55
f 1489/1489/1489 1580/1580/1580 55/55/55
f 1580/1580/1580 1579/1579/1579 55/55/55
f 1493/1493/1493 1566/1566/1566 57/57/57
f 1251/1251/1251 4076/4076/4076 4118/4118/4118
f 1367/1367/1367 1493/1493/1493 142/142/142
f 1493/1493/1493 57/57/57 142/142/142
f 1495/1495/1495 1494/1494/1494 143/143/143
f 1289/1289/1289 1257/1257/1257 1293/1293/1293
f 4123/4123/4123 4122/4122/4122 4120/4120/4120
f 1291/1291/1291 1288/1288/1288 1254/1254/1254
f 4079/4079/4079 1291/1291/1291 1254/1254/1254
f 4119/4119/4119 1251/1251/1251 4118/4118/4118
f 2715/2715/2715 679/679/679 2713/2713/2713
f 2739/2739/2739 2738/2738/2738 2736/2736/2736
f 2738/2738/2738 2737/2737/2737 2736/2736/2736
f 2735/2735/2735 2734/2734/2734 2732/2732/2732
f 2743/2743/2743 2742/2742/2742 2740/2740/2740
f 2742/2742/2742 2741/2741/2741 2740/2740/2740
f 2807/2807/2807 2806/2806/2806 2804/2804/2804
f 2451/2451/2451 2450/2450/2450 2449/2449/2449
f 2452/2452/2452 2451/2451/2451 2449/2449/2449
f 2405/2405/2405 574/574/574 580/580/580
f 2447/2447/2447 2446/2446/2446 2445/2445/2445
f 578/578/578 579/579/579 577/577/577
f 2440/2440/2440 2439/2439/2439 2437/2437/2437
f 2404/2404/2404 581/581/581 2408/2408/2408
f 580/580/580 581/581/581 2404/2404/2404
f 2432/2432/2432 2431/2431/2431 2429/2429/2429
f 2431/2431/2431 2430/2430/2430 2429/2429/2429
f 2448/2448/2448 2447/2447/2447 2445/2445/2445
f 2806/2806/2806 2805/2805/2805 2804/2804/2804
f 1253/1253/1253 1280/1280/1280 1252/1252/1252
f 1280/1280/1280 1273/1273/1273 1252/1252/1252
f 1492/1492/1492 1491/1491/1491 1490/1490/1490
f 1491/1491/1491 56/56/56 1490/1490/1490
f 1570/1570/1570 1569/1569/1569 1567/1567/1567
f 1569/1569/1569 1568/1568/1568 1567/1567/1567
f 46/46/46 1397/1397/1397 1395/1395/1395
f 1397/1397/1397 1396/1396/1396 1395/1395/1395
f 736/736/736 735/735/735 734/734/734
f 1365/1365/1365 1364/1364/1364 100/100/100
f 1364/1364/1364 141/141/141 100/100/100
f 1195/1195/1195 1191/1191/1191 4111/4111/4111
f 4224/4224/4224 4223/4223/4223 4222/4222/4222
f 237/237/237 1775/1775/1775 1773/1773/1773
f 1775/1775/1775 1774/1774/1774 1773/1773/1773
f 2730/2730/2730 2729/2729/2729 2728/2728/2728
f 2727/2727/2727 2726/2726/2726 668/668/668
f 2405/2405/2405 580/580/580 2404/2404/2404
f 2435/2435/2435 2434/2434/2434 2433/2433/2433
f 2436/2436/2436 2435/2435/2435 2433/2433/2433
f 2731/2731/2731 2730/2730/2730 2728/2728/2728
f 2356/2356/2356 2355/2355/2355 516/516/516
f 2501/2501/2501 2500/2500/2500 2498/2498/2498
f 2439/2439/2439 2438/2438/2438 2437/2437/2437
f 2500/2500/2500 2499/2499/2499 2498/2498/2498
f 2322/2322/2322 2321/2321/2321 2319/2319/2319
f 4205/4205/4205 4204/4204/4204 1324/1324/1324
f 4217/4217/4217 4216/4216/4216 1327/1327/1327
f 1323/1323/1323 4205/4205/4205 1324/1324/1324
f 475/475/475 477/477/477 474/474/474
f 477/477/477 476/476/476 474/474/474
f 1325/1325/1325 3875/3875/3875 1168/1168/1168
f 1323/1323/1323 1324/1324/1324 1169/1169/1169
f 1324/1324/1324 1170/1170/1170 1169/1169/1169
f 4208/4208/4208 4207/4207/4207 4206/4206/4206
f 3877/3877/3877 3876/3876/3876 1174/1174/1174
f 4209/4209/4209 4208/4208/4208 4206/4206/4206
f 3877/3877/3877 1174/1174/1174 3941/3941/3941
f 3873/3873/3873 3872/3872/3872 1173/1173/1173
f 3872/3872/3872 3871/3871/3871 1173/1173/1173
f 4101/4101/4101 4100/4100/4100 4099/4099/4099
f 4055/4055/4055 4054/4054/4054 4053/4053/4053
f 1283/1283/1283 1277/1277/1277 4051/4051/4051
f 4052/4052/4052 1283/1283/1283 4051/4051/4051
f 3875/3875/3875 3874/3874/3874 1168/1168/1168
f 3876/3876/3876 4211/4211/4211 1326/1326/1326
f 4211/4211/4211 4210/4210/4210 1326/1326/1326
f 3876/3876/3876 1326/1326/1326 1174/1174/1174
f 4102/4102/4102 4101/4101/4101 4099/4099/4099
f 1300/1300/1300 4102/4102/4102 1299/1299/1299
f 4102/4102/4102 4099/4099/4099 1299/1299/1299
f 4084/4084/4084 1307/1307/1307 1277/1277/1277
f 1283/1283/1283 4084/4084/4084 1277/1277/1277
f 4088/4088/4088 4087/4087/4087 4085/4085/4085
f 1300/1300/1300 1299/1299/1299 1264/1264/1264
f 4133/4133/4133 4132/4132/4132 4130/4130/4130
f 4084/4084/4084 4129/4129/4129 1307/1307/1307
f 4105/4105/4105 4104/4104/4104 4103/4103/4103
f 4054/4054/4054 1284/1284/1284 4053/4053/4053
f 4129/4129/4129 1261/1261/1261 1307/1307/1307
f 4132/4132/4132 4131/4131/4131 4130/4130/4130
f 1265/1265/1265 1300/1300/1300 1264/1264/1264
f 4087/4087/4087 4086/4086/4086 4085/4085/4085
f 2544/2544/2544 2563/2563/2563 2562/2562/2562
f 2549/2549/2549 2548/2548/2548 2546/2546/2546
f 2548/2548/2548 2547/2547/2547 2546/2546/2546
f 2380/2380/2380 2379/2379/2379 2378/2378/2378
f 217/217/217 1858/1858/1858 1804/1804/1804
f 2381/2381/2381 2380/2380/2380 2378/2378/2378
f 318/318/318 1860/1860/1860 1859/1859/1859
f 483/483/483 485/485/485 482/482/482
f 3491/3491/3491 3490/3490/3490 984/984/984
f 1188/1188/1188 1328/1328/1328 1189/1189/1189
f 3957/3957/3957 3956/3956/3956 3955/3955/3955
f 219/219/219 1869/1869/1869 324/324/324
f 980/980/980 979/979/979 978/978/978
f 1217/1217/1217 1216/1216/1216 1120/1120/1120
f 3499/3499/3499 3498/3498/3498 3496/3496/3496
f 2325/2325/2325 2324/2324/2324 2323/2323/2323
f 1402/1402/1402 1401/1401/1401 105/105/105
f 3498/3498/3498 3497/3497/3497 3496/3496/3496
f 1485/1485/1485 1484/1484/1484 136/136/136
f 135/135/135 1485/1485/1485 136/136/136
f 135/135/135 136/136/136 52/52/52
f 136/136/136 51/51/51 52/52/52
f 217/217/217 1804/1804/1804 1779/1779/1779
f 1198/1198/1198 1331/1331/1331 1199/1199/1199
f 622/622/622 2544/2544/2544 2562/2562/2562
f 611/611/611 2513/2513/2513 2511/2511/2511
f 2589/2589/2589 2588/2588/2588 2587/2587/2587
f 2590/2590/2590 2589/2589/2589 2587/2587/2587
f 2602/2602/2602 2601/2601/2601 2599/2599/2599
f 2601/2601/2601 2600/2600/2600 2599/2599/2599
f 2593/2593/2593 2592/2592/2592 2591/2591/2591
f 2594/2594/2594 2593/2593/2593 2591/2591/2591
f 2598/2598/2598 2597/2597/2597 2595/2595/2595
f 2597/2597/2597 2596/2596/2596 2595/2595/2595
f 2603/2603/2603 2601/2601/2601 2602/2602/2602
f 2604/2604/2604 2603/2603/2603 2602/2602/2602
f 2582/2582/2582 2581/2581/2581 2579/2579/2579
f 2581/2581/2581 2580/2580/2580 2579/2579/2579
f 2578/2578/2578 2577/2577/2577 2575/2575/2575
f 2577/2577/2577 2576/2576/2576 2575/2575/2575
f 619/619/619 617/617/617 515/515/515
f 493/493/493 619/619/619 515/515/515
f 2507/2507/2507 2506/2506/2506 510/510/510
f 2377/2377/2377 2376/2376/2376 550/550/550
f 2376/2376/2376 545/545/545 550/550/550
f 550/550/550 545/545/545 2584/2584/2584
f 2585/2585/2585 550/550/550 2584/2584/2584
f 2583/2583/2583 2377/2377/2377 550/550/550
f 2508/2508/2508 2507/2507/2507 510/510/510
f 2513/2513/2513 2512/2512/2512 2511/2511/2511
f 2586/2586/2586 545/545/545 2376/2376/2376
f 2368/2368/2368 2367/2367/2367 526/526/526
f 525/525/525 2368/2368/2368 526/526/526
f 2539/2539/2539 2538/2538/2538 2536/2536/2536
f 2538/2538/2538 2537/2537/2537 2536/2536/2536
f 2335/2335/2335 600/600/600 2334/2334/2334
f 600/600/600 599/599/599 2334/2334/2334
f 2488/2488/2488 2487/2487/2487 2486/2486/2486
f 2489/2489/2489 2488/2488/2488 2486/2486/2486
f 546/546/546 2339/2339/2339 547/547/547
f 2041/2041/2041 2044/2044/2044 2043/2043/2043
f 1878/1878/1878 1877/1877/1877 1876/1876/1876
f 1877/1877/1877 330/330/330 1876/1876/1876
f 2036/2036/2036 2035/2035/2035 2034/2034/2034
f 2603/2603/2603 2604/2604/2604 2605/2605/2605
f 1203/1203/1203 3900/3900/3900 1209/1209/1209
f 2399/2399/2399 2398/2398/2398 555/555/555
f 2407/2407/2407 2406/2406/2406 584/584/584
f 583/583/583 2407/2407/2407 584/584/584
f 166/166/166 164/164/164 144/144/144
f 144/144/144 164/164/164 1578/1578/1578
f 164/164/164 1577/1577/1577 1578/1578/1578
f 1578/1578/1578 1577/1577/1577 1575/1575/1575
f 1577/1577/1577 1576/1576/1576 1575/1575/1575
f 1480/1480/1480 1528/1528/1528 133/133/133
f 133/133/133 48/48/48 1480/1480/1480
f 1292/1292/1292 1290/1290/1290 1258/1258/1258
f 48/48/48 137/137/137 1480/1480/1480
f 137/137/137 48/48/48 1369/1369/1369
f 137/137/137 153/153/153 1480/1480/1480
f 153/153/153 137/137/137 1406/1406/1406
f 2900/2900/2900 2899/2899/2899 2897/2897/2897
f 3225/3225/3225 3224/3224/3224 3222/3222/3222
f 137/137/137 1369/1369/1369 1406/1406/1406
f 91/91/91 153/153/153 1406/1406/1406
f 153/153/153 91/91/91 1514/1514/1514
f 4073/4073/4073 4098/4098/4098 1287/1287/1287
f 4098/4098/4098 1303/1303/1303 1287/1287/1287
f 3231/3231/3231 3230/3230/3230 3229/3229/3229
f 153/153/153 1514/1514/1514 1486/1486/1486
f 2907/2907/2907 2906/2906/2906 2905/2905/2905
f 48/48/48 1370/1370/1370 1369/1369/1369
f 2881/2881/2881 2880/2880/2880 2879/2879/2879
f 2882/2882/2882 2881/2881/2881 2879/2879/2879
f 2889/2889/2889 2888/2888/2888 2887/2887/2887
f 2890/2890/2890 2889/2889/2889 2887/2887/2887
f 3207/3207/3207 3206/3206/3206 3204/3204/3204
f 3206/3206/3206 3205/3205/3205 3204/3204/3204
f 2908/2908/2908 2907/2907/2907 2905/2905/2905
f 3215/3215/3215 3214/3214/3214 3212/3212/3212
f 3214/3214/3214 3213/3213/3213 3212/3212/3212
f 3232/3232/3232 3231/3231/3231 3229/3229/3229
f 1599/1599/1599 1598/1598/1598 1597/1597/1597
f 2845/2845/2845 2844/2844/2844 721/721/721
f 2965/2965/2965 2964/2964/2964 2962/2962/2962
f 2964/2964/2964 2963/2963/2963 2962/2962/2962
f 2956/2956/2956 2955/2955/2955 2954/2954/2954
f 2969/2969/2969 2968/2968/2968 2966/2966/2966
f 2968/2968/2968 2967/2967/2967 2966/2966/2966
f 2953/2953/2953 2952/2952/2952 768/768/768
f 2957/2957/2957 2956/2956/2956 2954/2954/2954
f 2949/2949/2949 2948/2948/2948 2946/2946/2946
f 2948/2948/2948 2947/2947/2947 2946/2946/2946
f 2921/2921/2921 2920/2920/2920 2919/2919/2919
f 2922/2922/2922 2921/2921/2921 2919/2919/2919
f 2926/2926/2926 2925/2925/2925 2923/2923/2923
f 2925/2925/2925 2924/2924/2924 2923/2923/2923
f 2918/2918/2918 2917/2917/2917 2915/2915/2915
f 2917/2917/2917 2916/2916/2916 2915/2915/2915
f 752/752/752 754/754/754 751/751/751
f 754/754/754 755/755/755 751/751/751
f 2934/2934/2934 2933/2933/2933 2931/2931/2931
f 2936/2936/2936 2935/2935/2935 2916/2916/2916
f 2917/2917/2917 2936/2936/2936 2916/2916/2916
f 2861/2861/2861 2860/2860/2860 2858/2858/2858
f 2860/2860/2860 2859/2859/2859 2858/2858/2858
f 2844/2844/2844 715/715/715 721/721/721
f 3625/3625/3625 3624/3624/3624 3623/3623/3623
f 3626/3626/3626 3625/3625/3625 3623/3623/3623
f 1040/1040/1040 1015/1015/1015 1039/1039/1039
f 3629/3629/3629 3628/3628/3628 3627/3627/3627
f 3630/3630/3630 3629/3629/3629 3627/3627/3627
f 3638/3638/3638 3637/3637/3637 3635/3635/3635
f 3637/3637/3637 3636/3636/3636 3635/3635/3635
f 828/828/828 3101/3101/3101 834/834/834
f 3104/3104/3104 3103/3103/3103 3102/3102/3102
f 3105/3105/3105 3104/3104/3104 3102/3102/3102
f 3114/3114/3114 3113/3113/3113 3112/3112/3112
f 3103/3103/3103 3111/3111/3111 3110/3110/3110
f 3102/3102/3102 3103/3103/3103 3110/3110/3110
f 799/799/799 798/798/798 3036/3036/3036
f 3037/3037/3037 799/799/799 3036/3036/3036
f 3040/3040/3040 3039/3039/3039 3038/3038/3038
f 3041/3041/3041 3040/3040/3040 3038/3038/3038
f 3179/3179/3179 3178/3178/3178 3176/3176/3176
f 3171/3171/3171 3170/3170/3170 3169/3169/3169
f 861/861/861 3168/3168/3168 864/864/864
f 3168/3168/3168 3167/3167/3167 864/864/864
f 794/794/794 3019/3019/3019 3018/3018/3018
f 797/797/797 794/794/794 3018/3018/3018
f 3182/3182/3182 3181/3181/3181 3180/3180/3180
f 3183/3183/3183 3182/3182/3182 3180/3180/3180
f 3178/3178/3178 3177/3177/3177 3176/3176/3176
f 3031/3031/3031 3030/3030/3030 3028/3028/3028
f 3030/3030/3030 3029/3029/3029 3028/3028/3028
f 1022/1022/1022 3581/3581/3581 1025/1025/1025
f 1045/1045/1045 3662/3662/3662 3579/3579/3579
f 3662/3662/3662 3661/3661/3661 3579/3579/3579
f 3581/3581/3581 3580/3580/3580 1025/1025/1025
f 2839/2839/2839 2838/2838/2838 2836/2836/2836
f 2843/2843/2843 2842/2842/2842 2840/2840/2840
f 3012/3012/3012 3011/3011/3011 3010/3010/3010
f 3005/3005/3005 3004/3004/3004 3002/3002/3002
f 3013/3013/3013 3012/3012/3012 3010/3010/3010
f 3004/3004/3004 3003/3003/3003 3002/3002/3002
f 3000/3000/3000 788/788/788 785/785/785
f 3098/3098/3098 3097/3097/3097 3096/3096/3096
f 3063/3063/3063 3062/3062/3062 3060/3060/3060
f 3062/3062/3062 3061/3061/3061 3060/3060/3060
f 3016/3016/3016 3015/3015/3015 3014/3014/3014
f 3001/3001/3001 3000/3000/3000 785/785/785
f 3083/3083/3083 3082/3082/3082 825/825/825
f 3086/3086/3086 3085/3085/3085 3084/3084/3084
f 3087/3087/3087 3086/3086/3086 3084/3084/3084
f 3652/3652/3652 3651/3651/3651 3649/3649/3649
f 3099/3099/3099 3098/3098/3098 3096/3096/3096
f 3651/3651/3651 3650/3650/3650 3649/3649/3649
f 3185/3185/3185 3184/3184/3184 873/873/873
f 3188/3188/3188 3187/3187/3187 3186/3186/3186
f 867/867/867 3185/3185/3185 873/873/873
f 1029/1029/1029 3583/3583/3583 1026/1026/1026
f 1629/1629/1629 1628/1628/1628 1626/1626/1626
f 3201/3201/3201 3200/3200/3200 3198/3198/3198
f 3196/3196/3196 3195/3195/3195 3194/3194/3194
f 3200/3200/3200 3199/3199/3199 3198/3198/3198
f 3197/3197/3197 3196/3196/3196 3194/3194/3194
f 3189/3189/3189 3188/3188/3188 3186/3186/3186
f 819/819/819 3083/3083/3083 825/825/825
f 3023/3023/3023 3022/3022/3022 3020/3020/3020
f 3022/3022/3022 3021/3021/3021 3020/3020/3020
f 710/710/710 711/711/711 709/709/709
f 3017/3017/3017 3016/3016/3016 3014/3014/3014
f 804/804/804 805/805/805 803/803/803
f 822/822/822 821/821/821 820/820/820
f 1028/1028/1028 3640/3640/3640 3639/3639/3639
f 1027/1027/1027 1028/1028/1028 3639/3639/3639
f 3583/3583/3583 3582/3582/3582 1026/1026/1026
f 3572/3572/3572 1006/1006/1006 3571/3571/3571
f 3583/3583/3583 3654/3654/3654 3582/3582/3582
f 1632/1632/1632 1631/1631/1631 1630/1630/1630
f 1633/1633/1633 1632/1632/1632 1630/1630/1630
f 1628/1628/1628 1627/1627/1627 1626/1626/1626
f 1625/1625/1625 1624/1624/1624 1622/1622/1622
f 919/919/919 3300/3300/3300 3299/3299/3299
f 929/929/929 3303/3303/3303 3302/3302/3302
f 3304/3304/3304 929/929/929 3302/3302/3302
f 3330/3330/3330 3329/3329/3329 3327/3327/3327
f 3329/3329/3329 3328/3328/3328 3327/3327/3327
f 3602/3602/3602 3601/3601/3601 3599/3599/3599
f 1037/1037/1037 1034/1034/1034 1030/1030/1030
f 3597/3597/3597 3596/3596/3596 3595/3595/3595
f 3598/3598/3598 3597/3597/3597 3595/3595/3595
f 3613/3613/3613 3612/3612/3612 3611/3611/3611
f 3614/3614/3614 3613/3613/3613 3611/3611/3611
f 3601/3601/3601 3600/3600/3600 3599/3599/3599
f 1033/1033/1033 1037/1037/1037 1030/1030/1030
f 3301/3301/3301 919/919/919 3299/3299/3299
f 1636/1636/1636 1635/1635/1635 1634/1634/1634
f 3450/3450/3450 3449/3449/3449 3447/3447/3447
f 3068/3068/3068 3067/3067/3067 3066/3066/3066
f 3069/3069/3069 3068/3068/3068 3066/3066/3066
f 1422/1422/1422 191/191/191 1421/1421/1421
f 1635/1635/1635 77/77/77 1634/1634/1634
f 915/915/915 3291/3291/3291 3290/3290/3290
f 916/916/916 915/915/915 3290/3290/3290
f 3297/3297/3297 3296/3296/3296 3295/3295/3295
f 917/917/917 3293/3293/3293 3292/3292/3292
f 3294/3294/3294 917/917/917 3292/3292/3292
f 3298/3298/3298 3297/3297/3297 3295/3295/3295
f 3065/3065/3065 3064/3064/3064 816/816/816
f 917/917/917 918/918/918 3293/3293/3293
f 918/918/918 909/909/909 3293/3293/3293
f 914/914/914 3289/3289/3289 3288/3288/3288
f 927/927/927 914/914/914 3288/3288/3288
f 3255/3255/3255 3254/3254/3254 3253/3253/3253
f 3258/3258/3258 3257/3257/3257 3256/3256/3256
f 3242/3242/3242 3241/3241/3241 3239/3239/3239
f 3249/3249/3249 3248/3248/3248 3247/3247/3247
f 3250/3250/3250 3249/3249/3249 3247/3247/3247
f 3262/3262/3262 3261/3261/3261 3259/3259/3259
f 3261/3261/3261 3260/3260/3260 3259/3259/3259
f 3238/3238/3238 3237/3237/3237 893/893/893
f 3237/3237/3237 896/896/896 893/893/893
f 3317/3317/3317 3316/3316/3316 3315/3315/3315
f 3241/3241/3241 3240/3240/3240 3239/3239/3239
f 3282/3282/3282 3281/3281/3281 3279/3279/3279
f 3281/3281/3281 3280/3280/3280 3279/3279/3279
f 2997/2997/2997 2996/2996/2996 2994/2994/2994
f 2986/2986/2986 779/779/779 2998/2998/2998
f 2999/2999/2999 2986/2986/2986 2998/2998/2998
f 3321/3321/3321 3320/3320/3320 3319/3319/3319
f 2996/2996/2996 2995/2995/2995 2994/2994/2994
f 3267/3267/3267 3266/3266/3266 3265/3265/3265
f 3268/3268/3268 3267/3267/3267 3265/3265/3265
f 905/905/905 902/902/902 3263/3263/3263
f 902/902/902 3264/3264/3264 3263/3263/3263
f 3606/3606/3606 3605/3605/3605 3603/3603/3603
f 3605/3605/3605 3604/3604/3604 3603/3603/3603
f 1036/1036/1036 1032/1032/1032 1035/1035/1035
f 3076/3076/3076 3075/3075/3075 3074/3074/3074
f 3077/3077/3077 3076/3076/3076 3074/3074/3074
f 3080/3080/3080 3079/3079/3079 3078/3078/3078
f 3081/3081/3081 3080/3080/3080 3078/3078/3078
f 3338/3338/3338 3337/3337/3337 3335/3335/3335
f 3337/3337/3337 3336/3336/3336 3335/3335/3335
f 3342/3342/3342 3341/3341/3341 3339/3339/3339
f 3341/3341/3341 3340/3340/3340 3339/3339/3339
f 3325/3325/3325 3324/3324/3324 3323/3323/3323
f 3326/3326/3326 3325/3325/3325 3323/3323/3323
f 3322/3322/3322 3321/3321/3321 3319/3319/3319
f 3275/3275/3275 3274/3274/3274 3273/3273/3273
f 3276/3276/3276 3275/3275/3275 3273/3273/3273
f 1032/1032/1032 1031/1031/1031 1035/1035/1035
f 3590/3590/3590 3589/3589/3589 3588/3588/3588
f 858/858/858 857/857/857 856/856/856
f 1648/1648/1648 82/82/82 1647/1647/1647
f 1649/1649/1649 1648/1648/1648 1647/1647/1647
f 1645/1645/1645 81/81/81 1644/1644/1644
f 1646/1646/1646 1645/1645/1645 1644/1644/1644
f 3121/3121/3121 3120/3120/3120 3118/3118/3118
f 3120/3120/3120 3119/3119/3119 3118/3118/3118
f 837/837/837 3117/3117/3117 843/843/843
f 3129/3129/3129 3128/3128/3128 3126/3126/3126
f 3128/3128/3128 3127/3127/3127 3126/3126/3126
f 843/843/843 3116/3116/3116 3130/3130/3130
f 3117/3117/3117 3116/3116/3116 843/843/843
f 3116/3116/3116 3131/3131/3131 3130/3130/3130
f 3136/3136/3136 3135/3135/3135 3134/3134/3134
f 3146/3146/3146 3145/3145/3145 3143/3143/3143
f 3145/3145/3145 3144/3144/3144 3143/3143/3143
f 3153/3153/3153 3152/3152/3152 3151/3151/3151
f 3154/3154/3154 3153/3153/3153 3151/3151/3151
f 3141/3141/3141 855/855/855 3140/3140/3140
f 1545/1545/1545 1544/1544/1544 1542/1542/1542
f 1544/1544/1544 1543/1543/1543 1542/1542/1542
f 126/126/126 127/127/127 1380/1380/1380
f 1381/1381/1381 126/126/126 1380/1380/1380
f 1381/1381/1381 1380/1380/1380 1378/1378/1378
f 1380/1380/1380 1379/1379/1379 1378/1378/1378
f 645/645/645 2627/2627/2627 644/644/644
f 2661/2661/2661 691/691/691 2659/2659/2659
f 691/691/691 2660/2660/2660 2659/2659/2659
f 2644/2644/2644 2658/2658/2658 659/659/659
f 2645/2645/2645 2644/2644/2644 659/659/659
f 2646/2646/2646 2645/2645/2645 659/659/659
f 2254/2254/2254 2270/2270/2270 471/471/471
f 472/472/472 2254/2254/2254 471/471/471
f 2310/2310/2310 2309/2309/2309 2307/2307/2307
f 2309/2309/2309 2308/2308/2308 2307/2307/2307
f 461/461/461 459/459/459 458/458/458
f 2255/2255/2255 2254/2254/2254 473/473/473
f 2302/2302/2302 2301/2301/2301 2299/2299/2299
f 2301/2301/2301 2300/2300/2300 2299/2299/2299
f 2254/2254/2254 472/472/472 473/473/473
f 460/460/460 461/461/461 458/458/458
f 443/443/443 2241/2241/2241 440/440/440
f 2241/2241/2241 2240/2240/2240 440/440/440
f 390/390/390 2186/2186/2186 387/387/387
f 2631/2631/2631 2630/2630/2630 642/642/642
f 2630/2630/2630 641/641/641 642/642/642
f 2627/2627/2627 2626/2626/2626 644/644/644
f 2658/2658/2658 690/690/690 659/659/659
f 2678/2678/2678 2679/2679/2679 2782/2782/2782
f 2680/2680/2680 2679/2679/2679 2678/2678/2678
f 2681/2681/2681 2680/2680/2680 2678/2678/2678
f 2783/2783/2783 2678/2678/2678 2782/2782/2782
f 2777/2777/2777 2776/2776/2776 2774/2774/2774
f 120/120/120 128/128/128 78/78/78
f 128/128/128 196/196/196 78/78/78
f 128/128/128 132/132/132 196/196/196
f 2985/2985/2985 2984/2984/2984 2983/2983/2983
f 110/110/110 120/120/120 78/78/78
f 3453/3453/3453 3452/3452/3452 3451/3451/3451
f 1358/1358/1358 1357/1357/1357 1356/1356/1356
f 1727/1727/1727 1726/1726/1726 1724/1724/1724
f 198/198/198 1588/1588/1588 1587/1587/1587
f 198/198/198 1704/1704/1704 1588/1588/1588
f 1704/1704/1704 1703/1703/1703 1588/1588/1588
f 2634/2634/2634 2633/2633/2633 2632/2632/2632
f 2633/2633/2633 643/643/643 2632/2632/2632
f 2654/2654/2654 2653/2653/2653 2652/2652/2652
f 660/660/660 2654/2654/2654 2652/2652/2652
f 2685/2685/2685 2684/2684/2684 2682/2682/2682
f 153/153/153 1486/1486/1486 1480/1480/1480
f 1301/1301/1301 1306/1306/1306 1276/1276/1276
f 3224/3224/3224 3223/3223/3223 3222/3222/3222
f 94/94/94 1599/1599/1599 1597/1597/1597
f 1182/1182/1182 1181/1181/1181 1183/1183/1183
f 1514/1514/1514 1658/1658/1658 1486/1486/1486
f 1301/1301/1301 1266/1266/1266 1306/1306/1306
f 4141/4141/4141 1268/1268/1268 1303/1303/1303
f 4098/4098/4098 4141/4141/4141 1303/1303/1303
f 4135/4135/4135 1267/1267/1267 4134/4134/4134
f 4136/4136/4136 4135/4135/4135 4134/4134/4134
f 1266/1266/1266 1260/1260/1260 1306/1306/1306
f 1611/1611/1611 1610/1610/1610 1608/1608/1608
f 1606/1606/1606 1605/1605/1605 1604/1604/1604
f 1607/1607/1607 1606/1606/1606 1604/1604/1604
f 4073/4073/4073 1287/1287/1287 4072/4072/4072
f 4060/4060/4060 1286/1286/1286 4059/4059/4059
f 4061/4061/4061 4060/4060/4060 4059/4059/4059
f 1223/1223/1223 3987/3987/3987 3986/3986/3986
f 1287/1287/1287 1166/1166/1166 4072/4072/4072
f 1603/1603/1603 1602/1602/1602 1600/1600/1600
f 4091/4091/4091 4090/4090/4090 4089/4089/4089
f 4090/4090/4090 1302/1302/1302 4089/4089/4089
f 1285/1285/1285 1301/1301/1301 1276/1276/1276
f 717/717/717 718/718/718 716/716/716
f 1602/1602/1602 1601/1601/1601 1600/1600/1600
f 1617/1617/1617 1616/1616/1616 1614/1614/1614
f 90/90/90 1613/1613/1613 1612/1612/1612
f 1610/1610/1610 1609/1609/1609 1608/1608/1608
f 1616/1616/1616 1615/1615/1615 1614/1614/1614
f 1621/1621/1621 1620/1620/1620 1618/1618/1618
f 1620/1620/1620 1619/1619/1619 1618/1618/1618
f 1624/1624/1624 1623/1623/1623 1622/1622/1622
f 3058/3058/3058 3057/3057/3057 3056/3056/3056
f 3059/3059/3059 3058/3058/3058 3056/3056/3056
f 3051/3051/3051 3050/3050/3050 3048/3048/3048
f 1639/1639/1639 1638/1638/1638 1637/1637/1637
f 812/812/812 813/813/813 811/811/811
f 3278/3278/3278 907/907/907 3277/3277/3277
f 3073/3073/3073 3072/3072/3072 3070/3070/3070
f 3072/3072/3072 3071/3071/3071 3070/3070/3070
f 1638/1638/1638 79/79/79 1637/1637/1637
f 1642/1642/1642 1641/1641/1641 1640/1640/1640
f 2989/2989/2989 2988/2988/2988 2987/2987/2987
f 907/907/907 906/906/906 3277/3277/3277
f 1643/1643/1643 1642/1642/1642 1640/1640/1640
f 1018/1018/1018 1017/1017/1017 1019/1019/1019
f 3333/3333/3333 3332/3332/3332 3331/3331/3331
f 3334/3334/3334 3333/3333/3333 3331/3331/3331
f 3318/3318/3318 3317/3317/3317 3315/3315/3315
f 1461/1461/1461 1460/1460/1460 1459/1459/1459
f 2825/2825/2825 2824/2824/2824 2822/2822/2822
f 1462/1462/1462 1461/1461/1461 1459/1459/1459
f 1653/1653/1653 1652/1652/1652 1650/1650/1650
f 132/132/132 116/116/116 196/196/196
f 707/707/707 705/705/705 706/706/706
f 2824/2824/2824 2823/2823/2823 2822/2822/2822
f 2828/2828/2828 2827/2827/2827 2826/2826/2826
f 1478/1478/1478 1477/1477/1477 1476/1476/1476
f 3133/3133/3133 3132/3132/3132 850/850/850
f 2982/2982/2982 2981/2981/2981 2979/2979/2979
f 771/771/771 769/769/769 770/770/770
f 1652/1652/1652 1651/1651/1651 1650/1650/1650
f 2977/2977/2977 2976/2976/2976 2975/2975/2975
f 1657/1657/1657 1656/1656/1656 1654/1654/1654
f 2978/2978/2978 2977/2977/2977 2975/2975/2975
f 1656/1656/1656 1655/1655/1655 1654/1654/1654
f 178/178/178 179/179/179 177/177/177
f 173/173/173 178/178/178 177/177/177
f 174/174/174 173/173/173 177/177/177
f 122/122/122 1592/1592/1592 131/131/131
f 1592/1592/1592 1591/1591/1591 131/131/131
f 179/179/179 180/180/180 177/177/177
f 174/174/174 175/175/175 173/173/173
f 175/175/175 176/176/176 173/173/173
f 1699/1699/1699 1698/1698/1698 1697/1697/1697
f 4046/4046/4046 4045/4045/4045 4043/4043/4043
f 4045/4045/4045 4044/4044/4044 4043/4043/4043
f 2623/2623/2623 2622/2622/2622 631/631/631
f 632/632/632 2623/2623/2623 631/631/631
f 2817/2817/2817 2816/2816/2816 2814/2814/2814
f 4050/4050/4050 4049/4049/4049 4047/4047/4047
f 3157/3157/3157 3156/3156/3156 3155/3155/3155
f 3150/3150/3150 3149/3149/3149 3147/3147/3147
f 158/158/158 160/160/160 159/159/159
f 3158/3158/3158 3157/3157/3157 3155/3155/3155
f 3149/3149/3149 3148/3148/3148 3147/3147/3147
f 1549/1549/1549 1548/1548/1548 1546/1546/1546
f 1479/1479/1479 1478/1478/1478 1476/1476/1476
f 1548/1548/1548 1547/1547/1547 1546/1546/1546
f 3138/3138/3138 854/854/854 853/853/853
f 3139/3139/3139 3138/3138/3138 853/853/853
f 846/846/846 3133/3133/3133 850/850/850
f 835/835/835 842/842/842 841/841/841
f 3125/3125/3125 3124/3124/3124 3122/3122/3122
f 3124/3124/3124 3123/3123/3123 3122/3122/3122
f 840/840/840 839/839/839 838/838/838
f 836/836/836 835/835/835 841/841/841
f 160/160/160 161/161/161 159/159/159
f 849/849/849 848/848/848 847/847/847
f 2636/2636/2636 683/683/683 2635/2635/2635
f 683/683/683 682/682/682 2635/2635/2635
f 2816/2816/2816 2815/2815/2815 2814/2814/2814
f 1017/1017/1017 1016/1016/1016 1019/1019/1019
f 3034/3034/3034 3033/3033/3033 3032/3032/3032
f 3035/3035/3035 3034/3034/3034 3032/3032/3032
f 781/781/781 782/782/782 780/780/780
f 790/790/790 791/791/791 789/789/789
f 1009/1009/1009 1008/1008/1008 1011/1011/1011
f 1010/1010/1010 1009/1009/1009 1011/1011/1011
f 3617/3617/3617 3616/3616/3616 3615/3615/3615
f 3618/3618/3618 3617/3617/3617 3615/3615/3615
f 1041/1041/1041 1038/1038/1038 1013/1013/1013
f 1012/1012/1012 1041/1041/1041 1013/1013/1013
f 7/7/7 2/2/2 8/8/8
f 2/2/2 4/4/4 8/8/8
f 1220/1220/1220 1219/1219/1219 1217/1217/1217
f 1670/1670/1670 1669/1669/1669 1668/1668/1668
f 1670/1670/1670 1668/1668/1668 1671/1671/1671
f 3490/3490/3490 985/985/985 984/984/984
f 7/7/7 8/8/8 6/6/6
f 3665/3665/3665 3664/3664/3664 3663/3663/3663
f 1023/1023/1023 3642/3642/3642 3641/3641/3641
f 1024/1024/1024 1023/1023/1023 3641/3641/3641
f 5/5/5 7/7/7 6/6/6
f 1341/1341/1341 1340/1340/1340 10/10/10
f 9/9/9 1341/1341/1341 10/10/10
f 85/85/85 86/86/86 22/22/22
f 85/85/85 22/22/22 1678/1678/1678
f 86/86/86 87/87/87 22/22/22
f 1354/1354/1354 84/84/84 1353/1353/1353
f 87/87/87 1675/1675/1675 22/22/22
f 1033/1033/1033 1030/1030/1030 1021/1021/1021
f 1020/1020/1020 1033/1033/1033 1021/1021/1021
f 3654/3654/3654 3653/3653/3653 3582/3582/3582
f 1677/1677/1677 23/23/23 1676/1676/1676
f 3587/3587/3587 3586/3586/3586 3584/3584/3584
f 9/9/9 10/10/10 1/1/1
f 10/10/10 3/3/3 1/1/1
f 3586/3586/3586 3585/3585/3585 3584/3584/3584
f 21/21/21 1390/1390/1390 80/80/80
f 21/21/21 80/80/80 1679/1679/1679
f 80/80/80 1680/1680/1680 1679/1679/1679
f 889/889/889 890/890/890 888/888/888
f 83/83/83 1682/1682/1682 80/80/80
f 1390/1390/1390 83/83/83 80/80/80
f 775/775/775 776/776/776 774/774/774
f 1680/1680/1680 1683/1683/1683 1679/1679/1679
f 1682/1682/1682 1681/1681/1681 80/80/80
f 78/78/78 1439/1439/1439 37/37/37
f 110/110/110 78/78/78 37/37/37
f 1813/1813/1813 1752/1752/1752 1812/1812/1812
f 2760/2760/2760 2759/2759/2759 2758/2758/2758
f 2761/2761/2761 2760/2760/2760 2758/2758/2758
f 2251/2251/2251 2250/2250/2250 2248/2248/2248
f 2250/2250/2250 2249/2249/2249 2248/2248/2248
f 3192/3192/3192 3191/3191/3191 3190/3190/3190
f 3193/3193/3193 3192/3192/3192 3190/3190/3190
f 119/119/119 1463/1463/1463 1515/1515/1515
f 1464/1464/1464 1463/1463/1463 119/119/119
f 134/134/134 1464/1464/1464 119/119/119
f 1464/1464/1464 134/134/134 1516/1516/1516
f 118/118/118 119/119/119 155/155/155
f 155/155/155 119/119/119 1515/1515/1515
f 1535/1535/1535 1534/1534/1534 1533/1533/1533
f 1531/1531/1531 1530/1530/1530 1529/1529/1529
f 1532/1532/1532 1531/1531/1531 1529/1529/1529
f 692/692/692 693/693/693 2699/2699/2699
f 693/693/693 2700/2700/2700 2699/2699/2699
f 2787/2787/2787 2786/2786/2786 2784/2784/2784
f 2786/2786/2786 2785/2785/2785 2784/2784/2784
f 2403/2403/2403 2402/2402/2402 2400/2400/2400
f 2326/2326/2326 497/497/497 494/494/494
f 2327/2327/2327 2326/2326/2326 494/494/494
f 2402/2402/2402 2401/2401/2401 2400/2400/2400
f 1685/1685/1685 1684/1684/1684 163/163/163
f 1537/1537/1537 1685/1685/1685 163/163/163
f 1537/1537/1537 163/163/163 1536/1536/1536
f 162/162/162 1552/1552/1552 1550/1550/1550
f 1552/1552/1552 1551/1551/1551 1550/1550/1550
f 1688/1688/1688 1687/1687/1687 165/165/165
f 1687/1687/1687 1692/1692/1692 165/165/165
f 1692/1692/1692 167/167/167 165/165/165
f 171/171/171 1557/1557/1557 170/170/170
f 169/169/169 171/171/171 170/170/170
f 167/167/167 168/168/168 165/165/165
f 4164/4164/4164 4163/4163/4163 4162/4162/4162
f 4165/4165/4165 4164/4164/4164 4162/4162/4162
f 4169/4169/4169 4168/4168/4168 4166/4166/4166
f 4168/4168/4168 4167/4167/4167 4166/4166/4166
f 1574/1574/1574 1573/1573/1573 1571/1571/1571
f 1573/1573/1573 1572/1572/1572 1571/1571/1571
f 1556/1556/1556 1555/1555/1555 1553/1553/1553
f 1555/1555/1555 1554/1554/1554 1553/1553/1553
f 1560/1560/1560 1559/1559/1559 1558/1558/1558
f 4149/4149/4149 4148/4148/4148 4146/4146/4146
f 4155/4155/4155 4149/4149/4149 4146/4146/4146
f 4153/4153/4153 4155/4155/4155 4146/4146/4146
f 4148/4148/4148 4147/4147/4147 4146/4146/4146
f 4147/4147/4147 4150/4150/4150 4146/4146/4146
f 4149/4149/4149 4154/4154/4154 4148/4148/4148
f 4140/4140/4140 4139/4139/4139 4138/4138/4138
f 1259/1259/1259 1262/1262/1262 1308/1308/1308
f 4153/4153/4153 4151/4151/4151 4155/4155/4155
f 4151/4151/4151 4157/4157/4157 4155/4155/4155
f 4153/4153/4153 4152/4152/4152 4151/4151/4151
f 4157/4157/4157 4156/4156/4156 4155/4155/4155
f 4160/4160/4160 4159/4159/4159 4158/4158/4158
f 4161/4161/4161 4160/4160/4160 4158/4158/4158
f 739/739/739 740/740/740 738/738/738
f 2886/2886/2886 2885/2885/2885 2883/2883/2883
f 876/876/876 877/877/877 875/875/875
f 2885/2885/2885 2884/2884/2884 2883/2883/2883
f 742/742/742 744/744/744 741/741/741
f 3449/3449/3449 3448/3448/3448 3447/3447/3447
f 3211/3211/3211 3210/3210/3210 3208/3208/3208
f 3210/3210/3210 3209/3209/3209 3208/3208/3208
f 744/744/744 745/745/745 741/741/741
f 2904/2904/2904 2903/2903/2903 2901/2901/2901
f 2903/2903/2903 2902/2902/2902 2901/2901/2901
f 879/879/879 881/881/881 878/878/878
f 881/881/881 882/882/882 878/878/878
f 3228/3228/3228 3227/3227/3227 3226/3226/3226
f 3981/3981/3981 3980/3980/3980 3978/3978/3978
f 3561/3561/3561 3560/3560/3560 3559/3559/3559
f 3547/3547/3547 3546/3546/3546 3545/3545/3545
f 3562/3562/3562 3561/3561/3561 3559/3559/3559
f 3548/3548/3548 3547/3547/3547 3545/3545/3545
f 2616/2616/2616 2615/2615/2615 2614/2614/2614
f 3404/3404/3404 3403/3403/3403 3402/3402/3402
f 3458/3458/3458 3457/3457/3457 3455/3455/3455
f 3445/3445/3445 3444/3444/3444 3443/3443/3443
f 3432/3432/3432 3431/3431/3431 3430/3430/3430
f 2609/2609/2609 2608/2608/2608 2606/2606/2606
f 3399/3399/3399 3398/3398/3398 3396/3396/3396
f 3391/3391/3391 952/952/952 3400/3400/3400
f 3401/3401/3401 3391/3391/3391 3400/3400/3400
f 3418/3418/3418 3417/3417/3417 3416/3416/3416
f 3426/3426/3426 3425/3425/3425 3424/3424/3424
f 3423/3423/3423 3422/3422/3422 3420/3420/3420
f 594/594/594 591/591/591 592/592/592
f 3419/3419/3419 3418/3418/3418 3416/3416/3416
f 3422/3422/3422 3421/3421/3421 3420/3420/3420
f 3405/3405/3405 3404/3404/3404 3402/3402/3402
f 3908/3908/3908 1215/1215/1215 3909/3909/3909
f 1215/1215/1215 1218/1218/1218 3909/3909/3909
f 3994/3994/3994 3993/3993/3993 3992/3992/3992
f 3991/3991/3991 3990/3990/3990 3988/3988/3988
f 3990/3990/3990 3989/3989/3989 3988/3988/3988
f 3985/3985/3985 3984/3984/3984 3982/3982/3982
f 3984/3984/3984 3983/3983/3983 3982/3982/3982
f 1222/1222/1222 1224/1224/1224 3912/3912/3912
f 3995/3995/3995 3994/3994/3994 3992/3992/3992
f 2617/2617/2617 2616/2616/2616 2614/2614/2614
f 3408/3408/3408 3407/3407/3407 3406/3406/3406
f 3409/3409/3409 3408/3408/3408 3406/3406/3406
f 3514/3514/3514 3513/3513/3513 3512/3512/3512
f 3510/3510/3510 3509/3509/3509 3508/3508/3508
f 3427/3427/3427 3426/3426/3426 3424/3424/3424
f 3534/3534/3534 3533/3533/3533 3532/3532/3532
f 3454/3454/3454 3453/3453/3453 3451/3451/3451
f 3576/3576/3576 3575/3575/3575 3573/3573/3573
f 1211/1211/1211 3903/3903/3903 3902/3902/3902
f 3398/3398/3398 3397/3397/3397 3396/3396/3396
f 3395/3395/3395 3394/3394/3394 3392/3392/3392
f 3391/3391/3391 3390/3390/3390 952/952/952
f 994/994/994 993/993/993 992/992/992
f 3457/3457/3457 3456/3456/3456 3455/3455/3455
f 969/969/969 968/968/968 967/967/967
f 3446/3446/3446 3445/3445/3445 3443/3443/3443
f 595/595/595 594/594/594 592/592/592
f 3433/3433/3433 959/959/959 963/963/963
f 961/961/961 962/962/962 960/960/960
f 2608/2608/2608 2607/2607/2607 2606/2606/2606
f 598/598/598 589/589/589 588/588/588
f 3540/3540/3540 3539/3539/3539 999/999/999
f 3569/3569/3569 3568/3568/3568 3567/3567/3567
f 1004/1004/1004 1003/1003/1003 3557/3557/3557
f 3565/3565/3565 3564/3564/3564 3563/3563/3563
f 3566/3566/3566 3565/3565/3565 3563/3563/3563
f 3570/3570/3570 3569/3569/3569 3567/3567/3567
f 1003/1003/1003 3558/3558/3558 3557/3557/3557
f 965/965/965 966/966/966 964/964/964
f 3976/3976/3976 3975/3975/3975 3974/3974/3974
f 3977/3977/3977 3976/3976/3976 3974/3974/3974
f 597/597/597 598/598/598 588/588/588
f 2621/2621/2621 2620/2620/2620 2618/2618/2618
f 2620/2620/2620 2619/2619/2619 2618/2618/2618
f 2612/2612/2612 2611/2611/2611 2610/2610/2610
f 2613/2613/2613 2612/2612/2612 2610/2610/2610
f 957/957/957 956/956/956 3414/3414/3414
f 3999/3999/3999 3998/3998/3998 3996/3996/3996
f 3998/3998/3998 3997/3997/3997 3996/3996/3996
f 3518/3518/3518 3517/3517/3517 3516/3516/3516
f 3519/3519/3519 3518/3518/3518 3516/3516/3516
f 3511/3511/3511 3510/3510/3510 3508/3508/3508
f 367/367/367 2485/2485/2485 2484/2484/2484
f 990/990/990 989/989/989 988/988/988
f 3478/3478/3478 3477/3477/3477 3475/3475/3475
f 3466/3466/3466 3474/3474/3474 3473/3473/3473
f 3465/3465/3465 3466/3466/3466 3473/3473/3473
f 3464/3464/3464 3463/3463/3463 974/974/974
f 973/973/973 972/972/972 971/971/971
f 3477/3477/3477 3476/3476/3476 3475/3475/3475
f 937/937/937 938/938/938 936/936/936
f 1885/1885/1885 1884/1884/1884 1883/1883/1883
f 1886/1886/1886 1885/1885/1885 1883/1883/1883
f 2005/2005/2005 2004/2004/2004 2003/2003/2003
f 2012/2012/2012 2011/2011/2011 2009/2009/2009
f 2011/2011/2011 2010/2010/2010 2009/2009/2009
f 2008/2008/2008 2007/2007/2007 2006/2006/2006
f 2015/2015/2015 2014/2014/2014 2013/2013/2013
f 3538/3538/3538 3537/3537/3537 3536/3536/3536
f 3347/3347/3347 3346/3346/3346 3345/3345/3345
f 2011/2011/2011 2069/2069/2069 2010/2010/2010
f 2068/2068/2068 2067/2067/2067 2066/2066/2066
f 2019/2019/2019 2018/2018/2018 2016/2016/2016
f 2018/2018/2018 2017/2017/2017 2016/2016/2016
f 2007/2007/2007 335/335/335 2006/2006/2006
f 2022/2022/2022 2021/2021/2021 2020/2020/2020
f 1141/1141/1141 1140/1140/1140 1142/1142/1142
f 3851/3851/3851 3850/3850/3850 1151/1151/1151
f 3850/3850/3850 1138/1138/1138 1151/1151/1151
f 260/260/260 232/232/232 1851/1851/1851
f 1728/1728/1728 1850/1850/1850 1849/1849/1849
f 3468/3468/3468 3467/3467/3467 3465/3465/3465
f 4003/4003/4003 4002/4002/4002 4000/4000/4000
f 4002/4002/4002 4001/4001/4001 4000/4000/4000
f 2480/2480/2480 590/590/590 596/596/596
f 590/590/590 593/593/593 596/596/596
f 3429/3429/3429 958/958/958 3428/3428/3428
f 956/956/956 3415/3415/3415 3414/3414/3414
f 3442/3442/3442 3441/3441/3441 3439/3439/3439
f 3441/3441/3441 3440/3440/3440 3439/3439/3439
f 1001/1001/1001 1002/1002/1002 1000/1000/1000
f 950/950/950 951/951/951 949/949/949
f 587/587/587 2483/2483/2483 2481/2481/2481
f 2483/2483/2483 2482/2482/2482 2481/2481/2481
f 3471/3471/3471 3470/3470/3470 3469/3469/3469
f 3472/3472/3472 3471/3471/3471 3469/3469/3469
f 3364/3364/3364 3363/3363/3363 3362/3362/3362
f 3365/3365/3365 3364/3364/3364 3362/3362/3362
f 3348/3348/3348 943/943/943 941/941/941
f 3349/3349/3349 3348/3348/3348 941/941/941
f 2468/2468/2468 2467/2467/2467 2466/2466/2466
f 2574/2574/2574 437/437/437 386/386/386
f 2469/2469/2469 2468/2468/2468 2466/2466/2466
f 2193/2193/2193 2192/2192/2192 2191/2191/2191
f 2194/2194/2194 2193/2193/2193 2191/2191/2191
f 2477/2477/2477 2476/2476/2476 2474/2474/2474
f 2476/2476/2476 2475/2475/2475 2474/2474/2474
f 3852/3852/3852 1145/1145/1145 1152/1152/1152
f 3853/3853/3853 3852/3852/3852 1152/1152/1152
f 1146/1146/1146 1144/1144/1144 1150/1150/1150
f 1149/1149/1149 1146/1146/1146 1150/1150/1150
f 4202/4202/4202 4201/4201/4201 4200/4200/4200
f 4203/4203/4203 4202/4202/4202 4200/4200/4200
f 229/229/229 228/228/228 305/305/305
f 229/229/229 1749/1749/1749 1750/1750/1750
f 1750/1750/1750 1749/1749/1749 1748/1748/1748
f 4192/4192/4192 4191/4191/4191 4190/4190/4190
f 4193/4193/4193 4192/4192/4192 4190/4190/4190
f 1751/1751/1751 1748/1748/1748 1826/1826/1826
f 1317/1317/1317 3845/3845/3845 3843/3843/3843
f 3845/3845/3845 3844/3844/3844 3843/3843/3843
f 1751/1751/1751 1750/1750/1750 1748/1748/1748
f 243/243/243 1745/1745/1745 214/214/214
f 1745/1745/1745 1744/1744/1744 214/214/214
f 2174/2174/2174 2173/2173/2173 2171/2171/2171
f 382/382/382 381/381/381 380/380/380
f 228/228/228 229/229/229 1750/1750/1750
f 1787/1787/1787 1786/1786/1786 227/227/227
f 3925/3925/3925 3924/3924/3924 3923/3923/3923
f 3926/3926/3926 3925/3925/3925 3923/3923/3923
f 228/228/228 307/307/307 305/305/305
f 2166/2166/2166 2165/2165/2165 2163/2163/2163
f 2165/2165/2165 2164/2164/2164 2163/2163/2163
f 310/310/310 227/227/227 226/226/226
f 1786/1786/1786 226/226/226 227/227/227
f 375/375/375 373/373/373 372/372/372
f 374/374/374 375/375/375 372/372/372
f 2170/2170/2170 2169/2169/2169 2167/2167/2167
f 2169/2169/2169 2168/2168/2168 2167/2167/2167
f 310/310/310 308/308/308 227/227/227
f 226/226/226 309/309/309 310/310/310
f 1820/1820/1820 1745/1745/1745 243/243/243
f 2181/2181/2181 2180/2180/2180 2178/2178/2178
f 2180/2180/2180 2179/2179/2179 2178/2178/2178
f 1821/1821/1821 1820/1820/1820 243/243/243
f 2185/2185/2185 2184/2184/2184 2182/2182/2182
f 2184/2184/2184 2183/2183/2183 2182/2182/2182
f 1452/1452/1452 39/39/39 1451/1451/1451
f 2872/2872/2872 2871/2871/2871 2870/2870/2870
f 1373/1373/1373 1455/1455/1455 1454/1454/1454
f 113/113/113 1373/1373/1373 1454/1454/1454
f 113/113/113 123/123/123 1373/1373/1373
f 123/123/123 1374/1374/1374 1373/1373/1373
f 4030/4030/4030 4027/4027/4027 4037/4037/4037
f 4030/4030/4030 4029/4029/4029 4027/4027/4027
f 4029/4029/4029 4028/4028/4028 4027/4027/4027
f 1234/1234/1234 1233/1233/1233 4013/4013/4013
f 1827/1827/1827 1751/1751/1751 1826/1826/1826
f 1139/1139/1139 3846/3846/3846 1136/1136/1136
f 1317/1317/1317 4189/4189/4189 3845/3845/3845
f 4189/4189/4189 4188/4188/4188 3845/3845/3845
f 1233/1233/1233 4014/4014/4014 4013/4013/4013
f 1453/1453/1453 1452/1452/1452 1451/1451/1451
f 1453/1453/1453 1451/1451/1451 1466/1466/1466
f 121/121/121 1453/1453/1453 1466/1466/1466
f 2869/2869/2869 2868/2868/2868 2866/2866/2866
f 1466/1466/1466 1590/1590/1590 121/121/121
f 1590/1590/1590 1589/1589/1589 121/121/121
f 2868/2868/2868 2867/2867/2867 2866/2866/2866
f 727/727/727 726/726/726 725/725/725
f 1594/1594/1594 1593/1593/1593 1374/1374/1374
f 4038/4038/4038 4030/4030/4030 4037/4037/4037
f 1239/1239/1239 1242/1242/1242 4031/4031/4031
f 123/123/123 1594/1594/1594 1374/1374/1374
f 730/730/730 729/729/729 728/728/728
f 1160/1160/1160 1159/1159/1159 1163/1163/1163
f 3896/3896/3896 3895/3895/3895 1207/1207/1207
f 4214/4214/4214 4213/4213/4213 4212/4212/4212
f 4215/4215/4215 4214/4214/4214 4212/4212/4212
f 1322/1322/1322 3879/3879/3879 1167/1167/1167
f 3879/3879/3879 1165/1165/1165 1167/1167/1167
f 1322/1322/1322 1180/1180/1180 3879/3879/3879
f 1784/1784/1784 1736/1736/1736 1737/1737/1737
f 213/213/213 1742/1742/1742 225/225/225
f 1742/1742/1742 1733/1733/1733 225/225/225
f 312/312/312 225/225/225 1733/1733/1733
f 312/312/312 311/311/311 225/225/225
f 3922/3922/3922 3921/3921/3921 3919/3919/3919
f 3921/3921/3921 3920/3920/3920 3919/3919/3919
f 3833/3833/3833 3914/3914/3914 3913/3913/3913
f 3829/3829/3829 3828/3828/3828 1129/1129/1129
f 3827/3827/3827 3826/3826/3826 1128/1128/1128
f 1127/1127/1127 3827/3827/3827 1128/1128/1128
f 3918/3918/3918 3917/3917/3917 3915/3915/3915
f 3917/3917/3917 3916/3916/3916 3915/3915/3915
f 3825/3825/3825 3824/3824/3824 1132/1132/1132
f 1131/1131/1131 3825/3825/3825 1132/1132/1132
f 4171/4171/4171 4170/4170/4170 1312/1312/1312
f 4174/4174/4174 4173/4173/4173 4172/4172/4172
f 3834/3834/3834 3833/3833/3833 1130/1130/1130
f 1315/1315/1315 3834/3834/3834 1130/1130/1130
f 1743/1743/1743 1742/1742/1742 213/213/213
f 4175/4175/4175 4174/4174/4174 4172/4172/4172
f 1313/1313/1313 4171/4171/4171 1312/1312/1312
f 3839/3839/3839 3838/3838/3838 3836/3836/3836
f 3838/3838/3838 3837/3837/3837 3836/3836/3836
f 1131/1131/1131 1132/1132/1132 1311/1311/1311
f 3830/3830/3830 3829/3829/3829 1129/1129/1129
f 1130/1130/1130 3833/3833/3833 3913/3913/3913
f 3842/3842/3842 3841/3841/3841 3840/3840/3840
f 242/242/242 1743/1743/1743 213/213/213
f 2173/2173/2173 2172/2172/2172 2171/2171/2171
f 379/379/379 377/377/377 376/376/376
f 1316/1316/1316 3842/3842/3842 3840/3840/3840
f 2177/2177/2177 2176/2176/2176 2175/2175/2175
f 384/384/384 385/385/385 383/383/383
f 3835/3835/3835 1131/1131/1131 1311/1311/1311
f 3835/3835/3835 1311/1311/1311 1123/1123/1123
f 1121/1121/1121 3835/3835/3835 1123/1123/1123
f 4181/4181/4181 4180/4180/4180 4178/4178/4178
f 1313/1313/1313 1312/1312/1312 1125/1125/1125
f 3831/3831/3831 1314/1314/1314 1124/1124/1124
f 1315/1315/1315 4177/4177/4177 3834/3834/3834
f 1816/1816/1816 1815/1815/1815 1814/1814/1814
f 1817/1817/1817 1816/1816/1816 1814/1814/1814
f 1818/1818/1818 1743/1743/1743 242/242/242
f 3832/3832/3832 3831/3831/3831 1124/1124/1124
f 1126/1126/1126 1313/1313/1313 1125/1125/1125
f 4180/4180/4180 4179/4179/4179 4178/4178/4178
f 4177/4177/4177 4176/4176/4176 3834/3834/3834
f 4185/4185/4185 4184/4184/4184 4182/4182/4182
f 4187/4187/4187 4186/4186/4186 3842/3842/3842
f 1316/1316/1316 4187/4187/4187 3842/3842/3842
f 1819/1819/1819 1818/1818/1818 242/242/242
f 4184/4184/4184 4183/4183/4183 4182/4182/4182
f 1825/1825/1825 1824/1824/1824 1822/1822/1822
f 1824/1824/1824 1823/1823/1823 1822/1822/1822
f 1747/1747/1747 1746/1746/1746 244/244/244
f 1746/1746/1746 215/215/215 244/244/244
f 378/378/378 379/379/379 376/376/376
f 1789/1789/1789 1738/1738/1738 1788/1788/1788
f 371/371/371 369/369/369 368/368/368
f 370/370/370 371/371/371 368/368/368
f 1738/1738/1738 1739/1739/1739 1788/1788/1788
f 3933/3933/3933 3932/3932/3932 3931/3931/3931
f 3934/3934/3934 3933/3933/3933 3931/3931/3931
f 2226/2226/2226 2225/2225/2225 2223/2223/2223
f 2225/2225/2225 2224/2224/2224 2223/2223/2223
f 2231/2231/2231 2230/2230/2230 2228/2228/2228
f 2221/2221/2221 2220/2220/2220 2219/2219/2219
f 2222/2222/2222 2221/2221/2221 2219/2219/2219
f 426/426/426 425/425/425 2195/2195/2195
f 425/425/425 2196/2196/2196 2195/2195/2195
f 2289/2289/2289 2288/2288/2288 2286/2286/2286
f 2214/2214/2214 410/410/410 407/407/407
f 2215/2215/2215 2214/2214/2214 407/407/407
f 4196/4196/4196 4195/4195/4195 4194/4194/4194
f 2280/2280/2280 2279/2279/2279 2278/2278/2278
f 2294/2294/2294 2293/2293/2293 2292/2292/2292
f 469/469/469 2253/2253/2253 2252/2252/2252
f 2288/2288/2288 2287/2287/2287 2286/2286/2286
f 468/468/468 467/467/467 466/466/466
f 470/470/470 469/469/469 2252/2252/2252
f 2284/2284/2284 2283/2283/2283 2282/2282/2282
f 2285/2285/2285 2284/2284/2284 2282/2282/2282
f 2281/2281/2281 2280/2280/2280 2278/2278/2278
f 2230/2230/2230 2229/2229/2229 2228/2228/2228
f 1785/1785/1785 1784/1784/1784 1737/1737/1737
f 1134/1134/1134 1133/1133/1133 1135/1135/1135
f 1737/1737/1737 1736/1736/1736 1734/1734/1734
f 1733/1733/1733 1732/1732/1732 312/312/312
f 1736/1736/1736 1735/1735/1735 1734/1734/1734
f 111/111/111 36/36/36 115/115/115
f 1310/1310/1310 1309/1309/1309 1119/1119/1119
f 3823/3823/3823 3822/3822/3822 1118/1118/1118
f 4016/4016/4016 4015/4015/4015 1231/1231/1231
f 331/331/331 1970/1970/1970 1969/1969/1969
f 954/954/954 955/955/955 953/953/953
f 1219/1219/1219 1216/1216/1216 1217/1217/1217
f 3356/3356/3356 3355/3355/3355 3354/3354/3354
f 3483/3483/3483 3482/3482/3482 3481/3481/3481
f 1339/1339/1339 1338/1338/1338 1337/1337/1337
f 36/36/36 49/49/49 115/115/115
f 1228/1228/1228 1229/1229/1229 4004/4004/4004
f 4008/4008/4008 4007/4007/4007 4006/4006/4006
f 4024/4024/4024 4023/4023/4023 4021/4021/4021
f 1229/1229/1229 4005/4005/4005 4004/4004/4004
f 4015/4015/4015 1122/1122/1122 1231/1231/1231
f 1226/1226/1226 4010/4010/4010 4009/4009/4009
f 1227/1227/1227 1226/1226/1226 4009/4009/4009
f 4020/4020/4020 4019/4019/4019 4017/4017/4017
f 4019/4019/4019 4018/4018/4018 4017/4017/4017
f 1230/1230/1230 4008/4008/4008 4006/4006/4006
f 4026/4026/4026 1238/1238/1238 4025/4025/4025
f 111/111/111 115/115/115 1474/1474/1474
f 1473/1473/1473 1472/1472/1472 1471/1471/1471
f 4023/4023/4023 4022/4022/4022 4021/4021/4021
f 1232/1232/1232 4012/4012/4012 4011/4011/4011
f 1372/1372/1372 1371/1371/1371 114/114/114
f 1371/1371/1371 38/38/38 114/114/114
f 1475/1475/1475 111/111/111 1474/1474/1474
f 172/172/172 1465/1465/1465 129/129/129
f 1352/1352/1352 1351/1351/1351 1350/1350/1350
f 17/17/17 12/12/12 18/18/18
f 17/17/17 18/18/18 16/16/16
f 15/15/15 17/17/17 16/16/16
f 1349/1349/1349 1348/1348/1348 1346/1346/1346
f 172/172/172 1582/1582/1582 1465/1465/1465
f 4024/4024/4024 4021/4021/4021 4036/4036/4036
f 296/296/296 280/280/280 1954/1954/1954
f 3527/3527/3527 3526/3526/3526 3525/3525/3525
f 1955/1955/1955 296/296/296 1954/1954/1954
f 724/724/724 723/723/723 722/722/722
f 2864/2864/2864 2863/2863/2863 2862/2862/2862
f 2865/2865/2865 2864/2864/2864 2862/2862/2862
f 2331/2331/2331 2330/2330/2330 498/498/498
f 1272/1272/1272 1281/1281/1281 4066/4066/4066
f 760/760/760 2941/2941/2941 2950/2950/2950
f 2247/2247/2247 2246/2246/2246 2244/2244/2244
f 444/444/444 445/445/445 439/439/439
f 704/704/704 703/703/703 702/702/702
f 2243/2243/2243 2242/2242/2242 442/442/442
f 2330/2330/2330 501/501/501 498/498/498
f 4083/4083/4083 1292/1292/1292 1258/1258/1258
f 2698/2698/2698 2697/2697/2697 2696/2696/2696
f 663/663/663 2698/2698/2698 2696/2696/2696
f 2246/2246/2246 2245/2245/2245 2244/2244/2244
f 2941/2941/2941 2951/2951/2951 2950/2950/2950
f 438/438/438 444/444/444 439/439/439
f 3142/3142/3142 3141/3141/3141 3140/3140/3140
f 762/762/762 2953/2953/2953 768/768/768
f 1582/1582/1582 1581/1581/1581 1465/1465/1465
f 2848/2848/2848 2847/2847/2847 2846/2846/2846
f 1443/1443/1443 1442/1442/1442 1440/1440/1440
f 2933/2933/2933 2932/2932/2932 2931/2931/2931
f 91/91/91 1406/1406/1406 1405/1405/1405
f 1285/1285/1285 1276/1276/1276 4057/4057/4057
f 2849/2849/2849 2848/2848/2848 2846/2846/2846
f 975/975/975 982/982/982 981/981/981
f 1585/1585/1585 1584/1584/1584 1583/1583/1583
f 1586/1586/1586 1585/1585/1585 1583/1583/1583
f 1442/1442/1442 1441/1441/1441 1440/1440/1440
f 976/976/976 975/975/975 981/981/981
f 3610/3610/3610 3609/3609/3609 3607/3607/3607
f 898/898/898 899/899/899 897/897/897
f 3272/3272/3272 3271/3271/3271 3269/3269/3269
f 3609/3609/3609 3608/3608/3608 3607/3607/3607
f 3594/3594/3594 3593/3593/3593 3591/3591/3591
f 3593/3593/3593 3592/3592/3592 3591/3591/3591
f 3286/3286/3286 3285/3285/3285 3283/3283/3283
f 3285/3285/3285 3284/3284/3284 3283/3283/3283
f 3271/3271/3271 3270/3270/3270 3269/3269/3269
f 901/901/901 900/900/900 903/903/903
f 904/904/904 901/901/901 903/903/903
f 2993/2993/2993 2992/2992/2992 2990/2990/2990
f 2992/2992/2992 2991/2991/2991 2990/2990/2990
f 892/892/892 894/894/894 891/891/891
f 3245/3245/3245 3244/3244/3244 3243/3243/3243
f 894/894/894 895/895/895 891/891/891
f 3246/3246/3246 3245/3245/3245 3243/3243/3243
f 3252/3252/3252 885/885/885 3251/3251/3251
f 885/885/885 886/886/886 3251/3251/3251
f 3162/3162/3162 3161/3161/3161 3159/3159/3159
f 3161/3161/3161 3160/3160/3160 3159/3159/3159
f 778/778/778 773/773/773 777/777/777
f 1044/1044/1044 3578/3578/3578 1007/1007/1007
f 3648/3648/3648 3647/3647/3647 3645/3645/3645
f 800/800/800 801/801/801 806/806/806
f 3090/3090/3090 3089/3089/3089 3088/3088/3088
f 817/817/817 824/824/824 823/823/823
f 865/865/865 872/872/872 871/871/871
f 3647/3647/3647 3646/3646/3646 3645/3645/3645
f 818/818/818 817/817/817 823/823/823
f 3091/3091/3091 3090/3090/3090 3088/3088/3088
f 3054/3054/3054 3053/3053/3053 3052/3052/3052
f 3055/3055/3055 3054/3054/3054 3052/3052/3052
f 807/807/807 800/800/800 806/806/806
f 3009/3009/3009 3008/3008/3008 3006/3006/3006
f 3008/3008/3008 3007/3007/3007 3006/3006/3006
f 786/786/786 787/787/787 783/783/783
f 784/784/784 786/786/786 783/783/783
f 3045/3045/3045 3044/3044/3044 3042/3042/3042
f 3044/3044/3044 3043/3043/3043 3042/3042/3042
f 793/793/793 792/792/792 795/795/795
f 796/796/796 793/793/793 795/795/795
f 3026/3026/3026 3025/3025/3025 3024/3024/3024
f 3027/3027/3027 3026/3026/3026 3024/3024/3024
f 2835/2835/2835 2834/2834/2834 2832/2832/2832
f 3174/3174/3174 3173/3173/3173 3172/3172/3172
f 2834/2834/2834 2833/2833/2833 2832/2832/2832
f 84/84/84 89/89/89 1353/1353/1353
f 859/859/859 863/863/863 862/862/862
f 3658/3658/3658 3657/3657/3657 3655/3655/3655
f 3657/3657/3657 3656/3656/3656 3655/3655/3655
f 3175/3175/3175 3174/3174/3174 3172/3172/3172
f 3577/3577/3577 3660/3660/3660 1046/1046/1046
f 3660/3660/3660 3659/3659/3659 1046/1046/1046
f 860/860/860 859/859/859 862/862/862
f 89/89/89 1674/1674/1674 1353/1353/1353
f 1015/1015/1015 1014/1014/1014 1039/1039/1039
f 3621/3621/3621 3620/3620/3620 3619/3619/3619
f 3622/3622/3622 3621/3621/3621 3619/3619/3619
f 92/92/92 93/93/93 88/88/88
f 93/93/93 24/24/24 88/88/88
f 93/93/93 1672/1672/1672 24/24/24
f 2895/2895/2895 737/737/737 747/747/747
f 2945/2945/2945 2944/2944/2944 2942/2942/2942
f 2961/2961/2961 2960/2960/2960 2958/2958/2958
f 2960/2960/2960 2959/2959/2959 2958/2958/2958
f 2852/2852/2852 2851/2851/2851 2850/2850/2850
f 2914/2914/2914 2913/2913/2913 753/753/753
f 2929/2929/2929 2928/2928/2928 2927/2927/2927
f 2940/2940/2940 2939/2939/2939 2937/2937/2937
f 3633/3633/3633 3632/3632/3632 3631/3631/3631
f 3634/3634/3634 3633/3633/3633 3631/3631/3631
f 2913/2913/2913 756/756/756 753/753/753
f 3108/3108/3108 3107/3107/3107 3106/3106/3106
f 3109/3109/3109 3108/3108/3108 3106/3106/3106
f 827/827/827 826/826/826 832/832/832
f 826/826/826 833/833/833 832/832/832
f 2930/2930/2930 2929/2929/2929 2927/2927/2927
f 2939/2939/2939 2938/2938/2938 2937/2937/2937
f 2853/2853/2853 2852/2852/2852 2850/2850/2850
f 720/720/720 714/714/714 719/719/719
f 761/761/761 767/767/767 766/766/766
f 2944/2944/2944 2943/2943/2943 2942/2942/2942
f 1674/1674/1674 1673/1673/1673 1353/1353/1353
f 815/815/815 809/809/809 814/814/814
f 809/809/809 810/810/810 814/814/814
f 3644/3644/3644 3643/3643/3643 1042/1042/1042
f 1043/1043/1043 3644/3644/3644 1042/1042/1042
f 866/866/866 865/865/865 871/871/871
f 713/713/713 708/708/708 712/712/712
f 3050/3050/3050 3049/3049/3049 3048/3048/3048
f 759/759/759 758/758/758 757/757/757
f 2857/2857/2857 2856/2856/2856 2854/2854/2854
f 2856/2856/2856 2855/2855/2855 2854/2854/2854
f 2893/2893/2893 2892/2892/2892 2891/2891/2891
f 3219/3219/3219 3218/3218/3218 3216/3216/3216
f 2894/2894/2894 2893/2893/2893 2891/2891/2891
f 3218/3218/3218 3217/3217/3217 3216/3216/3216
f 3203/3203/3203 3202/3202/3202 880/880/880
f 3202/3202/3202 883/883/883 880/880/880
f 2911/2911/2911 2910/2910/2910 2909/2909/2909
f 2878/2878/2878 2877/2877/2877 743/743/743
f 3236/3236/3236 3235/3235/3235 3233/3233/3233
f 2912/2912/2912 2911/2911/2911 2909/2909/2909
f 2877/2877/2877 746/746/746 743/743/743
f 3235/3235/3235 3234/3234/3234 3233/3233/3233
f 3221/3221/3221 3220/3220/3220 884/884/884
f 3220/3220/3220 874/874/874 884/884/884
f 2896/2896/2896 2895/2895/2895 747/747/747
f 4144/4144/4144 4143/4143/4143 4142/4142/4142
f 4145/4145/4145 4144/4144/4144 4142/4142/4142
f 1294/1294/1294 1297/1297/1297 1248/1248/1248
f 1249/1249/1249 1294/1294/1294 1248/1248/1248
f 749/749/749 750/750/750 748/748/748
f 4058/4058/4058 1285/1285/1285 4057/4057/4057
f 831/831/831 830/830/830 829/829/829
f 765/765/765 764/764/764 763/763/763
f 4070/4070/4070 4069/4069/4069 4068/4068/4068
f 4071/4071/4071 4070/4070/4070 4068/4068/4068
f 1275/1275/1275 1278/1278/1278 4056/4056/4056
f 1971/1971/1971 331/331/331 1969/1969/1969
f 19/19/19 20/20/20 11/11/11
f 20/20/20 13/13/13 11/11/11
f 1345/1345/1345 1344/1344/1344 1342/1342/1342
f 1344/1344/1344 1343/1343/1343 1342/1342/1342
f 3479/3479/3479 3485/3485/3485 3484/3484/3484
f 983/983/983 3479/3479/3479 3484/3484/3484
f 3494/3494/3494 3493/3493/3493 3492/3492/3492
f 3495/3495/3495 3494/3494/3494 3492/3492/3492
f 1153/1153/1153 1158/1158/1158 1154/1154/1154
f 1158/1158/1158 1157/1157/1157 1154/1154/1154
f 3503/3503/3503 3502/3502/3502 3500/3500/3500
f 3502/3502/3502 3501/3501/3501 3500/3500/3500
f 3949/3949/3949 3948/3948/3948 3947/3947/3947
f 997/997/997 998/998/998 996/996/996
f 3907/3907/3907 3906/3906/3906 3904/3904/3904
f 3906/3906/3906 3905/3905/3905 3904/3904/3904
f 3901/3901/3901 1214/1214/1214 1213/1213/1213
f 3556/3556/3556 3555/3555/3555 3553/3553/3553
f 3555/3555/3555 3554/3554/3554 3553/3553/3553
f 1214/1214/1214 1210/1210/1210 1213/1213/1213
f 3353/3353/3353 3352/3352/3352 3350/3350/3350
f 3462/3462/3462 3461/3461/3461 3459/3459/3459
f 3461/3461/3461 3460/3460/3460 3459/3459/3459
f 3438/3438/3438 3437/3437/3437 3435/3435/3435
f 3437/3437/3437 3436/3436/3436 3435/3435/3435
f 3535/3535/3535 3534/3534/3534 3532/3532/3532
f 3394/3394/3394 3393/3393/3393 3392/3392/3392
f 3524/3524/3524 3523/3523/3523 3522/3522/3522
f 3521/3521/3521 3520/3520/3520 995/995/995
f 3867/3867/3867 3866/3866/3866 1175/1175/1175
f 3946/3946/3946 3945/3945/3945 3943/3943/3943
f 3945/3945/3945 3944/3944/3944 3943/3943/3943
f 3862/3862/3862 1176/1176/1176 1177/1177/1177
f 3863/3863/3863 3862/3862/3862 1177/1177/1177
f 3869/3869/3869 3868/3868/3868 1178/1178/1178
f 3870/3870/3870 3869/3869/3869 1178/1178/1178
f 3878/3878/3878 1179/1179/1179 3935/3935/3935
f 1179/1179/1179 3936/3936/3936 3935/3935/3935
f 326/326/326 325/325/325 297/297/297
f 326/326/326 297/297/297 1870/1870/1870
f 323/323/323 326/326/326 1870/1870/1870

usemtl Houses111subMesh2
f 1795/1795/1795 1794/1794/1794 313/313/313
f 1998/1998/1998 1795/1795/1795 313/313/313
f 218/218/218 1810/1810/1810 1808/1808/1808
f 1810/1810/1810 1809/1809/1809 1808/1808/1808
f 1782/1782/1782 1781/1781/1781 1780/1780/1780
f 1783/1783/1783 1782/1782/1782 1780/1780/1780
f 98/98/98 1392/1392/1392 47/47/47
f 98/98/98 1667/1667/1667 1392/1392/1392
f 218/218/218 1875/1875/1875 1810/1810/1810
f 1791/1791/1791 1759/1759/1759 1757/1757/1757
f 1759/1759/1759 1758/1758/1758 1757/1757/1757
f 1756/1756/1756 1759/1759/1759 1791/1791/1791
f 1755/1755/1755 1756/1756/1756 1791/1791/1791
f 1755/1755/1755 1754/1754/1754 1753/1753/1753
f 1756/1756/1756 1755/1755/1755 1753/1753/1753
f 1835/1835/1835 1834/1834/1834 1832/1832/1832
f 1834/1834/1834 1833/1833/1833 1832/1832/1832
f 1758/1758/1758 304/304/304 1757/1757/1757
f 35/35/35 73/73/73 1376/1376/1376
f 73/73/73 1377/1377/1377 1376/1376/1376
f 1446/1446/1446 1445/1445/1445 1444/1444/1444
f 1445/1445/1445 130/130/130 1444/1444/1444
f 1393/1393/1393 98/98/98 47/47/47
