# OBJ created via Mesh Extractor by KAMGAM
mtllib HousesCrashedBridge2.mtl
o Mesh
v -1.126526 3.369570 -2.423706
v -2.424011 3.632288 -4.271210
v -0.752808 3.726929 -3.446533
v 1.924805 3.418468 -1.586090
v 2.223511 3.505924 -2.314728
v 4.201050 3.458399 -0.967499
v 6.987427 3.020025 1.905441
v 4.193298 2.759224 1.021423
v 5.416077 3.023312 1.030945
v 2.619995 2.921814 -0.164825
v 0.907105 3.260363 -1.850967
v 1.845276 3.250591 -1.500824
v -8.701233 1.239000 1.626862
v -8.824951 1.610817 1.578278
v -8.582764 1.481886 0.565231
v -9.099854 1.729221 -0.772049
v -9.066467 1.955853 -0.102158
v -9.180359 2.049040 -0.559006
v -9.200012 1.139977 1.861237
v -10.276730 1.473501 1.483093
v -9.269165 1.521057 1.787338
v -7.975281 1.118286 2.584518
v -7.118835 1.248487 2.346786
v -7.857971 1.394690 2.723892
v -5.718506 3.195751 -6.087769
v -0.917969 5.412510 -7.410583
v -2.424011 3.632288 -4.271210
v -4.359802 5.387012 -8.985199
v -0.917969 5.412510 -7.410583
v -0.752808 3.726929 -3.446533
v -2.424011 3.632288 -4.271210
v 0.327637 5.366425 -6.836929
v -2.583252 6.762066 -10.084060
v -4.359802 5.387012 -8.985199
v -3.647217 6.792305 -10.676420
v -2.423462 6.415638 -9.494476
v -0.917969 5.412510 -7.410583
v -0.624329 6.071716 -8.187546
v 0.327637 5.366425 -6.836929
v 0.193543 6.119274 -7.919434
v 2.086426 5.264568 -6.022446
v 1.101074 6.518715 -8.129135
v 2.738770 6.543083 -7.568054
v -1.126526 3.369570 -2.423706
v 0.576599 3.393414 -2.840210
v -0.001160 3.200361 -1.709641
v -0.752808 3.726929 -3.446533
v -0.752808 3.726929 -3.446533
v 2.086426 5.264568 -6.022446
v 0.576599 3.393414 -2.840210
v 0.327637 5.366425 -6.836929
v -4.456238 2.777569 -2.669968
v -6.680176 2.603588 -4.171738
v -4.174805 2.543716 -0.755066
v -3.393005 2.884888 -2.327148
v -1.239746 2.585196 0.762833
v -3.410034 2.134907 2.776077
v -4.636108 2.052729 2.488297
v -7.492615 2.190365 -2.511597
v -6.267761 2.009335 0.439652
v -6.604065 1.983681 0.173889
v -7.305237 1.843071 0.286606
v -8.532532 1.473616 1.698883
v -9.350708 1.369635 1.268585
v -9.123169 1.325861 2.258087
v -9.742432 1.236715 2.052521
v -6.118958 1.810211 2.457458
v -6.687683 1.765812 1.925110
v -6.657104 1.733583 2.307343
v -5.887146 1.824518 2.716919
v -5.286987 1.924408 2.720352
v -4.636108 2.052729 2.488297
v -1.239746 2.585196 0.762833
v -3.393005 2.884888 -2.327148
v -2.717407 2.951216 -2.104111
v -0.001160 3.200361 -1.709641
v -1.219360 3.169743 -2.229202
v -3.157776 2.070683 3.215652
v -1.239746 2.585196 0.762833
v -2.585144 2.019453 3.489578
v -3.410034 2.134907 2.776077
v 4.201050 3.458399 -0.967499
v 5.796265 5.084221 -4.297928
v 7.681396 3.019629 0.613312
v 9.224365 5.066864 -2.757080
v 4.201050 3.458399 -0.967499
v 3.929871 5.152840 -5.165131
v 5.796265 5.084221 -4.297928
v 2.223511 3.505924 -2.314728
v 2.767273 5.221283 -5.706070
v 1.246155 3.378487 -2.503967
v 4.638672 6.128380 -6.284637
v 2.767273 5.221283 -5.706070
v 3.429749 6.508030 -7.271927
v 3.929871 5.152840 -5.165131
v 5.796265 5.084221 -4.297928
v 6.286011 6.146748 -5.656448
v 8.031433 6.308277 -5.105225
v 9.224365 5.066864 -2.757080
v 9.675842 6.076439 -3.904510
v 1.246155 3.378487 -2.503967
v 1.924805 3.418468 -1.586090
v 2.223511 3.505924 -2.314728
v 4.193298 2.759224 1.021423
v 6.987427 3.020025 1.905441
v 5.845764 2.103857 4.325958
v 3.493774 2.793518 0.490341
v 3.493774 2.793518 0.490341
v 5.845764 2.103857 4.325958
v 2.461121 2.261520 2.577393
v 2.619995 2.921814 -0.164825
v 0.907105 3.260363 -1.850967
v -0.559265 2.510717 1.097153
v 1.118347 1.655979 5.310150
v -1.752869 1.840580 4.269302
v -1.952515 1.915436 3.923447
v 0.432556 1.610527 5.357574
v -0.979919 1.605881 5.536865
v -0.012024 1.567629 5.703110
v -1.885986 1.718262 5.099167
v -1.732056 1.645061 5.508850
v 4.984619 2.071861 4.574219
v 5.845764 2.103857 4.325958
v 5.481506 1.984123 5.053696
v 2.461121 2.261520 2.577393
v 3.498291 2.093735 4.387573
v 2.461121 2.261520 2.577393
v 3.498291 2.093735 4.387573
v 1.118347 1.655979 5.310150
v 2.630432 1.868879 5.336548
v -3.589600 1.895943 3.359268
v -3.353638 1.618809 4.249939
v -4.362793 1.564163 3.279099
v -3.249329 1.872776 3.782364
v -2.707214 1.658115 4.872192
v -2.877380 1.884310 4.163605
v -4.677307 1.225437 3.715652
v -4.362793 1.564163 3.279099
v -3.353638 1.618809 4.249939
v -4.500122 0.978367 4.477219
v -3.697510 1.255236 4.711151
v -3.127258 1.293753 5.250931
v -2.707214 1.658115 4.872192
v -2.748779 1.476921 5.246109
v -4.500122 0.978367 4.477219
v -4.595093 0.763462 3.463547
v -4.677307 1.225437 3.715652
v -4.396545 0.486473 4.316696
v -4.677307 1.225437 3.715652
v -4.242676 1.142967 2.974487
v -4.362793 1.564163 3.279099
v -4.595093 0.763462 3.463547
v -8.000488 1.296198 3.153915
v -7.975281 1.118286 2.584518
v -7.857971 1.394690 2.723892
v -8.170288 0.994755 3.117249
v -7.857971 1.394690 2.723892
v -7.499878 1.277981 3.486877
v -8.000488 1.296198 3.153915
v -7.184570 1.494490 2.548492
v -6.707520 1.483496 2.832352
v -6.737793 1.437519 3.047028
v -7.099121 1.327963 3.425659
v -6.759033 1.313309 3.660126
v -6.511414 1.373291 3.476013
v -6.591492 1.323536 3.687103
v -6.737793 1.437519 3.047028
v -6.300781 1.102724 3.463638
v -6.511414 1.373291 3.476013
v -6.571838 1.181044 2.944321
v -6.759033 1.313309 3.660126
v -7.041199 1.041428 3.421280
v -7.099121 1.327963 3.425659
v -6.619812 1.025990 3.697983
v -7.499878 1.277981 3.486877
v -8.170288 0.994755 3.117249
v -8.000488 1.296198 3.153915
v -7.549622 0.976219 3.509628
v 3.886902 1.871336 6.709106
v 4.190735 1.988689 6.065079
v 4.331055 1.904171 6.419815
v 3.248108 1.904362 6.577057
v 3.423035 2.050066 5.960251
v 4.222351 2.055538 5.740448
v 3.885986 2.138361 5.477905
v 3.950806 1.809799 5.287689
v 3.885986 2.138361 5.477905
v 3.397766 1.698280 5.865143
v 3.423035 2.050066 5.960251
v 3.949707 1.506187 6.759521
v 3.248108 1.904362 6.577057
v 3.886902 1.871336 6.709106
v 3.188538 1.523489 6.603119
v -9.703491 1.685089 0.767609
v -9.269165 1.521057 1.787338
v -10.276730 1.473501 1.483093
v -8.824951 1.610817 1.578278
v -9.177063 1.878334 0.177139
v -8.719543 1.828239 0.632324
v -10.027280 1.844458 -0.142212
v -8.972107 1.624739 -0.259110
v -9.177063 1.878334 0.177139
v -9.066467 1.955853 -0.102158
v -9.096191 1.536957 0.054550
v -0.716003 6.760056 -9.464584
v -0.113098 6.863674 -9.406860
v -0.391602 6.410099 -8.693054
v -1.119690 6.725628 -9.577591
v -1.167236 6.330757 -8.880341
v -1.146118 6.327995 -8.865570
v -1.633179 6.760250 -9.880402
v -1.840881 6.420155 -9.350082
v -2.033875 6.682495 -9.929840
v 0.321228 6.395054 -8.387985
v -0.391602 6.410099 -8.693054
v -0.113098 6.863674 -9.406860
v 0.587158 7.164925 -9.687820
v 0.178284 7.117462 -9.762146
v 1.244141 6.978432 -9.108597
v 1.181335 6.826977 -8.851608
v 0.208618 6.793636 -10.059940
v -0.298462 5.968933 -8.761002
v 0.783508 6.876431 -9.986725
v 0.466126 5.952599 -8.433167
v 1.388611 6.416763 -8.930328
v 1.483643 6.645638 -9.318924
v -0.067383 6.580708 -9.781937
v -0.298462 5.968933 -8.761002
v 0.208618 6.793636 -10.059940
v -0.577393 6.473305 -9.793976
v -1.061768 6.449871 -9.963501
v -1.130310 5.883877 -8.962219
v -1.107605 5.880623 -8.946396
v -1.572876 6.438377 -10.181550
v -1.852783 5.978775 -9.466400
v -2.101807 6.317699 -10.214680
v -2.748779 1.476921 5.246109
v -2.858582 0.839342 5.183441
v -3.127258 1.293753 5.250931
v -2.434570 1.044586 5.178085
v -3.697510 1.255236 4.711151
v -4.396545 0.486473 4.316696
v -4.500122 0.978367 4.477219
v -3.497314 0.795996 4.578842
v -2.858582 0.839342 5.183441
v -3.497314 0.795996 4.578842
v -3.127258 1.293753 5.250931
v -3.697510 1.255236 4.711151
v -2.877380 1.884310 4.163605
v -2.387939 1.247602 4.759201
v -2.707214 1.658115 4.872192
v -2.578613 1.501026 3.965439
v -2.387939 1.247602 4.759201
v -2.434570 1.044586 5.178085
v -2.707214 1.658115 4.872192
v -2.748779 1.476921 5.246109
v 2.996338 1.669125 5.842575
v 3.085571 2.039610 5.940384
v 2.684265 1.550566 6.266113
v 2.824646 1.941092 6.294403
v 3.085571 2.039610 5.940384
v 3.248108 1.904362 6.577057
v 2.824646 1.941092 6.294403
v 3.423035 2.050066 5.960251
v -7.041199 1.041428 3.421280
v -7.549622 0.976219 3.509628
v -7.099121 1.327963 3.425659
v -7.499878 1.277981 3.486877
v -6.591492 1.323536 3.687103
v -6.619812 1.025990 3.697983
v -6.759033 1.313309 3.660126
v -6.409241 1.040279 3.725540
v -6.511414 1.373291 3.476013
v -6.409241 1.040279 3.725540
v -6.591492 1.323536 3.687103
v -6.300781 1.102724 3.463638
v -9.200012 1.139977 1.861237
v -9.269165 1.521057 1.787338
v -8.701233 1.239000 1.626862
v -8.824951 1.610817 1.578278
v -6.619812 1.025990 3.697983
v -6.300781 1.102724 3.463638
v -7.041199 1.041428 3.421280
v -6.571838 1.181044 2.944321
v -6.526123 1.238661 2.679672
v -7.549622 0.976219 3.509628
v -7.118835 1.248487 2.346786
v -8.170288 0.994755 3.117249
v -7.975281 1.118286 2.584518
v 3.949707 1.506187 6.759521
v 3.886902 1.871336 6.709106
v 4.479858 1.553940 6.412857
v 4.331055 1.904171 6.419815
v 4.313538 1.644089 5.989227
v 3.188538 1.523489 6.603119
v 3.949707 1.506187 6.759521
v 3.397766 1.698280 5.865143
v 4.352722 1.714087 5.601563
v 3.950806 1.809799 5.287689
v 2.996338 1.669125 5.842575
v 3.188538 1.523489 6.603119
v 3.397766 1.698280 5.865143
v 2.684265 1.550566 6.266113
v 0.051575 1.415110 6.400711
v -0.796753 1.445282 5.696121
v -0.726502 1.360744 6.179245
v -0.651184 1.501118 5.500565
v 0.674316 1.561995 6.027191
v -0.199341 1.676361 4.893097
v 1.607666 2.158422 3.613281
v 2.067383 2.101242 4.161560
v 1.465271 1.628099 6.163818
v 2.073120 1.866089 5.327271
v -3.589600 1.895943 3.359268
v -2.995361 1.488131 3.538330
v -3.249329 1.872776 3.782364
v -3.376587 1.514341 3.064301
v 2.684265 1.550566 6.266113
v 2.824646 1.941092 6.294403
v 3.188538 1.523489 6.603119
v 3.248108 1.904362 6.577057
v -6.707520 1.483496 2.832352
v -6.571838 1.181044 2.944321
v -6.737793 1.437519 3.047028
v -6.526123 1.238661 2.679672
v -7.184570 1.494490 2.548492
v -6.526123 1.238661 2.679672
v -6.707520 1.483496 2.832352
v -7.118835 1.248487 2.346786
v -3.249329 1.872776 3.782364
v -2.578613 1.501026 3.965439
v -2.877380 1.884310 4.163605
v -2.995361 1.488131 3.538330
v -4.362793 1.564163 3.279099
v -3.376587 1.514341 3.064301
v -3.589600 1.895943 3.359268
v -4.242676 1.142967 2.974487
v -3.845886 1.830370 1.157883
v -4.504700 1.482649 2.815567
v -4.565002 1.328053 2.745865
v -2.585144 2.019453 3.489578
v -1.921814 0.966188 3.335587
v -2.721191 0.977942 3.334976
v -1.921814 0.966188 3.335587
v -2.585144 2.019453 3.489578
v -1.959229 1.916603 3.918884
v -1.752869 1.840580 4.269302
v -1.616333 0.905296 3.579880
v -1.952515 1.915436 3.923447
v -1.953003 1.899199 3.912628
v -1.616333 0.905296 3.579880
v -1.921814 0.966188 3.335587
v 2.245544 0.726715 5.119095
v 2.630432 1.868879 5.336548
v 2.755615 0.820488 4.990356
v 4.763000 1.137293 4.105804
v 4.984619 2.071861 4.574219
v 5.316345 1.022821 4.663956
v 10.338680 5.460083 -1.943253
v 10.120300 6.393105 -1.306458
v 10.431150 5.460846 -1.901901
v 8.231934 3.139812 0.930618
v 7.089539 3.250652 1.737045
v 7.672852 3.216352 0.671768
v 4.509338 3.497438 10.371890
v 4.537903 3.736008 10.034300
v 4.522583 4.007683 10.690220
v 4.484253 3.298313 10.362350
v 4.537903 3.736008 10.034300
v 4.509338 3.497438 10.371890
v 4.537903 3.736008 10.034300
v 4.484253 3.298313 10.362350
v 4.587219 2.822023 10.007600
v 5.674316 2.447531 8.050568
v 4.462219 1.945271 8.374557
v 5.170227 2.360870 7.926605
v -6.676147 2.823236 -4.315994
v -6.316833 3.260223 -6.324509
v -5.789124 3.371391 -6.063705
v -11.005620 1.007410 1.884476
v -10.379700 1.326565 1.859634
v -10.346370 1.147997 1.847870
v -7.943726 1.578222 1.732330
v -7.845398 1.441820 1.927444
v -8.001648 1.384764 1.634323
v -7.456299 1.130911 2.616959
v -7.521057 0.862732 2.647842
v -6.761292 1.241678 2.071564
v -9.519470 3.543627 -3.025162
v -9.422668 3.558403 -2.974335
v -9.307312 2.408861 -3.099197
v -7.685608 3.485607 -6.798508
v -7.839294 3.474197 -6.885925
v -6.538147 5.910297 -9.507019
v -3.230957 6.066208 -11.094650
v -3.200500 6.282410 -11.034210
v -3.494629 5.779037 -9.898926
v -3.200500 6.282410 -11.034210
v -2.950928 6.241283 -11.023120
v -3.463989 5.988564 -9.812073
v -5.273254 8.353142 -12.491390
v -5.931824 7.078110 -10.937290
v -5.327515 8.535599 -12.388080
v -2.017883 5.850609 -9.707855
v -1.141785 5.794624 -9.187042
v -2.423462 6.415638 -9.494476
v -2.749390 6.346848 -10.718950
v -3.647217 6.792305 -10.676420
v -3.584900 6.063683 -10.749480
v 2.955322 6.490513 -7.386551
v 3.281006 6.153946 -7.844116
v 3.429749 6.508030 -7.271927
v 3.487488 6.338940 -7.566467
v 3.702698 6.311802 -7.563385
v 3.330078 5.762650 -6.650894
v 1.827148 7.147400 -8.755936
v 1.763977 7.136349 -9.000443
v 1.980103 6.970039 -8.779388
v 9.022461 5.750916 -4.953690
v 9.743286 5.531693 -4.318298
v 9.675842 6.076439 -3.904510
v 9.062439 2.982294 3.159042
v 9.512634 1.599602 3.103699
v 9.242004 3.025997 3.252747
v 4.817566 3.708544 10.057590
v 4.801575 3.381464 10.333820
v 4.790100 3.968990 10.711880
v 4.758606 3.150532 10.353640
v 4.817566 3.708544 10.057590
v 4.842346 2.792728 10.103490
v 4.817566 3.708544 10.057590
v 4.758606 3.150532 10.353640
v 4.801575 3.381464 10.333820
v 3.800049 1.109720 3.962250
v 2.630432 1.868879 5.336548
v 3.498291 2.093735 4.387573
v 7.028503 0.632624 8.307617
v 8.501343 0.853380 5.452744
v 7.178711 0.661030 8.309601
v 7.907471 0.391420 4.246719
v 3.862000 0.282402 2.158386
v 8.003296 -0.108934 4.207031
v 4.951843 0.566469 7.836304
v 5.411316 0.079626 7.927765
v 5.048889 0.037346 7.801331
v 6.211609 1.035185 7.592453
v 4.951843 0.566469 7.836304
v 4.871643 0.847038 7.909485
v 6.617676 -0.601009 8.145859
v 8.186035 -0.287315 5.079773
v 6.649475 -0.749115 8.127823
v 10.161930 0.331505 0.892273
v 10.189510 0.182615 0.863968
v 11.953130 2.639851 -3.467514
v 11.997560 2.506498 -3.552231
v 9.677185 3.758507 1.754654
v 9.525024 3.747480 1.663452
v 11.190490 5.657082 -1.421387
v 10.458370 1.549845 1.383591
v 12.123780 3.776653 -2.522125
v 10.569640 1.565481 1.461502
v 10.809810 6.068840 -2.434326
v 11.548710 5.489162 -1.396301
v 10.575200 5.463379 -1.838287
v 12.273440 6.821636 -3.824646
v 12.893430 5.768833 -4.581406
v 12.705080 5.761784 -4.667725
v 12.761540 5.865940 -4.799408
v 12.518190 6.932846 -3.870026
v 12.329900 6.925789 -3.956314
v 11.757390 5.244171 -1.504425
v 12.254390 6.639832 -3.081604
v 11.633610 5.238785 -1.561310
v 11.633610 5.238785 -1.561310
v 10.165890 3.297916 1.898727
v 11.757390 5.244171 -1.504425
v 10.564940 6.594086 -1.369583
v 10.464050 6.588558 -1.414108
v 10.863770 5.664085 -1.925079
v 8.528931 0.714655 5.438675
v 8.648499 0.733862 5.501511
v 10.496520 1.373817 1.342163
v 8.648499 0.733862 5.501511
v 7.059631 0.483494 8.290375
v 7.211914 0.511839 8.288391
v 8.555481 0.581108 5.425217
v 6.420715 0.236698 7.581863
v 7.108582 0.343426 8.236725
v 2.960266 1.916735 6.752075
v 3.111145 1.736679 6.806656
v 2.906799 1.708349 6.691422
v 10.985410 2.001446 0.044067
v 10.904910 1.930485 0.225876
v 10.591060 3.509548 0.586884
v 12.880310 4.920147 -4.306793
v 11.020080 4.850479 -5.159286
v 12.223210 3.473579 -2.708176
v 4.462219 1.945271 8.374557
v 4.492065 2.264378 8.226486
v 5.170227 2.360870 7.926605
v 3.872192 5.534344 -5.851196
v 4.324463 6.123566 -7.562378
v 4.461121 6.220398 -7.441406
v 3.362915 6.436203 -8.132034
v 3.576599 6.601173 -8.176270
v 3.383423 6.615662 -8.084244
v 2.757996 6.655922 -8.791092
v 3.021362 6.444153 -8.892929
v 2.975769 6.620461 -8.718048
v 2.437866 6.701721 -8.543518
v 2.382324 6.705338 -8.750229
v 2.499207 6.516300 -8.554001
v -0.331177 6.140186 -9.814606
v -0.258179 6.342148 -9.656967
v -0.962708 5.325165 -8.208313
v -1.747681 6.518497 -9.943359
v -1.575867 6.304577 -9.917847
v -2.189453 5.838783 -8.767227
v 0.040283 6.299164 -10.132400
v 0.249207 6.292625 -10.036210
v -0.903076 4.416294 -7.886475
v -2.118347 6.496250 -9.910919
v -2.007446 6.405357 -10.069850
v -1.957031 6.508450 -9.809525
v -9.079834 3.651814 -3.079559
v -8.867188 2.515360 -3.153885
v -8.983032 3.666540 -3.028732
v -3.338745 6.179405 -11.700260
v -3.285400 6.399414 -11.709120
v -3.230957 6.066208 -11.094650
v 8.064270 -1.783123 7.209702
v 8.061340 -1.931595 7.213440
v 7.376953 -1.721231 7.211945
v -7.216492 -0.016764 4.342453
v -7.044067 -0.331099 4.125290
v -6.359924 0.528889 3.432526
v 7.529907 6.556229 -6.138489
v 7.765991 6.454239 -6.265747
v 7.713013 6.546242 -6.081818
v 6.474121 5.392780 -6.528137
v 6.800598 5.385399 -6.404007
v 6.376831 5.735710 -6.204498
v -0.324951 6.530830 -10.451970
v 0.051575 6.654209 -10.481700
v -0.212647 6.756599 -10.367690
v -1.378113 5.846172 -9.548584
v -1.226379 5.641754 -9.529694
v -1.795898 5.717781 -8.704559
v -3.757813 6.489079 -10.982850
v -3.973206 6.334682 -11.086720
v -3.917664 5.894199 -10.045240
v -3.970520 6.494911 -10.983510
v -3.881958 6.750191 -11.590270
v -3.757813 6.489079 -10.982850
v -2.950928 6.241283 -11.023120
v -3.230957 6.066208 -11.094650
v -3.224365 5.930908 -9.759552
v -2.254150 8.093987 -11.681560
v -2.320923 7.939373 -11.843690
v -2.103333 7.931534 -11.751540
v -3.056946 8.081825 -13.118090
v -3.239136 8.159958 -13.056380
v -3.231934 7.974850 -13.150120
v 3.907166 5.527897 -9.719635
v 4.168945 5.527012 -9.609909
v 4.037964 5.763638 -9.730530
v 5.966980 4.694672 -9.506439
v 5.963074 4.915886 -9.629410
v 5.826660 4.734962 -9.711151
v 5.168945 5.179253 -6.608627
v 5.392212 4.620190 -6.745361
v 5.957520 4.117649 -4.737915
v 0.498596 5.319588 -8.583664
v -0.464661 5.256748 -8.892914
v -0.633057 4.542568 -7.984985
v -0.929138 6.523525 -11.689150
v -0.671326 6.544868 -11.577970
v -0.825134 6.776764 -11.645780
v -0.827820 6.029243 -10.709790
v -0.581299 6.051426 -10.681900
v -0.733215 6.257233 -10.700930
v -4.641052 4.495033 -9.822098
v -4.381165 3.726362 -10.320400
v -6.056335 2.072792 -6.606689
v 10.733460 7.611980 -5.481567
v 10.437500 7.457336 -5.747620
v 10.765080 7.416870 -5.490402
v 13.304020 6.849789 -6.067078
v 13.753720 6.613831 -6.351135
v 13.560420 6.859585 -5.949356
v 12.333010 6.173759 -6.773254
v 12.133970 5.399204 -5.972702
v 12.464480 6.106674 -6.751740
v 12.291320 6.359406 -6.697617
v 11.994260 5.452137 -5.975281
v 12.333010 6.173759 -6.773254
v 11.421450 6.534367 -7.717667
v 11.370730 6.731449 -7.855072
v 11.216430 6.548412 -7.902313
v 11.330380 6.134739 -7.298279
v 11.273250 6.346859 -7.401199
v 11.153380 6.146870 -7.457718
v 10.719240 6.329849 -5.798248
v 10.834720 6.149029 -5.903168
v 10.201540 5.968014 -4.706039
v -3.916748 0.648846 4.989227
v -4.121216 0.810024 4.922836
v -3.396423 1.105158 4.027328
v -7.063660 -0.008635 4.512619
v -6.175842 0.556732 3.569489
v -6.930237 -0.184509 4.317535
v -1.599060 1.587671 5.941956
v -1.494873 1.422281 6.134109
v -1.659180 1.405169 5.845078
v -2.013123 1.295080 5.468033
v -1.928162 1.162512 5.637421
v -1.985596 1.136135 5.365753
v -2.260986 1.051128 5.612015
v -2.402832 0.790447 5.551620
v -2.466187 1.046434 5.517181
v 2.118103 0.564064 6.604874
v 1.953430 0.786133 6.632278
v 2.326721 1.154097 5.960968
v 0.750061 0.510424 6.589035
v 0.352234 0.471146 6.636490
v 0.532776 0.697142 6.634659
v -4.021851 0.854160 -0.692261
v -3.079590 1.017212 2.607437
v -2.854492 0.416996 2.762650
v -4.885498 1.379997 3.238571
v -4.779480 1.222698 3.363235
v -4.928162 1.251232 3.116379
v -6.850037 1.414120 4.225250
v -6.698730 1.267534 4.236176
v -6.876831 1.233477 4.131805
v -8.186890 0.944355 3.291779
v -8.203125 1.223848 3.324188
v -8.062927 1.061394 3.507111
v -11.005620 1.007410 1.884476
v -10.346370 1.147997 1.847870
v -10.060300 0.120171 1.600632
v -11.708740 1.391203 2.245102
v -12.099980 0.793913 1.457886
v -12.212460 1.342070 1.622849
v -11.463990 0.163666 1.357971
v -11.649840 0.293852 1.297485
v -11.020630 0.469011 0.477249
v -11.720340 0.439585 2.021667
v -11.925720 0.538948 1.937027
v -10.986760 0.781599 0.540360
v -11.708740 1.391203 2.245102
v -11.456240 0.920656 1.708771
v -12.099980 0.793913 1.457886
v -9.415894 1.545113 1.263428
v -9.742432 1.236715 2.052521
v -9.801880 1.413113 2.036270
v -7.492615 2.190365 -2.511597
v -9.350708 1.369635 1.268585
v -7.558655 2.370705 -2.516830
v -6.680176 2.603588 -4.171738
v -6.676147 2.823236 -4.315994
v -4.121216 0.810024 4.922836
v -4.054810 0.617088 4.794144
v -3.585632 1.267126 3.923737
v -0.023743 -0.918421 6.635147
v -0.091187 -0.797012 6.828766
v 0.111328 -0.954510 6.842834
v -0.775330 0.013632 6.907455
v -1.020630 -0.000488 6.867599
v -0.967224 0.169210 7.014832
v -9.254517 0.443386 -3.854858
v -9.703491 1.856762 -3.860519
v -9.521851 1.886793 -3.765381
v -6.425354 5.823124 -10.785050
v -5.991760 4.832359 -11.650910
v -6.370117 5.929565 -10.915410
v -5.688843 7.026649 -12.003890
v -5.445557 6.041096 -12.952770
v -5.877380 7.019257 -12.089830
v -5.719727 8.161636 -12.686740
v -6.439941 6.739212 -11.347780
v -5.852234 8.140594 -12.723500
v -6.236877 5.830509 -10.699110
v -6.046997 4.725918 -11.520540
v -6.425354 5.823124 -10.785050
v -8.645691 2.607180 -6.063828
v -8.418030 0.990809 -6.072662
v -8.344788 1.039265 -6.229370
v -8.645691 2.607180 -6.063828
v -8.344788 1.039265 -6.229370
v -8.463013 2.631115 -5.968918
v -7.839294 3.474197 -6.885925
v -7.797363 3.271526 -6.942337
v -6.700012 5.903954 -9.580811
v -7.782288 4.571201 -6.382553
v -7.684265 4.587311 -6.334869
v -6.479065 6.647308 -8.875565
v -9.655029 0.134644 -3.916412
v -9.535339 0.153256 -3.853577
v -11.326110 -0.551977 -0.534042
v 4.483215 1.619957 -1.390396
v 6.040894 3.443844 -4.957367
v 4.372742 2.245310 -1.266205
v 4.483215 1.619957 -1.390396
v 6.248779 3.441528 -4.860809
v 6.040894 3.443844 -4.957367
v -4.932556 -0.588678 4.749878
v -5.007629 -0.507401 4.969711
v -4.791565 -0.637381 4.950195
v 3.382019 1.690722 5.984497
v 2.906799 1.708349 6.691422
v 3.111145 1.736679 6.806656
v 2.926819 3.598930 -6.811813
v 2.803589 3.351692 -6.518158
v 6.254822 3.455425 -5.256058
v -5.758911 5.120327 -12.373200
v -5.886780 5.108219 -12.420930
v -5.230896 6.472336 -13.558880
v -5.821899 5.292198 -12.249730
v -5.121460 6.410664 -13.201320
v -5.565979 5.300201 -12.130890
v -5.886780 5.108219 -12.420930
v -6.343384 3.980490 -10.990040
v -6.467468 3.975075 -11.046570
v 11.417480 3.584181 -3.701599
v 7.189270 3.206490 -5.333603
v 7.314514 3.439934 -5.626495
v -0.893250 1.299860 5.580460
v -1.659180 1.405169 5.845078
v -1.494873 1.422281 6.134109
v -4.286072 4.120621 -13.226810
v -3.860352 4.172142 -13.773330
v -4.303406 4.310242 -13.074330
v -3.259216 4.275146 -14.954930
v -3.408997 4.453815 -15.044250
v -3.531738 4.244667 -14.989140
v 1.181091 5.961338 -11.630780
v 1.152283 6.204556 -11.702150
v 1.034912 6.027267 -11.823940
v -1.226379 5.641754 -9.529694
v -1.444397 5.627022 -9.644043
v -1.644348 5.514797 -8.685730
v 1.258972 4.993370 -8.821579
v -0.618469 3.963581 -8.172318
v 1.261536 4.826469 -8.586609
v 7.553711 5.945889 -5.882874
v 7.345459 6.146954 -5.868896
v 7.109741 5.781174 -5.483978
v 7.312744 5.105480 -4.554810
v 8.140991 6.202591 -5.539154
v 7.824219 6.254749 -5.649063
v 3.702698 6.311802 -7.563385
v 3.483826 6.182034 -7.668869
v 3.540344 5.708706 -6.619019
v 8.888062 6.480457 -5.723541
v 8.824890 6.329903 -5.850754
v 8.982910 6.297855 -5.717239
v 8.479492 7.612160 -7.205154
v 8.368530 7.834343 -7.072647
v 8.283325 7.769459 -7.328369
v 6.276184 6.748711 -6.786041
v 6.200867 6.597111 -6.895325
v 6.393494 6.574257 -6.808182
v 8.313293 6.839188 -5.766876
v 8.251831 6.815800 -6.010544
v 8.463928 6.671036 -5.789322
v 11.539060 4.921505 -4.938629
v 10.935180 3.252369 -3.435486
v 11.595520 4.759048 -5.048462
v 1.689941 0.031151 7.236618
v 1.433655 0.007767 7.123260
v 1.479126 0.189699 7.328033
v -0.291992 1.475029 4.036453
v -0.893250 1.299860 5.580460
v -1.094421 1.458923 5.452148
v -0.398010 1.296398 4.029083
v -1.094421 1.458923 5.452148
v -1.182434 1.267857 5.422134
v 5.496155 -0.103659 8.217728
v 7.279785 0.274773 4.723450
v 5.457520 0.071930 8.241699
v -3.410034 2.134907 2.776077
v -3.130981 1.043421 2.913818
v -3.650940 1.116413 2.181259
v -3.157776 2.070683 3.215652
v -4.326050 1.361937 2.892380
v -4.779480 1.222698 3.363235
v -4.504700 1.482649 2.815567
v -4.885498 1.379997 3.238571
v -4.636108 2.052729 2.488297
v -3.650940 1.116413 2.181259
v -4.380554 1.029791 2.146179
v -3.410034 2.134907 2.776077
v -4.636108 2.052729 2.488297
v -4.380554 1.029791 2.146179
v -5.286987 1.924408 2.720352
v -5.077148 0.880608 2.492340
v -5.887146 1.824518 2.716919
v -5.538269 0.816700 2.344574
v -6.118958 1.810211 2.457458
v -5.842041 0.787201 2.108322
v -5.887146 1.824518 2.716919
v -5.077148 0.880608 2.492340
v -5.538269 0.816700 2.344574
v -5.286987 1.924408 2.720352
v -6.078064 1.679699 2.141434
v -6.491943 1.392639 3.581116
v -6.123169 1.478487 2.120209
v -6.537109 1.192112 3.559814
v -6.118958 1.810211 2.457458
v -5.842041 0.787201 2.108322
v -6.657104 1.733583 2.307343
v -6.263733 0.726950 1.998245
v -6.130310 1.471790 1.285522
v -6.761292 1.241678 2.071564
v -6.322815 1.632912 1.163971
v -6.590393 1.081415 2.218109
v -7.456299 1.130911 2.616959
v -7.316101 0.967949 2.799988
v -6.687683 1.765812 1.925110
v -6.263733 0.726950 1.998245
v -6.474182 0.728689 1.612701
v -6.657104 1.733583 2.307343
v -6.267761 2.009335 0.439652
v -6.474182 0.728689 1.612701
v -6.255249 0.929129 0.148010
v -6.687683 1.765812 1.925110
v -6.773315 0.854748 0.003128
v -6.267761 2.009335 0.439652
v -6.255249 0.929129 0.148010
v -6.604065 1.983681 0.173889
v -6.454407 1.526545 -0.085251
v -7.264526 1.436237 1.379517
v -6.663574 1.648705 -0.176270
v -7.455933 1.545944 1.246582
v -7.303223 0.718184 0.358872
v -6.604065 1.983681 0.173889
v -6.773315 0.854748 0.003128
v -7.305237 1.843071 0.286606
v -8.322571 0.412272 1.655518
v -7.305237 1.843071 0.286606
v -7.303223 0.718184 0.358872
v -8.532532 1.473616 1.698883
v -8.801514 0.299109 2.064117
v -8.532532 1.473616 1.698883
v -8.322571 0.412272 1.655518
v -9.123169 1.325861 2.258087
v -9.742432 1.236715 2.052521
v -9.123169 1.325861 2.258087
v -9.174072 0.235567 2.076614
v -8.801514 0.299109 2.064117
v 1.507996 1.322817 5.344803
v 1.007996 0.117426 6.434616
v 1.533813 1.084698 5.320389
v 0.961975 0.338137 6.516449
v 1.400208 -0.314472 6.258926
v 1.639893 0.037741 5.005600
v 1.266541 0.272497 6.516220
v 1.515930 0.666966 5.075409
v -3.157776 2.070683 3.215652
v -2.721191 0.977942 3.334976
v -3.130981 1.043421 2.913818
v -2.585144 2.019453 3.489578
v -1.616333 0.905296 3.579880
v -1.752869 1.840580 4.269302
v -1.742004 0.710548 4.586151
v -1.885986 1.718262 5.099167
v 3.227661 3.651896 -7.571350
v -0.704407 2.769753 -9.764130
v 3.459778 3.174133 -7.827438
v -0.863342 3.258770 -9.467285
v -2.823547 1.589207 4.600677
v -2.877258 1.452354 4.398514
v -2.313477 1.855810 3.424805
v -2.388794 1.666119 3.278915
v -1.075134 0.580212 5.101547
v -1.885986 1.718262 5.099167
v -1.732056 1.645061 5.508850
v -1.742004 0.710548 4.586151
v -1.912415 1.139469 5.100906
v -2.093872 1.183809 4.955963
v -1.539734 1.574804 4.828003
v -1.701904 1.623924 4.663544
v -0.267456 0.558283 5.107956
v -0.979919 1.605881 5.536865
v 0.225830 0.518528 5.353119
v -0.012024 1.567629 5.703110
v -0.267456 0.558283 5.107956
v -1.732056 1.645061 5.508850
v -0.979919 1.605881 5.536865
v -1.075134 0.580212 5.101547
v -0.893250 1.299860 5.580460
v -1.494873 1.422281 6.134109
v -1.094421 1.458923 5.452148
v -1.599060 1.587671 5.941956
v 1.771790 0.699246 5.073105
v 1.266541 0.272497 6.516220
v 1.515930 0.666966 5.075409
v 1.476257 0.269159 6.609299
v 1.449219 0.632635 5.092285
v 1.118347 1.655979 5.310150
v 2.245544 0.726715 5.119095
v 2.630432 1.868879 5.336548
v 1.676025 1.189060 5.480331
v 0.961975 0.338137 6.516449
v 1.507996 1.322817 5.344803
v 1.146423 0.189566 6.617218
v 2.720520 1.731388 4.878174
v 2.729614 1.498093 5.417297
v 2.532593 1.708288 4.856506
v 2.546021 1.474089 5.372208
v 2.186218 1.383532 5.940262
v 2.123840 1.178719 5.774277
v 2.709290 1.820335 4.690277
v 2.618530 1.576721 4.589432
v 3.800049 1.109720 3.962250
v 3.498291 2.093735 4.387573
v 4.763000 1.137293 4.105804
v 4.984619 2.071861 4.574219
v 4.043518 2.076628 3.682266
v 3.231323 1.869270 5.929977
v 3.965027 1.868208 3.704758
v 3.153687 1.655037 5.952881
v 2.960266 1.916735 6.752075
v 2.906799 1.708349 6.691422
v 6.103821 2.017046 5.242249
v 5.899536 0.987303 5.060745
v 5.481506 1.984123 5.053696
v 6.371582 1.048458 5.009750
v 5.316345 1.022821 4.663956
v 5.481506 1.984123 5.053696
v 5.899536 0.987303 5.060745
v 4.984619 2.071861 4.574219
v 5.238098 1.853161 4.531998
v 4.825317 1.207281 5.551987
v 5.036377 1.799940 4.412201
v 5.038452 1.276144 5.628220
v 4.678894 1.889982 3.916763
v 3.780029 1.819008 6.698532
v 4.506531 1.807016 3.910568
v 3.609070 1.724981 6.705826
v 3.961853 1.804588 7.985870
v 5.481506 1.984123 5.053696
v 3.961792 1.976959 8.015060
v 5.501343 2.177837 5.038086
v 5.845764 2.103857 4.325958
v 5.843140 2.294327 4.353882
v 7.089539 3.250652 1.737045
v 6.987427 3.020025 1.905441
v 4.501526 1.776752 8.348038
v 6.371582 1.048458 5.009750
v 6.103821 2.017046 5.242249
v 4.871643 0.847038 7.909485
v 4.951843 0.566469 7.836304
v 6.751892 0.361303 4.477432
v 5.048889 0.037346 7.801331
v 6.068787 2.207684 5.253143
v 3.961792 1.976959 8.015060
v 5.501343 2.177837 5.038086
v 4.462219 1.945271 8.374557
v 4.462219 1.945271 8.374557
v 6.068787 2.207684 5.253143
v 4.492065 2.264378 8.226486
v 5.996033 2.543756 5.293396
v 6.377014 2.320337 4.633652
v 6.314331 2.665405 4.651810
v 8.254700 3.141615 0.888138
v 8.175232 3.519966 0.964737
v 9.762207 5.203968 -2.405334
v 9.675842 5.462132 -2.237808
v 6.925781 2.719967 5.257019
v 6.711060 3.885777 5.325882
v 5.545288 2.424274 7.962631
v 5.273987 3.523937 8.160263
v 4.924561 3.572104 8.894455
v 5.113770 2.432266 8.801620
v 6.377014 2.320337 4.633652
v 6.068787 2.207684 5.253143
v 5.843140 2.294327 4.353882
v 5.501343 2.177837 5.038086
v 7.089539 3.250652 1.737045
v 6.377014 2.320337 4.633652
v 5.843140 2.294327 4.353882
v 8.231934 3.139812 0.930618
v 8.702942 3.533548 1.715591
v 8.443787 4.849434 1.920181
v 7.037598 2.761553 5.031937
v 6.822937 3.927092 5.100845
v 8.450195 4.887550 1.683823
v 8.604919 3.524652 1.666656
v 8.727173 3.518185 1.446487
v 8.344238 4.847767 1.870911
v 9.208923 5.212009 -2.647705
v 8.231934 3.139812 0.930618
v 7.672852 3.216352 0.671768
v 9.762207 5.203968 -2.405334
v 7.681396 3.019629 0.613312
v 9.224365 5.066864 -2.757080
v 7.672852 3.216352 0.671768
v 9.208923 5.212009 -2.647705
v 10.431150 5.460846 -1.901901
v 10.120300 6.393105 -1.306458
v 8.825073 3.527584 1.495453
v 8.563904 4.818436 1.726379
v 10.338680 5.460083 -1.943253
v 10.399720 5.674557 -2.154648
v 10.019170 6.392426 -1.351532
v 10.120540 6.569916 -1.565735
v 9.675842 5.462132 -2.237808
v 9.762207 5.203968 -2.405334
v 10.101560 6.359314 -3.170868
v 10.206790 6.213875 -3.496063
v 8.604919 3.524652 1.666656
v 8.443787 4.849434 1.920181
v 8.702942 3.533548 1.715591
v 8.344238 4.847767 1.870911
v 6.726196 3.912720 5.049957
v 6.828308 2.710567 5.205811
v 6.940125 2.752180 4.980728
v 6.614319 3.871399 5.274994
v 6.987427 3.020025 1.905441
v 7.681396 3.019629 0.613312
v 7.089539 3.250652 1.737045
v 7.672852 3.216352 0.671768
v 6.614319 3.871399 5.274994
v 6.711060 3.885777 5.325882
v 6.828308 2.710567 5.205811
v 6.925781 2.719967 5.257019
v 5.184082 3.886307 8.226654
v 6.874817 4.290161 5.472580
v 5.436829 3.928034 8.308792
v 6.642151 4.255314 5.350296
v 6.753967 4.296719 5.125229
v 6.986694 4.331486 5.247543
v 5.109070 3.747559 8.170227
v 4.864624 3.941969 8.927338
v 4.781067 3.801838 8.861450
v 5.184082 3.886307 8.226654
v 6.568420 4.116989 5.291229
v 5.184082 3.886307 8.226654
v 5.109070 3.747559 8.170227
v 6.642151 4.255314 5.350296
v 6.680359 4.158401 5.066193
v 6.753967 4.296719 5.125229
v 6.726196 3.912720 5.049957
v 8.285889 5.135025 1.920410
v 6.680359 4.158401 5.066193
v 8.344238 4.847767 1.870911
v 8.450195 4.887550 1.683823
v 8.390991 5.170650 1.739334
v 9.948975 6.603165 -1.218323
v 10.019170 6.392426 -1.351532
v 8.285889 5.135025 1.920410
v 6.753967 4.296719 5.125229
v 6.680359 4.158401 5.066193
v 8.355469 5.282337 1.995148
v 8.355469 5.282337 1.995148
v 8.593628 5.291779 2.113998
v 6.753967 4.296719 5.125229
v 6.986694 4.331486 5.247543
v 8.390991 5.170650 1.739334
v 8.355469 5.282337 1.995148
v 8.285889 5.135025 1.920410
v 8.460327 5.315559 1.816864
v 11.325320 6.783993 -3.433090
v 10.221440 6.575218 -1.521271
v 10.495000 5.688934 -2.127686
v 11.128720 7.732903 -2.799469
v 12.201600 6.950447 -2.991882
v 11.175110 6.810455 -3.305542
v 11.360780 7.153103 -3.738785
v 12.722050 7.872349 -4.202774
v 11.745180 7.826958 -4.632614
v 4.943787 2.501162 8.980255
v 4.835388 3.572004 9.118011
v 5.045044 2.520061 9.036362
v 4.729919 3.557272 9.059341
v 5.045044 2.520061 9.036362
v 4.835388 3.572004 9.118011
v 4.924683 2.517372 9.366791
v 4.587219 2.822023 10.007600
v 4.537903 3.736008 10.034300
v 4.729919 3.557272 9.059341
v 4.943787 2.501162 8.980255
v 4.822998 3.556057 8.840530
v 5.015076 2.413471 8.749420
v 4.729919 3.557272 9.059341
v 4.693115 3.803631 9.083038
v 4.428772 3.747444 10.025650
v 4.441040 3.992046 10.012120
v 4.693115 3.803631 9.083038
v 4.563782 4.104950 10.013760
v 4.441040 3.992046 10.012120
v 4.788391 3.943844 9.157257
v 4.781067 3.801838 8.861450
v 4.788391 3.943844 9.157257
v 4.693115 3.803631 9.083038
v 4.864624 3.941969 8.927338
v 4.864624 3.941969 8.927338
v 5.184082 3.886307 8.226654
v 5.106873 3.979855 9.058182
v 5.436829 3.928034 8.308792
v 4.822998 3.556057 8.840530
v 4.693115 3.803631 9.083038
v 4.729919 3.557272 9.059341
v 4.781067 3.801838 8.861450
v 5.168945 3.506588 8.126083
v 5.109070 3.747559 8.170227
v 6.568420 4.116989 5.291229
v 6.614319 3.871399 5.274994
v 6.726196 3.912720 5.049957
v 6.680359 4.158401 5.066193
v 4.788391 3.943844 9.157257
v 5.036377 3.976583 9.299774
v 4.563782 4.104950 10.013760
v 4.849365 4.075317 10.036960
v 4.843140 4.340351 10.706360
v 4.563782 4.104950 10.013760
v 4.849365 4.075317 10.036960
v 4.575562 4.379196 10.684680
v 4.563782 4.104950 10.013760
v 4.575562 4.379196 10.684680
v 4.441040 3.992046 10.012120
v 4.446533 4.270779 10.677550
v 4.446533 4.270779 10.677550
v 4.428772 3.747444 10.025650
v 4.441040 3.992046 10.012120
v 4.411377 4.023582 10.681240
v 4.864624 3.941969 8.927338
v 5.036377 3.976583 9.299774
v 4.788391 3.943844 9.157257
v 5.106873 3.979855 9.058182
v 5.769531 1.921125 8.003952
v 5.674316 2.447531 8.050568
v 6.510376 2.018118 8.287506
v 6.238281 2.525578 8.617706
v -10.007750 1.789768 1.017838
v -10.379700 1.326565 1.859634
v -10.482060 1.627924 1.967316
v -9.946106 1.474262 0.991684
v -8.085266 2.298271 -2.794678
v -8.145508 2.623541 -2.774658
v -6.316833 3.260223 -6.324509
v -6.387268 3.557621 -6.243820
v -4.990234 5.527691 -9.153351
v -5.078552 5.784760 -8.982101
v -4.357178 7.182396 -10.686290
v -4.285217 6.895348 -10.819410
v -3.903564 7.872841 -11.740550
v -3.982971 8.143982 -11.589690
v -11.404050 1.464279 1.980927
v -11.103700 2.656343 1.068604
v -10.911620 1.624998 1.001312
v -11.439270 2.101542 1.865067
v -11.589780 2.560579 1.975449
v -10.892940 2.711472 0.890793
v -10.814700 1.638754 1.052231
v -11.006840 2.670427 1.119492
v -10.700680 1.678524 0.823654
v -10.989870 2.697699 0.839874
v -9.190125 3.594706 -2.852249
v -10.797610 1.664766 0.772736
v -8.978088 2.460371 -2.926376
v -8.867188 2.515360 -3.153885
v -7.538269 4.570183 -6.067719
v -7.259705 3.305967 -6.321091
v -9.079834 3.651814 -3.079559
v -8.983032 3.666540 -3.028732
v -8.881287 2.475086 -2.875519
v -9.093445 3.609430 -2.801422
v -8.770508 2.530079 -3.103043
v -9.030273 3.917311 -3.011749
v -7.494324 4.851410 -5.973999
v -8.983032 3.666540 -3.028732
v -7.440369 4.588531 -6.020432
v -7.350281 4.647751 -6.174789
v -7.405151 4.912117 -6.123917
v -6.106262 6.864414 -8.540268
v -6.037354 6.664608 -8.674194
v -8.881287 2.475086 -2.875519
v -9.190125 3.594706 -2.852249
v -9.093445 3.609430 -2.801422
v -8.978088 2.460371 -2.926376
v -6.676147 2.823236 -4.315994
v -8.085266 2.298271 -2.794678
v -6.316833 3.260223 -6.324509
v -7.558655 2.370705 -2.516830
v -9.415894 1.545113 1.263428
v -9.946106 1.474262 0.991684
v -9.801880 1.413113 2.036270
v -10.379700 1.326565 1.859634
v -6.676147 2.823236 -4.315994
v -5.789124 3.371391 -6.063705
v -5.718506 3.195751 -6.087769
v -4.359802 5.387012 -8.985199
v -4.442993 5.533710 -8.903397
v -5.789124 3.371391 -6.063705
v -6.316833 3.260223 -6.324509
v -4.442993 5.533710 -8.903397
v -4.990234 5.527691 -9.153351
v -7.162842 3.366581 -6.502640
v -6.137634 6.660690 -8.719940
v -5.827576 5.761387 -9.322769
v -7.448486 4.629219 -6.221497
v -7.065674 3.385582 -6.454330
v -7.162598 3.323984 -6.272278
v -7.350281 4.647751 -6.174789
v -7.440369 4.588531 -6.020432
v -7.259705 3.305967 -6.321091
v -7.538269 4.570183 -6.067719
v -7.162598 3.323984 -6.272278
v -7.440369 4.588531 -6.020432
v -9.030273 3.917311 -3.011749
v -9.150757 4.028397 -3.053940
v -7.494324 4.851410 -5.973999
v -7.619202 4.966888 -5.998642
v -9.383240 3.992023 -3.176071
v -7.854736 4.925007 -6.112747
v -9.150757 4.028397 -3.053940
v -7.619202 4.966888 -5.998642
v -7.530640 5.028111 -6.145844
v -7.766907 4.986511 -6.258636
v -9.030273 3.917311 -3.011749
v -9.260925 3.970905 -2.826782
v -9.150757 4.028397 -3.053940
v -9.140503 3.859921 -2.784531
v -11.059020 3.068748 0.864121
v -10.938900 2.958023 0.906982
v -11.172850 3.027447 1.092834
v -11.052800 2.916719 1.135696
v -11.549070 2.800474 2.100967
v -11.625000 2.949951 1.955948
v -9.150757 4.028397 -3.053940
v -9.493469 3.934586 -2.948883
v -9.383240 3.992023 -3.176071
v -9.260925 3.970905 -2.826782
v -11.059020 3.068748 0.864121
v -11.291690 3.034380 0.741837
v -11.405580 2.992434 0.970673
v -11.172850 3.027447 1.092834
v -8.983032 3.666540 -3.028732
v -9.140503 3.859921 -2.784531
v -9.030273 3.917311 -3.011749
v -9.093445 3.609430 -2.801422
v -10.892940 2.711472 0.890793
v -10.938900 2.958023 0.906982
v -11.052800 2.916719 1.135696
v -11.006840 2.670427 1.119492
v -11.513980 2.555691 2.055664
v -11.549070 2.800474 2.100967
v -11.625000 2.949951 1.955948
v -11.405580 2.992434 0.970673
v -11.172850 3.027447 1.092834
v -11.822200 2.962242 1.778183
v -11.893620 2.824078 1.758804
v -11.822200 2.962242 1.778183
v -11.549070 2.800474 2.100967
v -11.625000 2.949951 1.955948
v -10.814700 1.638754 1.052231
v -11.103700 2.656343 1.068604
v -11.006840 2.670427 1.119492
v -10.911620 1.624998 1.001312
v -11.618590 2.107170 1.634659
v -11.771850 2.572250 1.782562
v -11.439270 2.101542 1.865067
v -11.589780 2.560579 1.975449
v -11.847470 2.576906 1.702377
v -11.893620 2.824078 1.758804
v -11.771850 2.572250 1.782562
v -11.589780 2.560579 1.975449
v -11.549070 2.800474 2.100967
v -11.513980 2.555691 2.055664
v -9.742432 1.236715 2.052521
v -10.379700 1.326565 1.859634
v -9.801880 1.413113 2.036270
v -10.346370 1.147997 1.847870
v -10.482060 1.627924 1.967316
v -10.379700 1.326565 1.859634
v -11.152890 1.483347 2.342010
v -11.005620 1.007410 1.884476
v -6.764893 1.442965 -0.184692
v -7.455933 1.545944 1.246582
v -7.540955 1.338657 1.215485
v -6.663574 1.648705 -0.176270
v -7.264526 1.436237 1.379517
v -7.845398 1.441820 1.927444
v -7.455933 1.545944 1.246582
v -7.943726 1.578222 1.732330
v -6.322815 1.632912 1.163971
v -6.812256 0.971891 2.117508
v -6.363831 1.358492 1.221008
v -6.761292 1.241678 2.071564
v -8.203125 1.223848 3.324188
v -8.186890 0.944355 3.291779
v -7.456299 1.130911 2.616959
v -7.521057 0.862732 2.647842
v -8.062927 1.061394 3.507111
v -8.203125 1.223848 3.324188
v -7.316101 0.967949 2.799988
v -7.456299 1.130911 2.616959
v -7.540955 1.338657 1.215485
v -7.943726 1.578222 1.732330
v -8.001648 1.384764 1.634323
v -7.455933 1.545944 1.246582
v -11.404050 1.464279 1.980927
v -11.618590 2.107170 1.634659
v -11.439270 2.101542 1.865067
v -11.613530 1.437834 1.819809
v -11.613530 1.437834 1.819809
v -11.336550 2.622417 0.946259
v -11.618590 2.107170 1.634659
v -11.144470 1.591585 0.878937
v -10.868350 1.669422 0.565491
v -11.708740 1.391203 2.245102
v -12.212460 1.342070 1.622849
v -11.805730 1.529156 0.073044
v -12.499940 1.299698 1.460403
v -9.941162 2.342928 -3.717117
v -9.004944 2.494410 -3.226227
v -8.197815 3.259186 -7.143967
v -7.249695 3.377598 -6.669250
v -9.692932 2.609261 -3.551697
v -12.036560 1.596487 1.594330
v -12.188540 1.574774 1.503723
v -9.536926 2.634754 -3.469940
v -11.319340 2.648500 0.666824
v -11.241330 1.577545 0.828049
v -11.127260 1.617250 0.599472
v -11.433230 2.607750 0.895462
v -11.365360 2.895519 0.682861
v -11.433230 2.607750 0.895462
v -11.319340 2.648500 0.666824
v -9.519470 3.543627 -3.025162
v -9.566467 3.793396 -3.008209
v -9.456177 3.850677 -3.235397
v -9.408997 3.600084 -3.252380
v -9.210632 2.424147 -3.048447
v -11.222600 2.663410 0.717560
v -11.030400 1.631447 0.650360
v -9.422668 3.558403 -2.974335
v -12.540650 1.166874 1.280212
v -9.915833 2.206697 -3.725784
v -12.424130 1.184010 1.349625
v -10.035400 2.186693 -3.788376
v -9.566467 3.793396 -3.008209
v -9.493469 3.934586 -2.948883
v -11.365360 2.895519 0.682861
v -9.383240 3.992023 -3.176071
v -9.456177 3.850677 -3.235397
v -9.456177 3.850677 -3.235397
v -7.854736 4.925007 -6.112747
v -9.383240 3.992023 -3.176071
v -7.925659 4.775497 -6.183517
v -7.766907 4.986511 -6.258636
v -7.837646 4.835697 -6.330780
v -9.456177 3.850677 -3.235397
v -9.408997 3.600084 -3.252380
v -7.925659 4.775497 -6.183517
v -7.871338 4.512199 -6.230545
v -7.837646 4.835697 -6.330780
v -7.782288 4.571201 -6.382553
v -6.479065 6.647308 -8.875565
v -6.547974 6.847111 -8.741623
v -9.312378 3.615456 -3.201660
v -9.099792 2.479862 -3.276077
v -7.773438 4.527756 -6.182312
v -7.493347 3.265549 -6.438889
v -7.839294 3.474197 -6.885925
v -9.536926 2.634754 -3.469940
v -9.692932 2.609261 -3.551697
v -7.685608 3.485607 -6.798508
v -7.839294 3.474197 -6.885925
v -9.692932 2.609261 -3.551697
v -7.797363 3.271526 -6.942337
v -9.652222 2.391144 -3.565750
v -9.408997 3.600084 -3.252380
v -9.307312 2.408861 -3.099197
v -9.196472 2.464199 -3.326752
v -9.519470 3.543627 -3.025162
v -6.068665 5.751934 -9.432663
v -7.684265 4.587311 -6.334869
v -7.396790 3.325882 -6.619461
v -6.378784 6.651237 -8.829819
v -7.249695 3.377598 -6.669250
v -6.941162 5.718407 -9.831421
v -5.969971 5.756458 -9.388641
v -8.197815 3.259186 -7.143967
v -8.262024 3.160540 -7.243607
v -6.903442 5.612343 -9.905136
v -8.143677 3.163671 -7.175583
v -7.027527 5.607491 -9.961716
v -7.782288 4.571201 -6.382553
v -7.590698 3.249847 -6.487961
v -7.494385 3.310677 -6.668228
v -7.871338 4.512199 -6.230545
v -7.530640 5.028111 -6.145844
v -6.482361 6.951679 -8.628448
v -6.241272 6.961128 -8.518524
v -7.766907 4.986511 -6.258636
v -7.837646 4.835697 -6.330780
v -6.482361 6.951679 -8.628448
v -7.766907 4.986511 -6.258636
v -6.547974 6.847111 -8.741623
v -6.479065 6.647308 -8.875565
v -6.378784 6.651237 -8.829819
v -6.170776 5.744503 -9.474106
v -6.068665 5.751934 -9.432663
v -6.170776 5.744503 -9.474106
v -6.093384 5.893532 -9.656616
v -6.479065 6.647308 -8.875565
v -6.402954 6.791428 -9.054733
v -6.408569 7.102390 -8.803207
v -6.482361 6.951679 -8.628448
v -6.479065 7.012032 -8.906876
v -6.547974 6.847111 -8.741623
v -4.990234 5.527691 -9.153351
v -3.777161 6.885334 -10.543090
v -4.442993 5.533710 -8.903397
v -4.285217 6.895348 -10.819410
v -5.979614 7.872025 -9.932129
v -6.408569 7.102390 -8.803207
v -6.479065 7.012032 -8.906876
v -5.909363 7.988739 -9.834625
v -5.993103 5.897472 -9.610901
v -5.807129 7.683537 -10.029620
v -6.310303 6.781792 -9.023300
v -5.545288 6.759979 -10.667280
v -5.969971 5.756458 -9.388641
v -6.941162 5.718407 -9.831421
v -5.286682 7.072380 -11.000320
v -6.319153 6.916386 -11.298650
v -6.482361 6.951679 -8.628448
v -6.408569 7.102390 -8.803207
v -6.241272 6.961128 -8.518524
v -6.170532 7.120605 -8.687424
v -5.658142 8.023548 -9.757355
v -5.909363 7.988739 -9.834625
v -5.428528 8.953491 -10.841900
v -5.664795 8.945240 -10.961850
v -6.479065 6.647308 -8.875565
v -6.402954 6.791428 -9.054733
v -6.547974 6.847111 -8.741623
v -6.479065 7.012032 -8.906876
v -5.979614 7.872025 -9.932129
v -5.911621 7.669048 -10.061770
v -6.700012 5.903954 -9.580811
v -5.931824 7.078110 -10.937290
v -6.538147 5.910297 -9.507019
v -6.098572 7.062302 -10.999510
v -6.039490 6.888760 -11.113590
v -6.098572 7.062302 -10.999510
v -6.640198 5.731556 -9.696259
v -5.500305 8.508141 -12.436070
v -5.445862 8.325718 -12.539280
v -5.286682 7.072380 -11.000320
v -6.319153 6.916386 -11.298650
v -4.882080 8.095108 -11.975780
v -5.862549 8.041809 -12.396870
v -4.744202 8.427238 -12.306630
v -5.725220 8.375610 -12.726840
v -5.045471 7.832359 -11.855730
v -5.546326 8.659145 -11.175550
v -5.545288 6.759979 -10.667280
v -5.807129 7.683537 -10.029620
v -6.098572 7.062302 -10.999510
v -5.327515 8.535599 -12.388080
v -5.931824 7.078110 -10.937290
v -5.500305 8.508141 -12.436070
v -5.644592 8.655708 -11.225450
v -5.723389 8.845966 -11.083340
v -5.911621 7.669048 -10.061770
v -5.979614 7.872025 -9.932129
v -5.664795 8.945240 -10.961850
v -5.979614 7.872025 -9.932129
v -5.723389 8.845966 -11.083340
v -5.909363 7.988739 -9.834625
v -5.644592 8.655708 -11.225450
v -5.045471 7.832359 -11.855730
v -5.145752 7.828430 -11.901430
v -5.546326 8.659145 -11.175550
v -5.145752 7.828430 -11.901430
v -5.059509 7.964512 -12.102330
v -5.644592 8.655708 -11.225450
v -5.560608 8.822765 -11.402500
v -5.644592 8.655708 -11.225450
v -5.560608 8.822765 -11.402500
v -5.723389 8.845966 -11.083340
v -5.605225 9.078735 -11.340870
v -5.605225 9.078735 -11.340870
v -5.664795 8.945240 -10.961850
v -5.723389 8.845966 -11.083340
v -5.555359 9.132576 -11.199140
v -5.664795 8.945240 -10.961850
v -5.555359 9.132576 -11.199140
v -5.428528 8.953491 -10.841900
v -5.319031 9.140839 -11.079160
v -5.658142 8.023548 -9.757355
v -5.428528 8.953491 -10.841900
v -5.519409 7.935799 -9.790527
v -5.290527 8.861107 -10.863590
v -4.285217 6.895348 -10.819410
v -3.384583 7.901054 -11.517700
v -3.777161 6.885334 -10.543090
v -3.903564 7.872841 -11.740550
v -5.211731 8.670849 -11.005680
v -5.519409 7.935799 -9.790527
v -5.290527 8.861107 -10.863590
v -5.451416 7.732830 -9.920212
v -5.290527 8.861107 -10.863590
v -5.319031 9.140839 -11.079160
v -5.172363 9.093880 -11.121110
v -5.428528 8.953491 -10.841900
v -5.127686 8.837902 -11.182740
v -4.617798 7.981815 -11.900970
v -5.211731 8.670849 -11.005680
v -4.704102 7.845737 -11.700070
v -5.127686 8.837902 -11.182740
v -5.560608 8.822765 -11.402500
v -4.617798 7.981815 -11.900970
v -5.059509 7.964512 -12.102330
v -4.804382 7.841808 -11.745800
v -5.555847 7.718357 -9.952362
v -5.309998 8.667408 -11.055570
v -5.303650 6.770561 -10.558750
v -3.200500 6.282410 -11.034210
v -3.061035 6.339020 -11.809190
v -2.950928 6.241283 -11.023120
v -3.285400 6.399414 -11.709120
v -3.266418 5.618744 -9.742767
v -2.895020 7.583603 -11.926450
v -3.329224 5.738358 -9.585144
v -2.951721 7.685787 -11.756300
v -4.882080 8.095108 -11.975780
v -3.903564 7.872841 -11.740550
v -3.982971 8.143982 -11.589690
v -4.810303 7.853367 -12.109950
v -3.384583 7.901054 -11.517700
v -3.903564 7.872841 -11.740550
v -3.287170 8.337414 -11.825500
v -3.814636 8.162502 -11.930310
v -4.810303 7.853367 -12.109950
v -3.858582 7.719250 -11.826050
v -3.903564 7.872841 -11.740550
v -3.592163 6.809967 -12.332180
v -4.250854 5.968746 -13.156010
v -3.359985 6.017170 -12.773440
v -5.327515 8.535599 -12.388080
v -5.445862 8.325718 -12.539280
v -5.273254 8.353142 -12.491390
v -5.500305 8.508141 -12.436070
v -0.624329 6.071716 -8.187546
v -2.423462 6.415638 -9.494476
v -0.550964 5.594788 -8.633240
v -1.141785 5.794624 -9.187042
v 0.359192 5.702824 -8.293289
v -0.624329 6.071716 -8.187546
v -0.550964 5.594788 -8.633240
v 0.193543 6.119274 -7.919434
v -2.190430 5.689957 -8.999802
v -1.747681 6.518497 -9.943359
v -2.189453 5.838783 -8.767227
v -1.775757 6.308231 -10.109890
v -2.010925 6.088253 -9.486847
v -2.118347 6.496250 -9.910919
v -1.957031 6.508450 -9.809525
v -2.191223 6.050400 -9.535233
v -2.423462 6.415638 -9.494476
v -2.583252 6.762066 -10.084060
v -2.017883 5.850609 -9.707855
v -2.278320 6.201424 -10.256810
v -3.647217 6.792305 -10.676420
v -4.359802 5.387012 -8.985199
v -3.777161 6.885334 -10.543090
v -4.442993 5.533710 -8.903397
v -3.274902 7.750977 -11.575410
v -3.777161 6.885334 -10.543090
v -3.384583 7.901054 -11.517700
v -3.647217 6.792305 -10.676420
v -3.329224 5.738358 -9.585144
v -2.951721 7.685787 -11.756300
v -3.127686 5.728096 -9.631226
v -2.752075 7.680325 -11.811460
v -2.278320 6.201424 -10.256810
v -3.647217 6.792305 -10.676420
v -2.749390 6.346848 -10.718950
v -2.583252 6.762066 -10.084060
v 1.101074 6.518715 -8.129135
v 0.193543 6.119274 -7.919434
v 1.277283 6.105034 -8.411392
v 0.359192 5.702824 -8.293289
v 2.182007 6.131248 -8.155792
v 1.101074 6.518715 -8.129135
v 1.277283 6.105034 -8.411392
v 2.738770 6.543083 -7.568054
v 2.476807 6.328926 -8.349777
v 2.660400 6.289200 -8.212311
v 1.980957 6.391502 -7.902313
v 2.147095 6.340187 -7.746109
v 2.182007 6.131248 -8.155792
v 3.281006 6.153946 -7.844116
v 2.738770 6.543083 -7.568054
v 2.955322 6.490513 -7.386551
v 5.100952 5.511448 -6.470886
v 3.429749 6.508030 -7.271927
v 3.281006 6.153946 -7.844116
v 4.638672 6.128380 -6.284637
v 3.483826 6.182034 -7.668869
v 3.383423 6.615662 -8.084244
v 3.487488 6.338940 -7.566467
v 3.362915 6.436203 -8.132034
v 3.487488 6.338940 -7.566467
v 3.576599 6.601173 -8.176270
v 3.702698 6.311802 -7.563385
v 3.383423 6.615662 -8.084244
v 1.995239 6.464355 -8.278748
v 2.382324 6.705338 -8.750229
v 2.437866 6.701721 -8.543518
v 1.853760 6.462654 -8.440277
v 6.286011 6.146748 -5.656448
v 4.638672 6.128380 -6.284637
v 6.376831 5.735710 -6.204498
v 5.100952 5.511448 -6.470886
v 6.066833 6.220016 -6.320374
v 6.276184 6.748711 -6.786041
v 6.197571 6.081451 -6.409866
v 6.393494 6.574257 -6.808182
v 5.938171 5.259697 -5.139923
v 6.066833 6.220016 -6.320374
v 6.197571 6.081451 -6.409866
v 5.807617 5.397720 -5.050507
v 8.031433 6.308277 -5.105225
v 6.286011 6.146748 -5.656448
v 8.117493 5.925175 -5.655670
v 6.376831 5.735710 -6.204498
v 11.417480 3.584181 -3.701599
v 7.467773 2.978727 -5.922241
v 11.575870 3.108227 -4.002655
v 7.314514 3.439934 -5.626495
v 3.459778 3.174133 -7.827438
v 3.227661 3.651896 -7.571350
v 9.022461 5.750916 -4.953690
v 8.031433 6.308277 -5.105225
v 8.117493 5.925175 -5.655670
v 9.675842 6.076439 -3.904510
v 9.743286 5.531693 -4.318298
v 10.542910 5.808517 -4.196350
v 9.675842 6.076439 -3.904510
v 10.380680 6.297695 -3.882401
v 9.670837 6.245728 -3.821869
v 10.369690 6.514549 -3.876205
v 10.206790 6.213875 -3.496063
v 9.813049 6.518486 -4.169647
v 10.567260 6.878933 -4.336945
v 10.011780 6.899872 -4.655960
v 10.928960 7.513992 -5.178101
v 10.733460 7.611980 -5.481567
v 10.433780 7.624302 -5.666763
v 9.208923 5.212009 -2.647705
v 10.206790 6.213875 -3.496063
v 9.762207 5.203968 -2.405334
v 9.670837 6.245728 -3.821869
v 9.208923 5.212009 -2.647705
v 9.224365 5.066864 -2.757080
v 9.670837 6.245728 -3.821869
v 9.675842 6.076439 -3.904510
v 9.813049 6.518486 -4.169647
v 9.813965 6.341469 -4.242462
v 10.011780 6.899872 -4.655960
v 10.022160 6.740753 -4.751556
v 10.433780 7.624302 -5.666763
v 10.437500 7.457336 -5.747620
v 10.760800 6.218342 -3.222610
v 10.101560 6.359314 -3.170868
v 10.206790 6.213875 -3.496063
v 10.561830 6.341713 -2.917130
v 10.809810 6.068840 -2.434326
v 10.561830 6.341713 -2.917130
v 10.896360 5.809902 -2.602066
v 10.760800 6.218342 -3.222610
v 11.261600 6.551624 -3.473190
v 10.809810 6.068840 -2.434326
v 10.896360 5.809902 -2.602066
v 11.175110 6.810455 -3.305542
v 11.449770 6.898804 -3.912155
v 11.360780 7.153103 -3.738785
v 11.745180 7.826958 -4.632614
v 11.818790 7.547302 -4.770279
v 12.073910 8.084671 -5.371002
v 11.970280 8.304886 -5.162827
v 12.221740 9.053902 -5.772766
v 12.325380 8.833687 -5.980972
v 12.154970 7.938480 -5.509628
v 12.406430 8.687492 -6.119553
v 12.637700 6.973858 -6.296936
v 12.889220 7.722870 -6.906860
v 11.261600 6.551624 -3.473190
v 10.896360 5.809902 -2.602066
v 10.760800 6.218342 -3.222610
v 10.369690 6.514549 -3.876205
v 10.206790 6.213875 -3.496063
v 10.567260 6.878933 -4.336945
v 11.449770 6.898804 -3.912155
v 11.818790 7.547302 -4.770279
v 10.928960 7.513992 -5.178101
v 9.519592 5.598061 -3.902496
v 10.242250 6.618408 -5.053452
v 9.700378 5.727043 -3.785233
v 10.088990 6.506447 -5.204483
v 11.184140 8.051350 -5.778793
v 11.818790 7.547302 -4.770279
v 10.928960 7.513992 -5.178101
v 12.073910 8.084671 -5.371002
v 10.928960 7.513992 -5.178101
v 11.249630 7.945190 -5.913040
v 11.184140 8.051350 -5.778793
v 11.003420 7.401257 -5.331345
v 11.597230 7.206665 -6.611160
v 11.249450 6.462410 -5.791504
v 11.442570 5.614029 -6.143570
v 11.893550 6.544170 -7.203613
v 11.020080 4.850479 -5.159286
v 10.882690 5.820587 -4.938797
v 10.614560 6.729210 -4.427963
v 10.669680 5.427612 -4.441971
v 10.357910 3.421236 -3.556259
v 10.542910 5.808517 -4.196350
v 10.380680 6.297695 -3.882401
v 13.192140 9.090244 -5.328049
v 11.970280 8.304886 -5.162827
v 12.221740 9.053902 -5.772766
v 12.940670 8.341228 -4.718124
v 12.940670 8.341228 -4.718124
v 11.745180 7.826958 -4.632614
v 11.970280 8.304886 -5.162827
v 12.722050 7.872349 -4.202774
v 12.466670 8.283726 -4.960068
v 12.183900 8.966080 -4.095352
v 12.025450 8.267197 -5.162338
v 11.716190 8.979710 -4.231674
v 11.639400 8.803577 -4.060211
v 12.025450 8.267197 -5.162338
v 11.716190 8.979710 -4.231674
v 11.952640 8.090977 -4.989197
v 11.742680 8.795189 -4.022537
v 11.325320 6.783993 -3.433090
v 12.052860 8.094723 -4.943283
v 11.128720 7.732903 -2.799469
v 11.175110 6.810455 -3.305542
v 11.548710 5.489162 -1.396301
v 10.809810 6.068840 -2.434326
v 12.201600 6.950447 -2.991882
v 10.495000 5.688934 -2.127686
v 10.221440 6.575218 -1.521271
v 10.399720 5.674557 -2.154648
v 10.120540 6.569916 -1.565735
v 10.019170 6.392426 -1.351532
v 10.045470 6.775120 -1.431259
v 9.948975 6.603165 -1.218323
v 10.120540 6.569916 -1.565735
v 11.025210 7.740829 -2.836548
v 10.045470 6.775120 -1.431259
v 10.120540 6.569916 -1.565735
v 10.990840 7.945477 -2.696640
v 10.045470 6.775120 -1.431259
v 11.077090 8.040634 -2.589111
v 10.108640 6.883976 -1.318970
v 10.990840 7.945477 -2.696640
v 9.948975 6.603165 -1.218323
v 10.108640 6.883976 -1.318970
v 10.014470 6.710915 -1.105835
v 10.045470 6.775120 -1.431259
v 10.014470 6.710915 -1.105835
v 10.256900 6.714924 -0.996735
v 8.460327 5.315559 1.816864
v 8.698853 5.323593 1.935135
v 10.990840 7.945477 -2.696640
v 11.025210 7.740829 -2.836548
v 11.593630 8.985119 -3.894196
v 11.639400 8.803577 -4.060211
v 11.696230 9.202320 -4.125336
v 11.716190 8.979710 -4.231674
v 10.990840 7.945477 -2.696640
v 11.673890 9.068169 -3.772919
v 11.077090 8.040634 -2.589111
v 11.593630 8.985119 -3.894196
v 11.775270 9.282990 -4.001083
v 11.696230 9.202320 -4.125336
v 12.183900 8.966080 -4.095352
v 11.696230 9.202320 -4.125336
v 11.716190 8.979710 -4.231674
v 12.167420 9.195175 -3.997253
v 11.775270 9.282990 -4.001083
v 12.041080 9.295013 -3.951263
v 11.673890 9.068169 -3.772919
v 11.922300 9.047985 -3.682419
v 11.077090 8.040634 -2.589111
v 11.326050 8.021545 -2.499969
v 11.696230 9.202320 -4.125336
v 12.041080 9.295013 -3.951263
v 11.775270 9.282990 -4.001083
v 12.167420 9.195175 -3.997253
v 11.326050 8.021545 -2.499969
v 10.351010 6.897953 -1.211700
v 11.077090 8.040634 -2.589111
v 10.108640 6.883976 -1.318970
v 10.014470 6.710915 -1.105835
v 10.256900 6.714924 -0.996735
v 10.014470 6.710915 -1.105835
v 8.460327 5.315559 1.816864
v 9.948975 6.603165 -1.218323
v 8.390991 5.170650 1.739334
v 8.450195 4.887550 1.683823
v 8.825073 3.527584 1.495453
v 8.563904 4.818436 1.726379
v 8.727173 3.518185 1.446487
v 8.698853 5.323593 1.935135
v 8.593628 5.291779 2.113998
v 8.460327 5.315559 1.816864
v 8.355469 5.282337 1.995148
v 5.436829 3.928034 8.308792
v 6.874817 4.290161 5.472580
v 5.572021 3.824013 8.320709
v 6.994629 4.180965 5.515244
v 6.986694 4.331486 5.247543
v 7.106506 4.222424 5.290207
v 5.224609 3.869436 9.100327
v 5.178162 3.618839 9.315018
v 5.148438 3.863050 9.342819
v 5.262329 3.625818 9.076996
v 5.178162 3.618839 9.315018
v 4.926636 3.697697 10.066390
v 5.148438 3.863050 9.342819
v 4.945801 3.940866 10.052170
v 8.228394 2.281384 5.565842
v 10.122920 3.047462 1.758926
v 7.980713 2.244034 5.435684
v 9.871826 3.025326 1.631683
v 5.444763 2.474707 8.979645
v 5.375244 2.550621 9.226440
v 5.262329 3.625818 9.076996
v 5.178162 3.618839 9.315018
v 5.262329 3.625818 9.076996
v 5.348267 2.466352 8.927490
v 5.444763 2.474707 8.979645
v 5.165222 3.612337 9.024048
v 5.348267 2.466352 8.927490
v 5.165222 3.612337 9.024048
v 5.797485 2.469671 8.044510
v 5.526733 3.565666 8.242401
v 6.943848 3.919983 5.448227
v 7.159912 2.744211 5.380035
v 4.849365 4.075317 10.036960
v 5.036377 3.976583 9.299774
v 4.945801 3.940866 10.052170
v 5.148438 3.863050 9.342819
v 4.936584 4.199867 10.717220
v 4.849365 4.075317 10.036960
v 4.945801 3.940866 10.052170
v 4.843140 4.340351 10.706360
v 4.945801 3.940866 10.052170
v 4.901245 3.953453 10.720870
v 4.936584 4.199867 10.717220
v 4.926636 3.697697 10.066390
v 5.281128 2.542507 9.171631
v 5.152283 2.504814 9.542572
v 5.081665 3.607302 9.258636
v 4.842346 2.792728 10.103490
v 4.817566 3.708544 10.057590
v 5.262329 3.625818 9.076996
v 5.224609 3.869436 9.100327
v 5.631897 3.583023 8.276550
v 5.572021 3.824013 8.320709
v 6.994629 4.180965 5.515244
v 7.040649 3.934307 5.499084
v 7.106506 4.222424 5.290207
v 7.152527 3.975681 5.274048
v 5.224609 3.869436 9.100327
v 5.436829 3.928034 8.308792
v 5.572021 3.824013 8.320709
v 5.106873 3.979855 9.058182
v 5.148438 3.863050 9.342819
v 5.036377 3.976583 9.299774
v 7.176331 2.775490 5.104828
v 8.115723 2.900658 5.598495
v 5.674316 2.447531 8.050568
v 6.543030 2.578604 8.675751
v 6.238281 2.525578 8.617706
v 8.722290 5.150818 2.138138
v 7.152527 3.975681 5.274048
v 7.106506 4.222424 5.290207
v 8.780762 4.863018 2.088562
v 8.828247 5.183567 1.956039
v 8.887512 4.900215 1.900467
v 10.463380 6.399109 -1.151901
v 10.392940 6.610638 -1.018417
v 6.986694 4.331486 5.247543
v 8.593628 5.291779 2.113998
v 7.106506 4.222424 5.290207
v 8.722290 5.150818 2.138138
v 8.682007 4.857948 2.039032
v 7.271790 2.785839 5.154999
v 7.055725 3.961363 5.223160
v 8.936951 3.564228 1.833481
v 7.055725 3.961363 5.223160
v 7.271790 2.785839 5.154999
v 7.152527 3.975681 5.274048
v 7.369019 2.796883 5.206085
v 7.369019 2.796883 5.206085
v 7.257202 2.755276 5.431152
v 7.152527 3.975681 5.274048
v 7.040649 3.934307 5.499084
v 7.627258 3.069120 5.376709
v 6.226135 2.750305 8.513763
v 6.049866 2.720181 8.471909
v 7.783569 3.091850 5.458832
v 7.783569 3.091850 5.458832
v 6.272827 2.540785 8.485458
v 6.226135 2.750305 8.513763
v 7.826355 2.857132 5.446426
v 6.628784 2.466135 8.544937
v 8.142334 2.754004 5.590805
v 6.763794 2.489178 8.577454
v 8.261963 2.772915 5.653702
v 10.049500 3.288534 1.828400
v 8.297363 2.578812 5.643494
v 10.165890 3.297916 1.898727
v 8.177612 2.559917 5.580627
v 9.242004 3.025997 3.252747
v 9.431458 1.586388 3.268234
v 9.161621 3.009274 3.408722
v 9.512634 1.599602 3.103699
v 7.980713 2.244034 5.435684
v 6.881287 1.205029 7.814987
v 6.510376 2.018118 8.287506
v 8.219482 0.988152 5.339935
v 6.852783 0.801100 7.983185
v 8.467163 1.025499 5.470108
v 7.069092 0.836382 8.173203
v 8.219482 0.988152 5.339935
v 6.852783 0.801100 7.983185
v 8.467163 1.025499 5.470108
v 7.108582 0.343426 8.236725
v 7.069092 0.836382 8.173203
v 8.555481 0.581108 5.425217
v 10.539310 1.188694 1.301147
v 10.422730 1.692173 1.436493
v 12.223210 3.473579 -2.708176
v 12.060970 3.961754 -2.402679
v 7.194031 0.868528 7.759247
v 7.114258 0.852005 7.915390
v 6.956116 2.118427 7.855316
v 6.876526 2.100157 8.011597
v 6.464233 -0.550499 8.152756
v 6.617676 -0.601009 8.145859
v 5.729858 -0.685488 8.212479
v 5.619995 -0.781298 8.175385
v 8.031250 0.507237 5.150986
v 6.435425 0.232225 8.256271
v 7.246704 0.444376 4.738815
v 5.457520 0.071930 8.241699
v 2.186218 1.383532 5.940262
v 1.907959 0.604319 6.427521
v 2.123840 1.178719 5.774277
v 1.953430 0.786133 6.632278
v 4.501526 1.776752 8.348038
v 5.674316 2.447531 8.050568
v 5.769531 1.921125 8.003952
v 4.462219 1.945271 8.374557
v 5.769531 1.921125 8.003952
v 4.871643 0.847038 7.909485
v 4.501526 1.776752 8.348038
v 6.211609 1.035185 7.592453
v 5.496155 -0.103659 8.217728
v 6.350708 -0.029739 8.220673
v 5.650513 -0.148935 8.210526
v 6.473755 0.058662 8.232162
v 5.457520 0.071930 8.241699
v 6.435425 0.232225 8.256271
v -7.044067 -0.331099 4.125290
v -6.083740 -0.072260 3.230988
v -6.359924 0.528889 3.432526
v -6.947083 -0.622437 4.148163
v 8.031250 0.507237 5.150986
v 6.473755 0.058662 8.232162
v 6.435425 0.232225 8.256271
v 8.063416 0.344584 5.135117
v 10.018800 1.042929 1.044846
v 9.982727 1.199381 1.063339
v 11.742130 3.274580 -3.068817
v 11.683650 3.450508 -2.959106
v 6.350708 -0.029739 8.220673
v 7.965942 0.267838 5.071213
v 6.464233 -0.550499 8.152756
v 8.062744 -0.231709 5.027756
v 5.769531 1.921125 8.003952
v 6.510376 2.018118 8.287506
v 6.211609 1.035185 7.592453
v 6.881287 1.205029 7.814987
v 6.510376 2.018118 8.287506
v 6.238281 2.525578 8.617706
v 6.772095 2.060398 8.389618
v 6.543030 2.578604 8.675751
v 6.802307 2.316456 8.554138
v 6.664368 2.292662 8.527527
v 6.763794 2.489178 8.577454
v 6.628784 2.466135 8.544937
v 6.350708 -0.029739 8.220673
v 6.464233 -0.550499 8.152756
v 5.650513 -0.148935 8.210526
v 5.729858 -0.685488 8.212479
v 6.420715 0.236698 7.581863
v 6.852783 0.801100 7.983185
v 7.108582 0.343426 8.236725
v 7.069092 0.836382 8.173203
v 4.951843 0.566469 7.836304
v 6.420715 0.236698 7.581863
v 5.411316 0.079626 7.927765
v 6.211609 1.035185 7.592453
v 6.211609 1.035185 7.592453
v 6.881287 1.205029 7.814987
v 6.420715 0.236698 7.581863
v 6.852783 0.801100 7.983185
v 8.186035 -0.287315 5.079773
v 6.617676 -0.601009 8.145859
v 8.062744 -0.231709 5.027756
v 6.464233 -0.550499 8.152756
v 8.620911 0.872707 5.515579
v 7.211914 0.511839 8.288391
v 7.178711 0.661030 8.309601
v 8.648499 0.733862 5.501511
v 7.211914 0.511839 8.288391
v 7.059631 0.483494 8.290375
v 7.178711 0.661030 8.309601
v 7.028503 0.632624 8.307617
v 6.933044 0.820158 7.820129
v 6.876526 2.100157 8.011597
v 7.114258 0.852005 7.915390
v 6.695068 2.070004 7.916214
v 6.049866 2.720181 8.471909
v 6.272827 2.540785 8.485458
v 6.096558 2.510635 8.443604
v 6.226135 2.750305 8.513763
v 8.115723 2.900658 5.598495
v 9.056335 3.547302 1.396225
v 10.005550 3.634384 1.875641
v 7.176331 2.775490 5.104828
v 8.015381 2.257219 5.360626
v 8.435852 1.029287 5.360519
v 8.197266 2.284590 5.456223
v 8.253967 1.001913 5.264923
v 8.142334 2.754004 5.590805
v 10.135680 3.463037 1.930420
v 8.261963 2.772915 5.653702
v 10.019350 3.453285 1.860168
v 7.783569 3.091850 5.458832
v 7.627258 3.069120 5.376709
v 9.677185 3.758507 1.754654
v 9.525024 3.747480 1.663452
v 7.159912 2.744211 5.380035
v 6.943848 3.919983 5.448227
v 7.257202 2.755276 5.431152
v 7.040649 3.934307 5.499084
v 7.826355 2.857132 5.446426
v 7.783569 3.091850 5.458832
v 9.714355 3.556948 1.714874
v 9.677185 3.758507 1.754654
v 11.249210 5.480152 -1.535248
v 8.297363 2.578812 5.643494
v 8.261963 2.772915 5.653702
v 10.165890 3.297916 1.898727
v 10.135680 3.463037 1.930420
v 11.757390 5.244171 -1.504425
v 11.709410 5.387482 -1.411346
v 6.543030 2.578604 8.675751
v 8.228394 2.281384 5.565842
v 6.772095 2.060398 8.389618
v 8.115723 2.900658 5.598495
v 10.005550 3.634384 1.875641
v 10.122920 3.047462 1.758926
v 11.548710 5.489162 -1.396301
v 11.701780 5.031532 -1.693649
v 8.219482 0.988152 5.339935
v 7.980713 2.244034 5.435684
v 10.183530 1.637520 1.292618
v 9.871826 3.025326 1.631683
v 11.804810 3.951180 -2.520630
v 11.445190 5.022472 -1.811066
v 8.435852 1.029287 5.360519
v 8.357849 1.000620 5.517532
v 8.197266 2.284590 5.456223
v 8.119202 2.255842 5.613251
v 8.175964 0.973244 5.421936
v 8.119202 2.255842 5.613251
v 8.357849 1.000620 5.517532
v 7.937317 2.228481 5.517654
v 8.467163 1.025499 5.470108
v 8.219482 0.988152 5.339935
v 10.422730 1.692173 1.436493
v 10.183530 1.637520 1.292618
v 8.501343 0.853380 5.452744
v 10.569640 1.565481 1.461502
v 8.620911 0.872707 5.515579
v 10.458370 1.549845 1.383591
v 8.186035 -0.287315 5.079773
v 8.062744 -0.231709 5.027756
v 10.161930 0.331505 0.892273
v 10.043950 0.395660 0.837906
v 8.648499 0.733862 5.501511
v 8.620911 0.872707 5.515579
v 10.607540 1.389374 1.420502
v 10.569640 1.565481 1.461502
v 12.298280 3.629478 -2.560532
v 12.247130 3.783485 -2.464706
v 6.772095 2.060398 8.389618
v 8.228394 2.281384 5.565842
v 6.510376 2.018118 8.287506
v 7.980713 2.244034 5.435684
v 9.058777 3.559040 1.613373
v 8.802673 4.825447 1.844650
v 10.673830 5.463997 -1.793030
v 10.362670 6.397110 -1.197342
v 9.155029 3.576492 1.662720
v 9.033508 3.580841 1.882584
v 8.887512 4.900215 1.900467
v 8.780762 4.863018 2.088562
v 9.056335 3.547302 1.396225
v 11.548710 5.489162 -1.396301
v 10.005550 3.634384 1.875641
v 10.575200 5.463379 -1.838287
v 10.019350 3.453285 1.860168
v 11.585750 5.381950 -1.468384
v 10.135680 3.463037 1.930420
v 11.709410 5.387482 -1.411346
v 12.060970 3.961754 -2.402679
v 10.183530 1.637520 1.292618
v 11.804810 3.951180 -2.520630
v 10.422730 1.692173 1.436493
v 8.297363 2.578812 5.643494
v 6.664368 2.292662 8.527527
v 6.802307 2.316456 8.554138
v 8.177612 2.559917 5.580627
v 8.261963 2.772915 5.653702
v 6.802307 2.316456 8.554138
v 6.763794 2.489178 8.577454
v 8.297363 2.578812 5.643494
v 11.446960 7.910522 -2.533386
v 11.481260 7.705872 -2.673264
v 10.489810 6.799870 -1.234955
v 10.564940 6.594086 -1.369583
v 11.377690 7.713814 -2.710327
v 11.566830 6.794117 -3.324081
v 10.464050 6.588558 -1.414108
v 10.759460 5.647938 -1.956741
v 11.028260 5.652550 -1.495132
v 11.815670 7.062092 -2.950882
v 11.190490 5.657082 -1.421387
v 11.657710 7.062973 -3.033798
v 11.190490 5.657082 -1.421387
v 11.875180 6.890121 -3.067261
v 11.249210 5.480152 -1.535248
v 11.815670 7.062092 -2.950882
v 12.653080 8.325363 -4.881866
v 12.589110 8.489117 -4.755157
v 12.899410 9.055786 -5.478851
v 12.831730 9.212933 -5.343842
v 11.701780 5.031532 -1.693649
v 11.548710 5.489162 -1.396301
v 12.355290 6.490726 -3.289627
v 12.201600 6.950447 -2.991882
v 12.852290 7.375114 -4.446487
v 12.722050 7.872349 -4.202774
v 13.124760 7.950092 -5.087860
v 12.940670 8.341228 -4.718124
v 13.376220 8.699108 -5.697830
v 13.192140 9.090244 -5.328049
v 11.709410 5.387482 -1.411346
v 11.585750 5.381950 -1.468384
v 12.326350 6.780670 -2.922409
v 12.205200 6.781345 -2.985962
v 10.564940 6.594086 -1.369583
v 10.863770 5.664085 -1.925079
v 10.463380 6.399109 -1.151901
v 10.769100 5.465698 -1.750107
v 10.489810 6.799870 -1.234955
v 10.564940 6.594086 -1.369583
v 10.392940 6.610638 -1.018417
v 10.463380 6.399109 -1.151901
v 10.489810 6.799870 -1.234955
v 10.351010 6.897953 -1.211700
v 11.446960 7.910522 -2.533386
v 11.326050 8.021545 -2.499969
v 11.446960 7.910522 -2.533386
v 11.326050 8.021545 -2.499969
v 12.048710 8.948151 -3.728378
v 11.922300 9.047985 -3.682419
v 12.167420 9.195175 -3.997253
v 12.041080 9.295013 -3.951263
v 11.446960 7.910522 -2.533386
v 12.048710 8.948151 -3.728378
v 11.481260 7.705872 -2.673264
v 12.094420 8.766613 -3.894394
v 12.183900 8.966080 -4.095352
v 12.167420 9.195175 -3.997253
v 11.377690 7.713814 -2.710327
v 11.991090 8.775002 -3.932037
v 11.566830 6.794117 -3.324081
v 12.293760 8.103756 -4.832870
v 12.426570 8.481468 -4.827301
v 12.589110 8.489117 -4.755157
v 11.657710 7.062973 -3.033798
v 11.815670 7.062092 -2.950882
v 12.094420 8.766613 -3.894394
v 12.293760 8.103756 -4.832870
v 11.991090 8.775002 -3.932037
v 12.393980 8.107498 -4.786957
v 12.094420 8.766613 -3.894394
v 12.466670 8.283726 -4.960068
v 12.393980 8.107498 -4.786957
v 12.183900 8.966080 -4.095352
v 12.426570 8.481468 -4.827301
v 12.831730 9.212933 -5.343842
v 12.589110 8.489117 -4.755157
v 12.661800 9.191681 -5.398743
v 13.119080 8.243389 -4.771790
v 12.205200 6.781345 -2.985962
v 12.994510 8.237534 -4.827057
v 12.326350 6.780670 -2.922409
v 11.709410 5.387482 -1.411346
v 12.375550 6.638924 -3.018204
v 11.757390 5.244171 -1.504425
v 12.326350 6.780670 -2.922409
v 13.172000 8.108402 -4.876144
v 13.119080 8.243389 -4.771790
v 13.442750 8.884010 -5.530304
v 13.386960 9.013519 -5.419052
v 12.461730 6.828690 -3.738327
v 12.949830 5.872990 -4.713120
v 12.893430 5.768833 -4.581406
v 12.518190 6.932846 -3.870026
v 11.445190 5.022472 -1.811066
v 12.470090 5.370255 -4.126587
v 11.804810 3.951180 -2.520630
v 12.098820 6.481121 -3.407166
v 12.909120 6.161800 -5.149200
v 12.594300 7.363300 -4.560379
v 12.868290 7.940483 -5.205399
v 13.304020 6.849789 -6.067078
v 13.555480 7.598808 -6.677032
v 13.119750 8.689499 -5.815369
v 11.804810 3.951180 -2.520630
v 12.726440 5.380207 -4.008835
v 12.060970 3.961754 -2.402679
v 12.470090 5.370255 -4.126587
v 13.167110 6.173916 -5.035172
v 12.909120 6.161800 -5.149200
v 13.304020 6.849789 -6.067078
v 13.560420 6.859585 -5.949356
v 12.247130 3.783485 -2.464706
v 12.123780 3.776653 -2.522125
v 12.887390 5.164692 -4.014633
v 12.766300 5.165363 -4.078156
v 13.320130 6.005596 -5.027420
v 13.198430 6.005630 -5.089798
v 13.712280 6.733841 -5.942734
v 13.587590 6.727978 -5.998001
v 12.247130 3.783485 -2.464706
v 12.936650 5.022942 -4.110413
v 12.298280 3.629478 -2.560532
v 12.887390 5.164692 -4.014633
v 13.372070 5.869175 -5.129745
v 13.320130 6.005596 -5.027420
v 13.765200 6.598869 -6.047119
v 13.712280 6.733841 -5.942734
v 11.997560 2.506498 -3.552231
v 11.953130 2.639851 -3.467514
v 12.631530 4.033901 -5.123199
v 12.587400 4.161053 -5.037277
v 13.075810 4.810787 -6.156006
v 13.029540 4.933990 -6.065079
v 13.327330 5.384968 -6.751740
v 13.294740 5.530235 -6.692505
v 12.060970 3.961754 -2.402679
v 12.880310 4.920147 -4.306793
v 12.223210 3.473579 -2.708176
v 12.726440 5.380207 -4.008835
v 13.297550 5.676388 -5.279022
v 13.167110 6.173916 -5.035172
v 13.560420 6.859585 -5.949356
v 13.753720 6.613831 -6.351135
v 12.891110 4.987030 -6.067139
v 13.294740 5.530235 -6.692505
v 13.029540 4.933990 -6.065079
v 13.164490 5.597378 -6.713531
v 12.891110 4.987030 -6.067139
v 13.029540 4.933990 -6.065079
v 12.454830 4.224693 -5.052795
v 12.587400 4.161053 -5.037277
v 12.454830 4.224693 -5.052795
v 12.587400 4.161053 -5.037277
v 11.817380 2.702820 -3.477188
v 11.953130 2.639851 -3.467514
v 13.386960 9.013519 -5.419052
v 12.994510 8.237534 -4.827057
v 13.256650 8.997238 -5.461136
v 13.119080 8.243389 -4.771790
v 12.094420 8.766613 -3.894394
v 11.991090 8.775002 -3.932037
v 11.481260 7.705872 -2.673264
v 11.377690 7.713814 -2.710327
v 11.481260 7.705872 -2.673264
v 11.377690 7.713814 -2.710327
v 10.564940 6.594086 -1.369583
v 10.464050 6.588558 -1.414108
v 8.828247 5.183567 1.956039
v 10.256900 6.714924 -0.996735
v 10.392940 6.610638 -1.018417
v 8.698853 5.323593 1.935135
v 10.463380 6.399109 -1.151901
v 8.802673 4.825447 1.844650
v 8.887512 4.900215 1.900467
v 10.362670 6.397110 -1.197342
v 8.682007 4.857948 2.039032
v 7.055725 3.961363 5.223160
v 8.780762 4.863018 2.088562
v 7.152527 3.975681 5.274048
v 8.802673 4.825447 1.844650
v 9.058777 3.559040 1.613373
v 8.887512 4.900215 1.900467
v 9.155029 3.576492 1.662720
v 13.172000 8.108402 -4.876144
v 13.047300 8.102684 -4.931351
v 12.375550 6.638924 -3.018204
v 12.254390 6.639832 -3.081604
v 12.594300 7.363300 -4.560379
v 12.852290 7.375114 -4.446487
v 12.868290 7.940483 -5.205399
v 13.124760 7.950092 -5.087860
v 12.868290 7.940483 -5.205399
v 13.124760 7.950092 -5.087860
v 13.119750 8.689499 -5.815369
v 13.376220 8.699108 -5.697830
v 11.445190 5.022472 -1.811066
v 11.701780 5.031532 -1.693649
v 12.098820 6.481121 -3.407166
v 12.355290 6.490726 -3.289627
v 12.098820 6.481121 -3.407166
v 12.355290 6.490726 -3.289627
v 12.594300 7.363300 -4.560379
v 12.852290 7.375114 -4.446487
v 10.122920 3.047462 1.758926
v 11.701780 5.031532 -1.693649
v 9.871826 3.025326 1.631683
v 11.445190 5.022472 -1.811066
v 10.489810 6.799870 -1.234955
v 10.256900 6.714924 -0.996735
v 10.351010 6.897953 -1.211700
v 10.392940 6.610638 -1.018417
v 8.722290 5.150818 2.138138
v 8.698853 5.323593 1.935135
v 8.828247 5.183567 1.956039
v 8.593628 5.291779 2.113998
v 6.943848 3.919983 5.448227
v 5.526733 3.565666 8.242401
v 7.040649 3.934307 5.499084
v 5.631897 3.583023 8.276550
v 7.965942 0.267838 5.071213
v 10.043950 0.395660 0.837906
v 8.062744 -0.231709 5.027756
v 9.930847 0.955929 0.958923
v 11.651250 3.202629 -3.163193
v 11.817380 2.702820 -3.477188
v 7.012817 0.836197 7.663971
v 7.194031 0.868528 7.759247
v 6.774719 2.087744 7.759979
v 6.956116 2.118427 7.855316
v 10.018800 1.042929 1.044846
v 11.742130 3.274580 -3.068817
v 9.930847 0.955929 0.958923
v 11.651250 3.202629 -3.163193
v 8.063416 0.344584 5.135117
v 9.930847 0.955929 0.958923
v 7.965942 0.267838 5.071213
v 10.018800 1.042929 1.044846
v 6.473755 0.058662 8.232162
v 8.063416 0.344584 5.135117
v 6.350708 -0.029739 8.220673
v 7.965942 0.267838 5.071213
v 11.683650 3.450508 -2.959106
v 12.381350 4.754642 -4.636047
v 11.742130 3.274580 -3.068817
v 12.324950 4.917118 -4.526276
v 12.813540 5.509247 -5.640701
v 12.754330 5.666710 -5.524506
v 13.142700 6.208500 -6.416153
v 13.101010 6.394123 -6.340485
v 11.651250 3.202629 -3.163193
v 11.742130 3.274580 -3.068817
v 12.292480 4.692215 -4.736801
v 12.381350 4.754642 -4.636047
v 11.817380 2.702820 -3.477188
v 11.651250 3.202629 -3.163193
v 12.454830 4.224693 -5.052795
v 12.292480 4.692215 -4.736801
v 12.891110 4.987030 -6.067139
v 12.721010 5.440113 -5.732925
v 13.164490 5.597378 -6.713531
v 13.044740 6.131561 -6.495804
v 12.292480 4.692215 -4.736801
v 12.381350 4.754642 -4.636047
v 12.721010 5.440113 -5.732925
v 12.813540 5.509247 -5.640701
v 12.721010 5.440113 -5.732925
v 12.813540 5.509247 -5.640701
v 13.044740 6.131561 -6.495804
v 13.142700 6.208500 -6.416153
v 5.081665 3.607302 9.258636
v 4.817566 3.708544 10.057590
v 5.178162 3.618839 9.315018
v 4.926636 3.697697 10.066390
v 5.631897 3.583023 8.276550
v 5.165222 3.612337 9.024048
v 5.262329 3.625818 9.076996
v 5.526733 3.565666 8.242401
v 3.609070 1.724981 6.705826
v 3.642761 1.645357 7.422531
v 3.796997 1.633465 6.768326
v 3.852173 1.607101 7.412582
v -5.558167 0.159918 2.106384
v -4.010132 0.788036 -1.025162
v -5.690857 0.833256 2.164078
v -6.359924 0.528889 3.432526
v -6.083740 -0.072260 3.230988
v 3.642761 1.645357 7.422531
v 3.884949 1.333010 8.041718
v 3.852173 1.607101 7.412582
v 4.094360 1.298306 8.036392
v 12.880310 4.920147 -4.306793
v 11.442570 5.614029 -6.143570
v 11.020080 4.850479 -5.159286
v 13.297550 5.676388 -5.279022
v 13.753720 6.613831 -6.351135
v 11.893550 6.544170 -7.203613
v 4.817566 3.708544 10.057590
v 4.790100 3.968990 10.711880
v 4.926636 3.697697 10.066390
v 4.901245 3.953453 10.720870
v 5.545288 2.424274 7.962631
v 5.348267 2.466352 8.927490
v 5.797485 2.469671 8.044510
v 5.113770 2.432266 8.801620
v 5.045044 2.520061 9.036362
v 5.015076 2.413471 8.749420
v 4.943787 2.501162 8.980255
v 5.113770 2.432266 8.801620
v 5.281128 2.542507 9.171631
v 5.348267 2.466352 8.927490
v 5.444763 2.474707 8.979645
v 4.587219 2.822023 10.007600
v 5.152283 2.504814 9.542572
v 4.924683 2.517372 9.366791
v 4.842346 2.792728 10.103490
v 5.152283 2.504814 9.542572
v 5.281128 2.542507 9.171631
v 4.924683 2.517372 9.366791
v 5.045044 2.520061 9.036362
v 4.587219 2.822023 10.007600
v 4.484253 3.298313 10.362350
v 4.842346 2.792728 10.103490
v 4.758606 3.150532 10.353640
v 4.484253 3.298313 10.362350
v 4.509338 3.497438 10.371890
v 4.758606 3.150532 10.353640
v 4.801575 3.381464 10.333820
v 4.509338 3.497438 10.371890
v 4.790100 3.968990 10.711880
v 4.801575 3.381464 10.333820
v 4.522583 4.007683 10.690220
v 4.537903 3.736008 10.034300
v 4.411377 4.023582 10.681240
v 4.522583 4.007683 10.690220
v 4.428772 3.747444 10.025650
v 4.575562 4.379196 10.684680
v 4.843140 4.340351 10.706360
v 4.446533 4.270779 10.677550
v 4.936584 4.199867 10.717220
v 4.790100 3.968990 10.711880
v 4.901245 3.953453 10.720870
v 4.522583 4.007683 10.690220
v 4.411377 4.023582 10.681240
v 5.375244 2.550621 9.226440
v 5.081665 3.607302 9.258636
v 5.178162 3.618839 9.315018
v 5.281128 2.542507 9.171631
v 4.729919 3.557272 9.059341
v 4.428772 3.747444 10.025650
v 4.835388 3.572004 9.118011
v 4.537903 3.736008 10.034300
v 4.822998 3.556057 8.840530
v 4.924561 3.572104 8.894455
v 5.168945 3.506588 8.126083
v 5.273987 3.523937 8.160263
v 6.711060 3.885777 5.325882
v 5.168945 3.506588 8.126083
v 5.273987 3.523937 8.160263
v 6.614319 3.871399 5.274994
v 3.961792 1.976959 8.015060
v 4.462219 1.945271 8.374557
v 3.961853 1.804588 7.985870
v 4.501526 1.776752 8.348038
v 12.661800 9.191681 -5.398743
v 12.490660 8.317726 -4.953888
v 12.729550 9.034561 -5.533707
v 12.426570 8.481468 -4.827301
v 10.082700 5.829391 -4.852203
v 10.201540 5.968014 -4.706039
v 9.693909 5.357903 -4.021774
v 9.836548 5.511234 -3.904785
v 10.082700 5.829391 -4.852203
v 10.719240 6.329849 -5.798248
v 10.201540 5.968014 -4.706039
v 10.617430 6.201786 -5.965347
v 10.088990 6.506447 -5.204483
v 10.867130 6.734863 -6.286118
v 10.242250 6.618408 -5.053452
v 10.719060 6.605709 -6.423431
v 10.719060 6.605709 -6.423431
v 10.897640 6.808704 -6.941635
v 10.867130 6.734863 -6.286118
v 10.743350 6.625656 -6.988876
v 10.743350 6.625656 -6.988876
v 11.370730 6.731449 -7.855072
v 10.897640 6.808704 -6.941635
v 11.216430 6.548412 -7.902313
v 10.744870 6.213566 -6.668961
v 10.864690 6.413578 -6.612411
v 10.617430 6.201786 -5.965347
v 10.719240 6.329849 -5.798248
v 11.153380 6.146870 -7.457718
v 11.273250 6.346859 -7.401199
v 10.744870 6.213566 -6.668961
v 10.864690 6.413578 -6.612411
v 9.743286 5.531693 -4.318298
v 10.669680 5.427612 -4.441971
v 10.542910 5.808517 -4.196350
v 9.822144 5.199631 -4.550461
v 7.345459 6.146954 -5.868896
v 7.502380 6.113380 -5.762024
v 6.941650 6.017433 -5.503525
v 7.085815 5.967072 -5.384445
v 7.824219 6.254749 -5.649063
v 8.251831 6.815800 -6.010544
v 7.971191 6.330055 -5.459442
v 8.313293 6.839188 -5.766876
v 7.464050 5.220387 -4.391068
v 7.824219 6.254749 -5.649063
v 7.971191 6.330055 -5.459442
v 7.312744 5.105480 -4.554810
v 7.971191 6.330055 -5.459442
v 8.313293 6.839188 -5.766876
v 8.140991 6.202591 -5.539154
v 8.463928 6.671036 -5.789322
v 7.642822 5.116295 -4.483566
v 7.971191 6.330055 -5.459442
v 8.140991 6.202591 -5.539154
v 7.464050 5.220387 -4.391068
v 8.546997 5.651340 -4.943161
v 8.824890 6.329903 -5.850754
v 8.610168 5.801907 -4.815918
v 8.888062 6.480457 -5.723541
v 7.850342 7.063759 -6.641983
v 8.479492 7.612160 -7.205154
v 8.019165 6.917530 -6.809570
v 8.368530 7.834343 -7.072647
v 8.283325 7.769459 -7.328369
v 8.368530 7.834343 -7.072647
v 7.764893 7.000801 -6.898010
v 7.850342 7.063759 -6.641983
v 7.764893 7.000801 -6.898010
v 7.850342 7.063759 -6.641983
v 7.157288 6.461052 -6.453796
v 7.266174 6.552917 -6.225647
v 6.732849 5.998695 -5.552856
v 6.858093 6.111343 -5.344284
v 7.850342 7.063759 -6.641983
v 8.019165 6.917530 -6.809570
v 7.266174 6.552917 -6.225647
v 7.420410 6.408794 -6.406815
v 7.266174 6.552917 -6.225647
v 7.420410 6.408794 -6.406815
v 6.858093 6.111343 -5.344284
v 7.001953 5.970421 -5.535126
v 7.529907 6.556229 -6.138489
v 7.713013 6.546242 -6.081818
v 7.345459 6.146954 -5.868896
v 7.502380 6.113380 -5.762024
v 5.906006 4.098339 -4.718399
v 6.946228 5.957706 -7.085327
v 6.114014 4.095375 -4.621826
v 6.733948 6.010082 -7.165894
v 6.674988 5.326691 -7.383011
v 6.733948 6.010082 -7.165894
v 6.091797 3.540285 -5.076889
v 5.906006 4.098339 -4.718399
v 6.674988 5.326691 -7.383011
v 6.837097 6.560600 -7.938171
v 6.733948 6.010082 -7.165894
v 6.756042 5.885429 -8.179932
v 6.837097 6.560600 -7.938171
v 7.059937 6.510277 -7.891785
v 6.733948 6.010082 -7.165894
v 6.946228 5.957706 -7.085327
v 5.732605 5.243950 -5.159653
v 5.991638 6.068043 -6.429718
v 5.807617 5.397720 -5.050507
v 6.066833 6.220016 -6.320374
v 6.200867 6.597111 -6.895325
v 6.276184 6.748711 -6.786041
v 3.821594 5.864471 -7.477936
v 4.613098 5.395950 -8.925095
v 3.885864 5.640419 -7.549423
v 4.566162 5.644871 -8.910049
v 3.694397 5.774754 -7.659271
v 4.566162 5.644871 -8.910049
v 3.821594 5.864471 -7.477936
v 4.433167 5.520229 -9.066406
v 4.324463 6.123566 -7.562378
v 4.724548 6.370834 -8.030350
v 4.461121 6.220398 -7.441406
v 4.785767 6.458038 -7.849976
v 3.872192 5.534344 -5.851196
v 4.461121 6.220398 -7.441406
v 4.011841 5.397766 -5.883575
v 4.591736 6.070583 -7.456039
v 4.566162 5.644871 -8.910049
v 5.256104 5.241661 -9.328613
v 4.613098 5.395950 -8.925095
v 5.262756 5.458168 -9.456253
v 4.591736 6.070583 -7.456039
v 4.785767 6.458038 -7.849976
v 4.898438 6.297951 -7.806519
v 4.461121 6.220398 -7.441406
v 5.963074 4.915886 -9.629410
v 5.966980 4.694672 -9.506439
v 5.262756 5.458168 -9.456253
v 5.256104 5.241661 -9.328613
v 5.102783 5.788486 -7.519821
v 5.337463 5.213753 -7.631226
v 5.168945 5.179253 -6.608627
v 5.392212 4.620190 -6.745361
v 5.168945 5.179253 -6.608627
v 4.942566 5.104607 -6.588058
v 5.102783 5.788486 -7.519821
v 4.858582 5.740551 -7.540558
v 3.451294 5.858730 -8.885223
v 4.168945 5.527012 -9.609909
v 3.582092 5.624653 -8.765060
v 4.037964 5.763638 -9.730530
v 3.451294 5.858730 -8.885223
v 3.582092 5.624653 -8.765060
v 3.092285 6.015915 -8.032394
v 3.242981 5.783257 -7.955795
v 3.041321 5.785851 -8.149612
v 3.451294 5.858730 -8.885223
v 3.092285 6.015915 -8.032394
v 3.380493 5.605247 -8.956940
v 2.085510 6.300739 -8.338318
v 2.437866 6.701721 -8.543518
v 2.499207 6.516300 -8.554001
v 1.995239 6.464355 -8.278748
v 2.757996 6.655922 -8.791092
v 2.975769 6.620461 -8.718048
v 2.476807 6.328926 -8.349777
v 2.660400 6.289200 -8.212311
v 3.380493 5.605247 -8.956940
v 4.037964 5.763638 -9.730530
v 3.451294 5.858730 -8.885223
v 3.907166 5.527897 -9.719635
v 1.550537 5.760902 -7.617737
v 1.995239 6.464355 -8.278748
v 2.085510 6.300739 -8.338318
v 1.445190 5.910168 -7.546890
v 1.445190 5.910168 -7.546890
v 1.853760 6.462654 -8.440277
v 1.995239 6.464355 -8.278748
v 1.287170 5.881077 -7.685699
v 1.164734 5.330276 -8.306625
v 1.161987 5.497116 -8.541458
v 2.266052 5.668846 -8.779053
v 2.120911 5.761333 -8.965149
v 1.169067 5.403515 -7.487289
v 1.485596 6.655293 -8.454590
v 1.657288 6.518826 -8.534927
v 0.988831 5.514626 -7.394470
v 0.988831 5.514626 -7.394470
v 1.336792 6.595058 -8.645798
v 1.485596 6.655293 -8.454590
v 0.836426 5.412643 -7.560226
v 2.080505 5.189617 -9.198318
v 2.120911 5.761333 -8.965149
v 1.258972 4.993370 -8.821579
v 1.161987 5.497116 -8.541458
v -0.618469 3.963581 -8.172318
v -0.776306 4.435955 -7.871338
v 1.444702 5.664085 -8.702209
v 2.289673 5.583385 -8.275208
v 1.277283 6.105034 -8.411392
v 2.182007 6.131248 -8.155792
v 1.485596 6.655293 -8.454590
v 1.827148 7.147400 -8.755936
v 1.657288 6.518826 -8.534927
v 1.980103 6.970039 -8.779388
v 1.485596 6.655293 -8.454590
v 1.763977 7.136349 -9.000443
v 1.827148 7.147400 -8.755936
v 1.336792 6.595058 -8.645798
v 5.120300 5.283928 -9.536392
v 5.262756 5.458168 -9.456253
v 4.433167 5.520229 -9.066406
v 4.566162 5.644871 -8.910049
v 2.225586 5.096985 -9.012009
v 2.120911 5.761333 -8.965149
v 2.080505 5.189617 -9.198318
v 2.266052 5.668846 -8.779053
v 1.444702 5.664085 -8.702209
v 0.359192 5.702824 -8.293289
v 0.498596 5.319588 -8.583664
v 1.277283 6.105034 -8.411392
v 2.182007 6.131248 -8.155792
v 2.289673 5.583385 -8.275208
v 3.281006 6.153946 -7.844116
v 3.451904 5.795128 -8.160172
v 1.388611 6.416763 -8.930328
v 0.321228 6.395054 -8.387985
v 1.181335 6.826977 -8.851608
v 0.466126 5.952599 -8.433167
v 1.483643 6.645638 -9.318924
v 1.181335 6.826977 -8.851608
v 1.244141 6.978432 -9.108597
v 1.388611 6.416763 -8.930328
v 1.483643 6.645638 -9.318924
v 1.244141 6.978432 -9.108597
v 0.783508 6.876431 -9.986725
v 0.587158 7.164925 -9.687820
v 0.865418 5.835602 -11.218380
v 0.719360 6.543221 -11.027450
v 1.331055 6.871765 -12.526760
v 1.081665 7.551331 -12.366300
v 0.865418 5.835602 -11.218380
v 0.249207 6.292625 -10.036210
v 0.719360 6.543221 -11.027450
v 0.354553 5.561386 -10.199160
v -0.694458 4.411278 -7.790329
v -0.504334 3.841640 -8.152710
v 0.040283 6.299164 -10.132400
v 0.719360 6.543221 -11.027450
v 0.249207 6.292625 -10.036210
v 0.502747 6.527283 -11.098720
v 0.502747 6.527283 -11.098720
v 1.081665 7.551331 -12.366300
v 0.719360 6.543221 -11.027450
v 0.884583 7.523190 -12.478230
v 0.359192 5.702824 -8.293289
v -0.550964 5.594788 -8.633240
v 0.498596 5.319588 -8.583664
v -0.464661 5.256748 -8.892914
v 0.532776 0.697142 6.634659
v 0.352234 0.471146 6.636490
v 0.656982 0.850060 5.839142
v 0.454468 0.694357 5.716629
v -0.895630 5.504765 -8.024628
v 0.020386 6.208740 -9.636642
v -0.640137 5.337196 -7.966660
v -0.258179 6.342148 -9.656967
v 0.466126 5.952599 -8.433167
v -0.391602 6.410099 -8.693054
v 0.321228 6.395054 -8.387985
v -0.298462 5.968933 -8.761002
v -0.298462 5.968933 -8.761002
v -1.146118 6.327995 -8.865570
v -0.391602 6.410099 -8.693054
v -1.107605 5.880623 -8.946396
v -1.852783 5.978775 -9.466400
v -1.840881 6.420155 -9.350082
v -1.130310 5.883877 -8.962219
v -1.167236 6.330757 -8.880341
v -1.107605 5.880623 -8.946396
v -1.146118 6.327995 -8.865570
v -1.852783 5.978775 -9.466400
v -2.033875 6.682495 -9.929840
v -1.840881 6.420155 -9.350082
v -2.101807 6.317699 -10.214680
v -1.394714 6.599255 -10.806780
v -1.240906 6.367748 -10.739040
v -1.747681 6.518497 -9.943359
v -1.575867 6.304577 -9.917847
v -1.394714 6.599255 -10.806780
v -0.671326 6.544868 -11.577970
v -1.240906 6.367748 -10.739040
v -0.825134 6.776764 -11.645780
v -1.394714 6.599255 -10.806780
v -1.439087 6.353657 -10.934070
v -0.825134 6.776764 -11.645780
v -0.929138 6.523525 -11.689150
v -1.439087 6.353657 -10.934070
v -1.394714 6.599255 -10.806780
v -1.775757 6.308231 -10.109890
v -1.747681 6.518497 -9.943359
v -2.033875 6.682495 -9.929840
v -1.572876 6.438377 -10.181550
v -1.633179 6.760250 -9.880402
v -2.101807 6.317699 -10.214680
v -0.403626 6.473438 -11.043900
v -0.283386 6.583298 -10.861180
v -1.129211 6.312916 -9.622253
v -1.010925 6.382996 -9.422592
v -0.733215 6.257233 -10.700930
v -0.581299 6.051426 -10.681900
v -1.378113 5.846172 -9.548584
v -1.226379 5.641754 -9.529694
v -1.444397 5.627022 -9.644043
v -0.733215 6.257233 -10.700930
v -1.378113 5.846172 -9.548584
v -0.827820 6.029243 -10.709790
v -1.633179 6.760250 -9.880402
v -1.061768 6.449871 -9.963501
v -1.119690 6.725628 -9.577591
v -1.572876 6.438377 -10.181550
v -0.403626 6.473438 -11.043900
v 0.410156 6.612679 -11.425050
v -0.283386 6.583298 -10.861180
v 0.286621 6.439495 -11.544300
v 0.410156 6.612679 -11.425050
v 0.427918 6.374847 -11.348450
v -0.283386 6.583298 -10.861180
v -0.212402 6.350933 -10.930240
v 1.134155 6.842766 -12.638790
v 0.884583 7.523190 -12.478230
v 0.647522 5.820183 -11.289730
v 0.502747 6.527283 -11.098720
v 0.647522 5.820183 -11.289730
v 0.502747 6.527283 -11.098720
v 0.145813 5.567371 -10.295500
v 0.040283 6.299164 -10.132400
v -0.258179 6.342148 -9.656967
v 0.051575 6.654209 -10.481700
v 0.020386 6.208740 -9.636642
v -0.212647 6.756599 -10.367690
v -0.331177 6.140186 -9.814606
v -0.212647 6.756599 -10.367690
v -0.258179 6.342148 -9.656967
v -0.324951 6.530830 -10.451970
v 0.208618 6.793636 -10.059940
v 0.178284 7.117462 -9.762146
v -0.067383 6.580708 -9.781937
v -0.113098 6.863674 -9.406860
v -0.113098 6.863674 -9.406860
v -0.716003 6.760056 -9.464584
v -0.067383 6.580708 -9.781937
v -0.577393 6.473305 -9.793976
v -1.119690 6.725628 -9.577591
v -0.577393 6.473305 -9.793976
v -0.716003 6.760056 -9.464584
v -1.061768 6.449871 -9.963501
v 0.410156 6.612679 -11.425050
v 1.181091 5.961338 -11.630780
v 0.427918 6.374847 -11.348450
v 1.152283 6.204556 -11.702150
v -2.105225 5.807556 -10.442210
v -2.749390 6.346848 -10.718950
v -2.642273 5.994381 -10.981770
v -2.278320 6.201424 -10.256810
v -1.845703 5.512253 -9.883148
v -2.278320 6.201424 -10.256810
v -2.105225 5.807556 -10.442210
v -2.017883 5.850609 -9.707855
v -2.841125 5.781204 -9.443634
v -2.401550 7.304428 -11.257550
v -2.774414 5.936653 -9.281631
v -2.334778 7.459023 -11.095460
v -2.774414 5.936653 -9.281631
v -2.334778 7.459023 -11.095460
v -2.614624 5.832939 -9.416046
v -2.174805 7.354149 -11.229800
v -2.254150 8.093987 -11.681560
v -2.103333 7.931534 -11.751540
v -2.401550 7.304428 -11.257550
v -2.320923 7.939373 -11.843690
v -2.334778 7.459023 -11.095460
v -2.254150 8.093987 -11.681560
v -2.951721 7.685787 -11.756300
v -3.058655 8.125183 -12.357700
v -2.752075 7.680325 -11.811460
v -2.875244 8.046421 -12.413570
v -3.058655 8.125183 -12.357700
v -3.231934 7.974850 -13.150120
v -3.239136 8.159958 -13.056380
v -3.048889 7.936607 -12.441910
v -2.951721 7.685787 -11.756300
v -3.048889 7.936607 -12.441910
v -3.058655 8.125183 -12.357700
v -2.895020 7.583603 -11.926450
v -3.274902 7.750977 -11.575410
v -3.384583 7.901054 -11.517700
v -3.156128 8.218758 -11.906950
v -3.287170 8.337414 -11.825500
v -5.963989 6.816536 -8.848145
v -5.651733 5.910843 -9.455292
v -6.037354 6.664608 -8.674194
v -5.740967 5.761341 -9.278137
v -5.752014 5.906914 -9.500992
v -6.048889 6.826477 -8.876038
v -5.303650 6.770561 -10.558750
v -5.555847 7.718357 -9.952362
v -6.106262 6.864414 -8.540268
v -6.031433 7.011921 -8.717163
v -6.037354 6.664608 -8.674194
v -5.963989 6.816536 -8.848145
v -5.451416 7.732830 -9.920212
v -5.519409 7.935799 -9.790527
v -7.405151 4.912117 -6.123917
v -7.530640 5.028111 -6.145844
v -6.106262 6.864414 -8.540268
v -6.241272 6.961128 -8.518524
v -7.494324 4.851410 -5.973999
v -7.619202 4.966888 -5.998642
v -7.405151 4.912117 -6.123917
v -7.530640 5.028111 -6.145844
v -7.448486 4.629219 -6.221497
v -7.162842 3.366581 -6.502640
v -7.350281 4.647751 -6.174789
v -7.065674 3.385582 -6.454330
v -5.963989 6.816536 -8.848145
v -6.048889 6.826477 -8.876038
v -5.651733 5.910843 -9.455292
v -5.752014 5.906914 -9.500992
v -6.241272 6.961128 -8.518524
v -6.170532 7.120605 -8.687424
v -6.106262 6.864414 -8.540268
v -6.031433 7.011921 -8.717163
v -5.519409 7.935799 -9.790527
v -5.658142 8.023548 -9.757355
v 0.838013 0.624395 5.860443
v 0.532776 0.697142 6.634659
v 0.656982 0.850060 5.839142
v 0.750061 0.510424 6.589035
v -4.810303 7.853367 -12.109950
v -4.882080 8.095108 -11.975780
v -4.744202 8.427238 -12.306630
v -4.250854 5.968746 -13.156010
v -4.172424 6.213844 -13.349090
v -4.704102 7.845737 -11.700070
v -4.804382 7.841808 -11.745800
v -5.211731 8.670849 -11.005680
v -5.309998 8.667408 -11.055570
v -5.211731 8.670849 -11.005680
v -5.172363 9.093880 -11.121110
v -5.127686 8.837902 -11.182740
v -5.290527 8.861107 -10.863590
v 12.485110 5.495506 -7.049713
v 12.256590 4.753681 -6.490585
v 12.517640 5.350227 -7.108917
v 12.210390 4.876911 -6.399719
v 11.845700 4.038284 -5.535538
v 11.801570 4.165432 -5.449615
v 11.146120 2.617945 -3.834106
v 11.190730 2.483932 -3.919006
v 12.584230 5.572479 -6.969482
v 12.210390 4.876911 -6.399719
v 12.485110 5.495506 -7.049713
v 12.304140 4.946121 -6.306976
v 12.464480 6.106674 -6.751740
v 12.304140 4.946121 -6.306976
v 12.584230 5.572479 -6.969482
v 12.133970 5.399204 -5.972702
v 11.891660 4.227837 -5.348282
v 11.729310 4.695374 -5.032288
v 11.239440 2.685970 -3.740173
v 11.072880 3.186922 -3.425949
v 8.117493 5.925175 -5.655670
v 6.376831 5.735710 -6.204498
v 8.217712 5.574352 -6.004181
v 6.800598 5.385399 -6.404007
v 9.191040 5.456635 -5.297562
v 8.117493 5.925175 -5.655670
v 8.217712 5.574352 -6.004181
v 9.022461 5.750916 -4.953690
v 11.891660 4.227837 -5.348282
v 11.146120 2.617945 -3.834106
v 11.801570 4.165432 -5.449615
v 11.239440 2.685970 -3.740173
v 9.022461 5.750916 -4.953690
v 9.191040 5.456635 -5.297562
v 9.743286 5.531693 -4.318298
v 9.822144 5.199631 -4.550461
v 11.891660 4.227837 -5.348282
v 11.801570 4.165432 -5.449615
v 12.304140 4.946121 -6.306976
v 12.210390 4.876911 -6.399719
v 6.376831 5.735710 -6.204498
v 5.100952 5.511448 -6.470886
v 6.474121 5.392780 -6.528137
v 5.265747 5.194572 -6.625610
v 5.100952 5.511448 -6.470886
v 3.281006 6.153946 -7.844116
v 5.265747 5.194572 -6.625610
v 3.451904 5.795128 -8.160172
v 2.660400 6.289200 -8.212311
v 3.021362 6.444153 -8.892929
v 2.693115 6.048988 -8.289886
v 2.975769 6.620461 -8.718048
v 2.660400 6.289200 -8.212311
v 2.693115 6.048988 -8.289886
v 2.147095 6.340187 -7.746109
v 2.144531 6.092407 -7.794037
v -0.550964 5.594788 -8.633240
v -1.141785 5.794624 -9.187042
v -0.464661 5.256748 -8.892914
v -1.052063 5.417870 -9.377274
v -0.283386 6.583298 -10.861180
v -0.212402 6.350933 -10.930240
v -1.010925 6.382996 -9.422592
v -0.926148 6.189510 -9.541580
v 0.051575 6.654209 -10.481700
v -0.324951 6.530830 -10.451970
v 0.020386 6.208740 -9.636642
v -0.331177 6.140186 -9.814606
v -1.141785 5.794624 -9.187042
v -1.845703 5.512253 -9.883148
v -1.052063 5.417870 -9.377274
v -2.017883 5.850609 -9.707855
v 0.884583 7.523190 -12.478230
v 1.134155 6.842766 -12.638790
v 1.081665 7.551331 -12.366300
v 1.331055 6.871765 -12.526760
v 0.208618 6.793636 -10.059940
v 0.587158 7.164925 -9.687820
v 0.178284 7.117462 -9.762146
v 0.783508 6.876431 -9.986725
v -4.225342 6.769653 -10.940000
v -3.584900 6.063683 -10.749480
v -3.647217 6.792305 -10.676420
v -4.197449 6.054993 -10.939800
v -3.881958 6.750191 -11.590270
v -4.092285 6.563839 -11.545180
v -3.757813 6.489079 -10.982850
v -3.973206 6.334682 -11.086720
v -2.749390 6.346848 -10.718950
v -3.584900 6.063683 -10.749480
v -2.642273 5.994381 -10.981770
v -3.500854 5.638908 -10.896320
v -3.858582 7.719250 -11.826050
v -4.197449 6.054993 -10.939800
v -4.225342 6.769653 -10.940000
v -3.592163 6.809967 -12.332180
v -4.116760 5.546844 -11.071960
v -3.359985 6.017170 -12.773440
v -3.838501 4.809174 -11.612400
v -4.381165 3.726362 -10.320400
v -4.641052 4.495033 -9.822098
v -3.647217 6.792305 -10.676420
v -3.858582 7.719250 -11.826050
v -4.225342 6.769653 -10.940000
v -3.274902 7.750977 -11.575410
v -3.266418 5.618744 -9.742767
v -2.752075 7.680325 -11.811460
v -2.895020 7.583603 -11.926450
v -3.127686 5.728096 -9.631226
v -2.950928 6.241283 -11.023120
v -3.338745 6.179405 -11.700260
v -3.230957 6.066208 -11.094650
v -3.061035 6.339020 -11.809190
v -4.197449 6.054993 -10.939800
v -4.116760 5.546844 -11.071960
v -3.584900 6.063683 -10.749480
v -3.500854 5.638908 -10.896320
v -5.721497 7.560242 -12.664900
v -5.462341 7.574314 -12.553600
v -5.597595 7.874336 -12.963670
v -5.338318 7.887970 -12.852620
v -5.597595 7.874336 -12.963670
v -4.744202 8.427238 -12.306630
v -5.725220 8.375610 -12.726840
v -5.338318 7.887970 -12.852620
v -5.029968 6.676716 -13.424940
v -4.172424 6.213844 -13.349090
v -5.161621 6.161774 -13.772810
v -5.289307 6.663380 -13.535840
v -5.363342 6.451286 -13.595660
v -5.318665 6.300888 -13.680790
v -5.230896 6.472336 -13.558880
v -5.186218 6.322117 -13.643920
v -5.127686 8.837902 -11.182740
v -5.605225 9.078735 -11.340870
v -5.560608 8.822765 -11.402500
v -5.172363 9.093880 -11.121110
v -5.319031 9.140839 -11.079160
v -5.555359 9.132576 -11.199140
v -5.172363 9.093880 -11.121110
v -5.605225 9.078735 -11.340870
v -2.875244 8.046421 -12.413570
v -3.239136 8.159958 -13.056380
v -3.056946 8.081825 -13.118090
v -3.058655 8.125183 -12.357700
v -2.875244 8.046421 -12.413570
v -3.056946 8.081825 -13.118090
v -3.048889 7.936607 -12.441910
v -3.231934 7.974850 -13.150120
v -3.814636 8.162502 -11.930310
v -3.749390 8.022057 -12.024860
v -3.287170 8.337414 -11.825500
v -3.156128 8.218758 -11.906950
v -3.858582 7.719250 -11.826050
v -3.274902 7.750977 -11.575410
v -3.749390 8.022057 -12.024860
v -3.156128 8.218758 -11.906950
v -2.895020 7.583603 -11.926450
v -2.875244 8.046421 -12.413570
v -3.048889 7.936607 -12.441910
v -2.752075 7.680325 -11.811460
v -2.841125 5.781204 -9.443634
v -2.174805 7.354149 -11.229800
v -2.401550 7.304428 -11.257550
v -2.614624 5.832939 -9.416046
v -2.174805 7.354149 -11.229800
v -2.103333 7.931534 -11.751540
v -2.401550 7.304428 -11.257550
v -2.320923 7.939373 -11.843690
v -5.211731 8.670849 -11.005680
v -5.309998 8.667408 -11.055570
v -5.451416 7.732830 -9.920212
v -5.555847 7.718357 -9.952362
v 5.120300 5.283928 -9.536392
v 5.963074 4.915886 -9.629410
v 5.262756 5.458168 -9.456253
v 5.826660 4.734962 -9.711151
v 7.059937 6.510277 -7.891785
v 6.756042 5.885429 -8.179932
v 6.979004 5.833206 -8.133179
v 6.837097 6.560600 -7.938171
v 6.979004 5.833206 -8.133179
v 6.946228 5.957706 -7.085327
v 7.059937 6.510277 -7.891785
v 6.888062 5.257553 -7.313599
v 6.888062 5.257553 -7.313599
v 6.114014 4.095375 -4.621826
v 6.946228 5.957706 -7.085327
v 6.299683 3.537508 -4.980225
v 10.062130 4.160572 -2.977249
v 6.254822 3.455425 -5.256058
v 10.310060 3.415735 -3.448318
v 6.015076 4.176018 -4.793549
v 2.926819 3.598930 -6.811813
v 2.684082 4.329636 -6.347382
v 9.822144 5.199631 -4.550461
v 10.094790 4.211769 -3.057037
v 10.669680 5.427612 -4.441971
v 6.119446 4.215866 -4.843536
v 4.858582 5.740551 -7.540558
v 5.337463 5.213753 -7.631226
v 5.102783 5.788486 -7.519821
v 5.093384 5.165611 -7.652130
v 2.684082 4.329636 -6.347382
v -0.537964 3.847992 -8.356750
v 2.926819 3.598930 -6.811813
v -0.755127 4.499218 -7.943207
v -4.677368 4.456913 -9.739380
v -4.431580 3.727369 -10.209550
v 0.498596 5.319588 -8.583664
v -0.633057 4.542568 -7.984985
v 2.719543 4.372982 -6.429306
v 1.444702 5.664085 -8.702209
v 2.289673 5.583385 -8.275208
v 3.451904 5.795128 -8.160172
v 2.719543 4.372982 -6.429306
v 6.119446 4.215866 -4.843536
v 3.451904 5.795128 -8.160172
v 5.265747 5.194572 -6.625610
v 6.474121 5.392780 -6.528137
v 6.800598 5.385399 -6.404007
v 0.354553 5.561386 -10.199160
v 0.145813 5.567371 -10.295500
v -0.504334 3.841640 -8.152710
v -0.712769 3.845753 -8.248901
v -1.052063 5.417870 -9.377274
v -0.633057 4.542568 -7.984985
v -0.464661 5.256748 -8.892914
v -1.845703 5.512253 -9.883148
v -4.641052 4.495033 -9.822098
v -4.116760 5.546844 -11.071960
v -3.500854 5.638908 -10.896320
v -2.642273 5.994381 -10.981770
v -2.105225 5.807556 -10.442210
v -5.963989 6.816536 -8.848145
v -5.555847 7.718357 -9.952362
v -6.048889 6.826477 -8.876038
v -5.451416 7.732830 -9.920212
v -6.137634 6.660690 -8.719940
v -7.448486 4.629219 -6.221497
v -6.037354 6.664608 -8.674194
v -7.350281 4.647751 -6.174789
v 1.336792 6.595058 -8.645798
v 1.980103 6.970039 -8.779388
v 1.763977 7.136349 -9.000443
v 1.657288 6.518826 -8.534927
v 9.813965 6.341469 -4.242462
v 9.675842 6.076439 -3.904510
v 10.380680 6.297695 -3.882401
v 10.614560 6.729210 -4.427963
v 10.022160 6.740753 -4.751556
v 10.437500 7.457336 -5.747620
v 10.765080 7.416870 -5.490402
v 11.003420 7.401257 -5.331345
v 11.003420 7.401257 -5.331345
v 10.733460 7.611980 -5.481567
v 10.765080 7.416870 -5.490402
v 10.928960 7.513992 -5.178101
v 11.128720 7.732903 -2.799469
v 11.742680 8.795189 -4.022537
v 11.025210 7.740829 -2.836548
v 11.639400 8.803577 -4.060211
v 11.128720 7.732903 -2.799469
v 11.025210 7.740829 -2.836548
v 10.221440 6.575218 -1.521271
v 10.120540 6.569916 -1.565735
v 8.450195 4.887550 1.683823
v 8.563904 4.818436 1.726379
v 10.019170 6.392426 -1.351532
v 10.120300 6.393105 -1.306458
v 6.726196 3.912720 5.049957
v 7.037598 2.761553 5.031937
v 6.822937 3.927092 5.100845
v 6.940125 2.752180 4.980728
v 11.249630 7.945190 -5.913040
v 12.637700 6.973858 -6.296936
v 12.154970 7.938480 -5.509628
v 11.597230 7.206665 -6.611160
v 11.893550 6.544170 -7.203613
v 12.154970 7.938480 -5.509628
v 12.073910 8.084671 -5.371002
v 11.249630 7.945190 -5.913040
v 11.184140 8.051350 -5.778793
v 12.406430 8.687492 -6.119553
v 13.119750 8.689499 -5.815369
v 12.325380 8.833687 -5.980972
v 12.221740 9.053902 -5.772766
v 13.192140 9.090244 -5.328049
v 13.376220 8.699108 -5.697830
v 12.406430 8.687492 -6.119553
v 13.555480 7.598808 -6.677032
v 13.119750 8.689499 -5.815369
v 12.889220 7.722870 -6.906860
v 13.312440 8.867813 -5.572327
v 13.386960 9.013519 -5.419052
v 13.256650 8.997238 -5.461136
v 13.442750 8.884010 -5.530304
v 12.899410 9.055786 -5.478851
v 12.831730 9.212933 -5.343842
v 12.729550 9.034561 -5.533707
v 12.661800 9.191681 -5.398743
v 12.637700 6.973858 -6.296936
v 13.304020 6.849789 -6.067078
v 12.889220 7.722870 -6.906860
v 13.555480 7.598808 -6.677032
v 12.637700 6.973858 -6.296936
v 11.893550 6.544170 -7.203613
v 13.304020 6.849789 -6.067078
v 13.753720 6.613831 -6.351135
v 13.101010 6.394123 -6.340485
v 13.044740 6.131561 -6.495804
v 13.142700 6.208500 -6.416153
v 12.291320 6.359406 -6.697617
v 12.464480 6.106674 -6.751740
v 12.333010 6.173759 -6.773254
v 12.584230 5.572479 -6.969482
v 13.164490 5.597378 -6.713531
v 13.327330 5.384968 -6.751740
v 13.294740 5.530235 -6.692505
v 12.517640 5.350227 -7.108917
v 12.485110 5.495506 -7.049713
v 13.640440 6.593128 -6.102295
v 13.712280 6.733841 -5.942734
v 13.587590 6.727978 -5.998001
v 13.765200 6.598869 -6.047119
v 11.370730 6.731449 -7.855072
v 11.421450 6.534367 -7.717667
v 10.897640 6.808704 -6.941635
v 11.003170 6.609215 -6.891693
v 10.897640 6.808704 -6.941635
v 11.003170 6.609215 -6.891693
v 10.867130 6.734863 -6.286118
v 10.959290 6.535294 -6.325562
v 11.273250 6.346859 -7.401199
v 11.330380 6.134739 -7.298279
v 10.864690 6.413578 -6.612411
v 10.969180 6.199371 -6.585022
v 10.867130 6.734863 -6.286118
v 10.959290 6.535294 -6.325562
v 10.242250 6.618408 -5.053452
v 10.350770 6.457813 -5.166977
v 10.864690 6.413578 -6.612411
v 10.969180 6.199371 -6.585022
v 10.719240 6.329849 -5.798248
v 10.834720 6.149029 -5.903168
v 1.146423 0.189566 6.617218
v 0.389832 -0.192076 6.905228
v 0.961975 0.338137 6.516449
v 0.597351 -0.350763 6.919418
v 1.953430 0.786133 6.632278
v 1.433655 0.007767 7.123260
v 1.907959 0.604319 6.427521
v 1.479126 0.189699 7.328033
v -3.784485 0.309225 4.887024
v -0.738342 0.715109 3.988510
v -3.668762 0.255520 5.102310
v -0.782654 0.801243 3.745911
v -3.059753 1.362757 5.191971
v -3.488159 0.534487 5.523407
v -3.100952 1.258856 4.956329
v -3.447632 0.641857 5.759186
v -1.360474 1.263010 5.299133
v -1.928162 1.162512 5.637421
v -1.523682 1.359858 5.161819
v -2.013123 1.295080 5.468033
v -1.912415 1.139469 5.100906
v -2.466187 1.046434 5.517181
v -2.093872 1.183809 4.955963
v -2.260986 1.051128 5.612015
v -1.922607 0.019575 6.042511
v -2.155884 -0.000067 6.108185
v -2.858276 1.066580 2.518814
v -3.079590 1.017212 2.607437
v -0.967224 0.169210 7.014832
v -1.020630 -0.000488 6.867599
v -0.352356 0.748980 5.941025
v -0.405823 0.580029 5.793823
v -0.775330 0.013632 6.907455
v -0.967224 0.169210 7.014832
v -0.178894 0.544033 5.904343
v -0.352356 0.748980 5.941025
v 0.131714 1.124508 5.223236
v -3.916748 0.648846 4.989227
v -4.614929 0.172573 5.193039
v -4.121216 0.810024 4.922836
v -4.393494 0.037239 5.174164
v -4.393494 0.037239 5.174164
v -5.007629 -0.507401 4.969711
v -4.614929 0.172573 5.193039
v -4.791565 -0.637381 4.950195
v -5.007629 -0.507401 4.969711
v -4.932556 -0.588678 4.749878
v -4.614929 0.172573 5.193039
v -4.533142 0.102913 4.973206
v -0.738342 0.715109 3.988510
v -3.459534 -0.267586 4.961899
v -3.668762 0.255520 5.102310
v -0.751343 0.189087 3.932327
v -5.341858 0.189335 2.180847
v -5.899597 -0.044605 3.367981
v -5.474548 0.862120 2.238739
v -6.175842 0.556732 3.569489
v -6.175842 0.556732 3.569489
v -7.216492 -0.016764 4.342453
v -6.359924 0.528889 3.432526
v -7.063660 -0.008635 4.512619
v -6.175842 0.556732 3.569489
v -6.359924 0.528889 3.432526
v -5.474548 0.862120 2.238739
v -5.690857 0.833256 2.164078
v -5.899597 -0.044605 3.367981
v -6.767090 -0.597412 4.289612
v -6.175842 0.556732 3.569489
v -6.930237 -0.184509 4.317535
v -2.868896 1.144703 5.113647
v -3.447632 0.641857 5.759186
v -3.059753 1.362757 5.191971
v -3.220825 0.503523 5.631653
v -3.773010 1.989416 1.207474
v -4.326050 1.361937 2.892380
v -4.504700 1.482649 2.815567
v -3.581604 1.868576 1.247314
v -1.182434 1.267857 5.422134
v -1.599060 1.587671 5.941956
v -1.659180 1.405169 5.845078
v -1.094421 1.458923 5.452148
v -0.352356 0.748980 5.941025
v -0.405823 0.580029 5.793823
v -0.041565 1.328135 5.259781
v -0.095154 1.159698 5.112610
v -2.854492 0.416996 2.762650
v -2.155884 -0.000067 6.108185
v -2.045532 -0.502070 5.899551
v -3.079590 1.017212 2.607437
v 0.597351 -0.350763 6.919418
v -0.091187 -0.797012 6.828766
v 0.389832 -0.192076 6.905228
v 0.111328 -0.954510 6.842834
v 0.389832 -0.192076 6.905228
v 0.467102 -0.314396 6.709076
v 0.961975 0.338137 6.516449
v 1.007996 0.117426 6.434616
v 0.389832 -0.192076 6.905228
v -0.023743 -0.918421 6.635147
v 0.467102 -0.314396 6.709076
v -0.091187 -0.797012 6.828766
v 1.476257 0.269159 6.609299
v 1.400208 -0.314472 6.258926
v 1.266541 0.272497 6.516220
v 1.610291 -0.320211 6.351868
v -3.784485 0.309225 4.887024
v -3.668762 0.255520 5.102310
v -3.575256 -0.214012 4.746613
v -3.459534 -0.267586 4.961899
v -1.922607 0.019575 6.042511
v -2.045532 -0.502070 5.899551
v -2.155884 -0.000067 6.108185
v -1.812500 -0.480835 5.833939
v -4.614929 0.172573 5.193039
v -4.533142 0.102913 4.973206
v -4.121216 0.810024 4.922836
v -4.054810 0.617088 4.794144
v -6.767090 -0.597412 4.289612
v -6.947083 -0.622437 4.148163
v -6.930237 -0.184509 4.317535
v -7.044067 -0.331099 4.125290
v -4.565002 1.328053 2.745865
v -4.885498 1.379997 3.238571
v -4.928162 1.251232 3.116379
v -4.504700 1.482649 2.815567
v -6.491943 1.392639 3.581116
v -6.850037 1.414120 4.225250
v -6.537109 1.192112 3.559814
v -6.876831 1.233477 4.131805
v -6.491943 1.392639 3.581116
v -6.698730 1.267534 4.236176
v -6.850037 1.414120 4.225250
v -6.340698 1.246380 3.592026
v -6.078064 1.679699 2.141434
v -5.926758 1.532759 2.152512
v -10.060300 0.120171 1.600632
v -9.742432 1.236715 2.052521
v -9.174072 0.235567 2.076614
v -10.346370 1.147997 1.847870
v -11.005620 1.007410 1.884476
v -10.060300 0.120171 1.600632
v -11.456240 0.920656 1.708771
v -11.744630 -0.091032 1.037354
v -12.099980 0.793913 1.457886
v -11.152890 1.483347 2.342010
v -11.005620 1.007410 1.884476
v -11.708740 1.391203 2.245102
v -11.456240 0.920656 1.708771
v -12.212460 1.342070 1.622849
v -12.099980 0.793913 1.457886
v -12.499940 1.299698 1.460403
v -12.354980 0.754667 1.342133
v -12.424130 1.184010 1.349625
v -12.400820 1.006466 1.356552
v -12.540650 1.166874 1.280212
v -12.517270 0.989323 1.287125
v -6.930237 -0.184509 4.317535
v -7.044067 -0.331099 4.125290
v -7.063660 -0.008635 4.512619
v -7.216492 -0.016764 4.342453
v -3.575256 -0.214012 4.746613
v -0.795044 0.272009 3.689560
v -3.784485 0.309225 4.887024
v -0.782654 0.801243 3.745911
v -2.466187 1.046434 5.517181
v -2.402832 0.790447 5.551620
v -2.093872 1.183809 4.955963
v -2.004944 0.947840 4.879120
v -1.922607 0.019575 6.042511
v -2.858276 1.066580 2.518814
v -1.812500 -0.480835 5.833939
v -2.633850 0.469816 2.674240
v -6.340698 1.246380 3.592026
v -6.876831 1.233477 4.131805
v -6.698730 1.267534 4.236176
v -6.537109 1.192112 3.559814
v -7.521057 0.862732 2.647842
v -8.062927 1.061394 3.507111
v -7.316101 0.967949 2.799988
v -8.186890 0.944355 3.291779
v -6.812256 0.971891 2.117508
v -7.316101 0.967949 2.799988
v -6.590393 1.081415 2.218109
v -7.521057 0.862732 2.647842
v -11.006840 2.670427 1.119492
v -11.589780 2.560579 1.975449
v -11.513980 2.555691 2.055664
v -11.103700 2.656343 1.068604
v -9.093445 3.609430 -2.801422
v -10.989870 2.697699 0.839874
v -10.892940 2.711472 0.890793
v -9.190125 3.594706 -2.852249
v -11.433230 2.607750 0.895462
v -11.847470 2.576906 1.702377
v -11.336550 2.622417 0.946259
v -11.771850 2.572250 1.782562
v -12.036560 1.596487 1.594330
v -12.162170 1.358505 1.516479
v -12.188540 1.574774 1.503723
v -12.008300 1.381094 1.602753
v -12.036560 1.596487 1.594330
v -9.496155 2.416323 -3.483948
v -12.008300 1.381094 1.602753
v -9.536926 2.634754 -3.469940
v -9.536926 2.634754 -3.469940
v -7.644043 3.283745 -6.854858
v -9.496155 2.416323 -3.483948
v -7.685608 3.485607 -6.798508
v -10.035400 2.186693 -3.788376
v -8.143677 3.163671 -7.175583
v -9.915833 2.206697 -3.725784
v -8.262024 3.160540 -7.243607
v -8.228271 2.998526 -7.290466
v -10.035400 2.186693 -3.788376
v -10.001830 2.005547 -3.799652
v -8.262024 3.160540 -7.243607
v -7.027527 5.607491 -9.961716
v -6.978516 5.465370 -10.056990
v -7.520630 1.467690 -7.500793
v -9.586609 1.806961 -3.623886
v -9.328796 0.414667 -3.710068
v -7.820862 2.770351 -7.166367
v -6.148010 4.165062 -10.753490
v -6.527893 5.274220 -10.018920
v -9.703491 1.856762 -3.860519
v -9.436340 0.415735 -3.950394
v -9.626160 1.895176 -4.019379
v -9.358643 0.453213 -4.109528
v -9.586609 1.806961 -3.623886
v -11.453670 1.006023 0.166702
v -9.328796 0.414667 -3.710068
v -11.201660 -0.348042 0.078552
v -11.744630 -0.091032 1.037354
v -12.099980 0.793913 1.457886
v -11.707030 -0.509886 1.086884
v -10.001830 2.005547 -3.799652
v -12.540650 1.166874 1.280212
v -12.517270 0.989323 1.287125
v -10.035400 2.186693 -3.788376
v -11.701290 0.968071 0.036652
v -12.499940 1.299698 1.460403
v -12.354980 0.754667 1.342133
v -11.805730 1.529156 0.073044
v -9.833984 1.766087 -3.753433
v -9.941162 2.342928 -3.717117
v -8.197815 3.259186 -7.143967
v -8.072266 2.746784 -7.292892
v -6.941162 5.718407 -9.831421
v -6.784546 5.264156 -10.135960
v -11.845030 0.906887 0.495743
v -11.593320 -0.442463 0.406754
v -11.766480 0.932936 0.338760
v -11.514770 -0.417416 0.250015
v -10.333560 -0.029415 -1.661133
v -10.769230 1.314974 -1.671005
v -10.587460 1.343750 -1.575684
v -10.515320 -0.058027 -1.756454
v -10.769230 1.314974 -1.671005
v -10.515320 -0.058027 -1.756454
v -10.691280 1.348873 -1.829468
v -10.437130 -0.026031 -1.914780
v -7.756714 3.104654 -7.780014
v -7.403076 1.751362 -8.250946
v -7.698364 3.182720 -7.900467
v -7.336792 1.838415 -8.400452
v -7.038269 4.520031 -9.341064
v -6.623901 3.275036 -10.082490
v -6.988098 4.650040 -9.459213
v -6.574036 3.410032 -10.206380
v -6.148010 4.165062 -10.753490
v -5.913269 6.457985 -11.468720
v -6.527893 5.274220 -10.018920
v -5.565979 5.300201 -12.130890
v -5.462341 7.574314 -12.553600
v -5.121460 6.410664 -13.201320
v -5.338318 7.887970 -12.852620
v -5.029968 6.676716 -13.424940
v -6.175476 6.437233 -11.572650
v -6.941162 5.718407 -9.831421
v -6.784546 5.264156 -10.135960
v -6.319153 6.916386 -11.298650
v -5.862549 8.041809 -12.396870
v -5.721497 7.560242 -12.664900
v -5.725220 8.375610 -12.726840
v -5.597595 7.874336 -12.963670
v -6.978516 5.465370 -10.056990
v -6.439941 6.739212 -11.347780
v -7.027527 5.607491 -9.961716
v -6.391418 6.596165 -11.441940
v -5.852234 8.140594 -12.723500
v -5.807556 7.990200 -12.808670
v -6.312012 6.751324 -11.300090
v -6.903442 5.612343 -9.905136
v -6.439941 6.739212 -11.347780
v -7.027527 5.607491 -9.961716
v -5.445557 6.041096 -12.952770
v -5.397217 6.165325 -13.069430
v -5.877380 7.019257 -12.089830
v -5.829041 7.143497 -12.206500
v 11.953130 2.639851 -3.467514
v 10.043950 0.395660 0.837906
v 11.817380 2.702820 -3.477188
v 10.161930 0.331505 0.892273
v -11.803100 -0.865530 0.760086
v -11.449400 -0.384724 -0.051682
v -11.966250 -0.550571 0.979584
v -11.345210 -0.943617 -0.088455
v -11.754760 -1.074389 0.728546
v -9.470215 -0.199942 -3.874893
v -9.576416 0.376680 -3.840103
v -7.660339 0.918455 -7.748306
v -7.772095 1.443695 -7.627060
v -6.247742 3.696995 -11.174500
v -6.404968 4.155926 -10.870250
v -9.655029 0.134644 -3.916412
v -11.326110 -0.551977 -0.534042
v -9.621704 -0.045767 -3.927292
v -11.302310 -0.730293 -0.527786
v -8.909790 -0.327215 -3.611481
v -10.620300 -0.799974 -0.216415
v -10.592830 -1.004248 -0.209702
v -8.947815 -0.119949 -3.599243
v -7.061157 0.830158 -7.498184
v -7.093262 1.019009 -7.459335
v -5.704651 3.716282 -10.928680
v -5.648132 3.550344 -11.037450
v -10.469910 -1.066290 -0.154984
v -8.909790 -0.327215 -3.611481
v -10.592830 -1.004248 -0.209702
v -8.785583 -0.390614 -3.558777
v -10.390810 -1.652260 -0.136169
v -8.785583 -0.390614 -3.558777
v -10.469910 -1.066290 -0.154984
v -8.676392 -0.985569 -3.593994
v -8.676392 -0.985569 -3.593994
v -10.390810 -1.652260 -0.136169
v -8.771118 -1.082397 -3.656204
v -10.492430 -1.747953 -0.185852
v -10.470950 -1.906715 -0.180832
v -8.771118 -1.082397 -3.656204
v -10.492430 -1.747953 -0.185852
v -8.741455 -1.244797 -3.665512
v -6.932983 0.098196 -7.643997
v -6.907654 -0.056896 -7.671921
v -5.440674 2.932463 -11.433260
v -5.396118 2.798653 -11.517820
v -8.676392 -0.985569 -3.593994
v -6.938904 0.754875 -7.451462
v -8.785583 -0.390614 -3.558777
v -6.838013 0.178656 -7.566208
v -5.512451 3.487160 -11.027540
v -5.349121 3.001535 -11.339420
v -8.785583 -0.390614 -3.558777
v -7.061157 0.830158 -7.498184
v -8.909790 -0.327215 -3.611481
v -6.938904 0.754875 -7.451462
v -6.838013 0.178656 -7.566208
v -8.676392 -0.985569 -3.593994
v -6.932983 0.098196 -7.643997
v -8.771118 -1.082397 -3.656204
v -7.802917 1.070681 -7.773346
v -9.655029 0.134644 -3.916412
v -9.621704 -0.045767 -3.927292
v -7.832214 1.235256 -7.736511
v -6.467468 3.975075 -11.046570
v -6.418213 3.831459 -11.141660
v -9.444458 1.925179 -3.924255
v -9.358643 0.453213 -4.109528
v -9.176819 0.481060 -4.013992
v -9.626160 1.895176 -4.019379
v -6.838013 0.178656 -7.566208
v -6.932983 0.098196 -7.643997
v -5.349121 3.001535 -11.339420
v -5.440674 2.932463 -11.433260
v -6.938904 0.754875 -7.451462
v -5.648132 3.550344 -11.037450
v -7.061157 0.830158 -7.498184
v -5.512451 3.487160 -11.027540
v -4.381165 3.726362 -10.320400
v -7.660339 0.918455 -7.748306
v -5.857666 1.135857 -6.813950
v -6.247742 3.696995 -11.174500
v -7.802917 1.070681 -7.773346
v -7.684875 1.075676 -7.704468
v -6.418213 3.831459 -11.141660
v -6.294312 3.837305 -11.084920
v -6.527893 5.274220 -10.018920
v -6.784546 5.264156 -10.135960
v -7.820862 2.770351 -7.166367
v -8.072266 2.746784 -7.292892
v -7.820862 2.770351 -7.166367
v -8.072266 2.746784 -7.292892
v -9.586609 1.806961 -3.623886
v -9.833984 1.766087 -3.753433
v -9.586609 1.806961 -3.623886
v -9.833984 1.766087 -3.753433
v -11.453670 1.006023 0.166702
v -11.701290 0.968071 0.036652
v -10.509460 1.377424 -1.734055
v -10.437130 -0.026031 -1.914780
v -10.255310 0.002047 -1.819305
v -10.691280 1.348873 -1.829468
v -9.652222 2.391144 -3.565750
v -12.188540 1.574774 1.503723
v -12.162170 1.358505 1.516479
v -9.692932 2.609261 -3.551697
v -11.127260 1.617250 0.599472
v -11.030400 1.631447 0.650360
v -11.319340 2.648500 0.666824
v -11.222600 2.663410 0.717560
v -11.319340 2.648500 0.666824
v -11.222600 2.663410 0.717560
v -9.519470 3.543627 -3.025162
v -9.422668 3.558403 -2.974335
v -9.408997 3.600084 -3.252380
v -9.312378 3.615456 -3.201660
v -7.871338 4.512199 -6.230545
v -7.773438 4.527756 -6.182312
v -9.408997 3.600084 -3.252380
v -9.099792 2.479862 -3.276077
v -9.312378 3.615456 -3.201660
v -9.196472 2.464199 -3.326752
v -7.782288 4.571201 -6.382553
v -7.396790 3.325882 -6.619461
v -7.684265 4.587311 -6.334869
v -7.494385 3.310677 -6.668228
v -9.328796 0.414667 -3.710068
v -11.201660 -0.348042 0.078552
v -9.576416 0.376680 -3.840103
v -11.449400 -0.384724 -0.051682
v -11.707030 -0.509886 1.086884
v -11.966250 -0.550571 0.979584
v -4.954895 4.610928 -12.652690
v -4.999207 4.794632 -12.571640
v -5.648132 3.550344 -11.037450
v -5.704651 3.716282 -10.928680
v 6.103821 2.017046 5.242249
v 3.961853 1.804588 7.985870
v 4.501526 1.776752 8.348038
v 5.481506 1.984123 5.053696
v -6.247742 3.696995 -11.174500
v -5.821899 5.292198 -12.249730
v -6.404968 4.155926 -10.870250
v -5.726746 4.718941 -12.409180
v -5.380676 6.396889 -13.312440
v -5.239502 5.915001 -13.580610
v -4.820007 4.546761 -12.641160
v -5.512451 3.487160 -11.027540
v -4.708374 3.944595 -12.819020
v -5.349121 3.001535 -11.339420
v -4.820007 4.546761 -12.641160
v -5.648132 3.550344 -11.037450
v -5.512451 3.487160 -11.027540
v -4.954895 4.610928 -12.652690
v -4.743958 3.762291 -13.019040
v -5.440674 2.932463 -11.433260
v -5.396118 2.798653 -11.517820
v -4.798950 3.869143 -12.909230
v -4.798950 3.869143 -12.909230
v -4.708374 3.944595 -12.819020
v -5.440674 2.932463 -11.433260
v -5.349121 3.001535 -11.339420
v -6.418213 3.831459 -11.141660
v -5.886780 5.108219 -12.420930
v -6.467468 3.975075 -11.046570
v -5.838257 4.965145 -12.515010
v -5.363342 6.451286 -13.595660
v -5.821899 5.292198 -12.249730
v -5.565979 5.300201 -12.130890
v -6.404968 4.155926 -10.870250
v -6.148010 4.165062 -10.753490
v -4.250854 5.968746 -13.156010
v -5.239502 5.915001 -13.580610
v -5.726746 4.718941 -12.409180
v -3.359985 6.017170 -12.773440
v -3.838501 4.809174 -11.612400
v 0.886475 0.610554 4.959274
v -0.012024 1.567629 5.703110
v 0.432556 1.610527 5.357574
v 0.225830 0.518528 5.353119
v -4.766052 3.942434 -11.964000
v -4.286072 4.120621 -13.226810
v -4.303406 4.310242 -13.074330
v -4.736877 3.755943 -12.116200
v 5.015076 2.413471 8.749420
v 5.113770 2.432266 8.801620
v 4.822998 3.556057 8.840530
v 4.924561 3.572104 8.894455
v 8.610168 5.801907 -4.815918
v 8.888062 6.480457 -5.723541
v 8.740723 5.650635 -4.870148
v 8.982910 6.297855 -5.717239
v -7.538269 4.570183 -6.067719
v -9.079834 3.651814 -3.079559
v -7.440369 4.588531 -6.020432
v -8.983032 3.666540 -3.028732
v -5.740967 5.761341 -9.278137
v -6.137634 6.660690 -8.719940
v -6.037354 6.664608 -8.674194
v -5.827576 5.761387 -9.322769
v 11.639400 8.803577 -4.060211
v 12.052860 8.094723 -4.943283
v 11.952640 8.090977 -4.989197
v 11.742680 8.795189 -4.022537
v 7.085815 5.967072 -5.384445
v 7.553711 5.945889 -5.882874
v 7.109741 5.781174 -5.483978
v 7.502380 6.113380 -5.762024
v -3.838501 4.809174 -11.612400
v -5.726746 4.718941 -12.409180
v -4.381165 3.726362 -10.320400
v -6.247742 3.696995 -11.174500
v 4.195435 1.889555 3.737381
v 3.153687 1.655037 5.952881
v 3.382019 1.690722 5.984497
v 3.965027 1.868208 3.704758
v -5.161621 6.161774 -13.772810
v -4.250854 5.968746 -13.156010
v -4.172424 6.213844 -13.349090
v -5.239502 5.915001 -13.580610
v 1.331055 6.871765 -12.526760
v 1.134155 6.842766 -12.638790
v 0.865418 5.835602 -11.218380
v 0.647522 5.820183 -11.289730
v 1.181091 5.961338 -11.630780
v 1.034912 6.027267 -11.823940
v 0.427918 6.374847 -11.348450
v 0.286621 6.439495 -11.544300
v 0.865418 5.835602 -11.218380
v 0.647522 5.820183 -11.289730
v 0.354553 5.561386 -10.199160
v 0.145813 5.567371 -10.295500
v -0.212402 6.350933 -10.930240
v -0.403626 6.473438 -11.043900
v -0.926148 6.189510 -9.541580
v -1.129211 6.312916 -9.622253
v -0.212402 6.350933 -10.930240
v 0.286621 6.439495 -11.544300
v -0.403626 6.473438 -11.043900
v 0.427918 6.374847 -11.348450
v -0.581299 6.051426 -10.681900
v -0.827820 6.029243 -10.709790
v -1.226379 5.641754 -9.529694
v -1.444397 5.627022 -9.644043
v -1.240906 6.367748 -10.739040
v -1.439087 6.353657 -10.934070
v -1.575867 6.304577 -9.917847
v -1.775757 6.308231 -10.109890
v -1.240906 6.367748 -10.739040
v -0.929138 6.523525 -11.689150
v -1.439087 6.353657 -10.934070
v -0.671326 6.544868 -11.577970
v -1.575867 6.304577 -9.917847
v -1.775757 6.308231 -10.109890
v -1.986572 5.648312 -8.811890
v -2.190430 5.689957 -8.999802
v -2.010925 6.088253 -9.486847
v -1.957031 6.508450 -9.809525
v -2.121582 5.883354 -9.650497
v -2.007446 6.405357 -10.069850
v 1.258972 4.993370 -8.821579
v 1.261536 4.826469 -8.586609
v 2.080505 5.189617 -9.198318
v 2.225586 5.096985 -9.012009
v 2.144531 6.092407 -7.794037
v 2.476807 6.328926 -8.349777
v 1.980957 6.391502 -7.902313
v 2.693115 6.048988 -8.289886
v 1.853760 6.462654 -8.440277
v 2.499207 6.516300 -8.554001
v 2.382324 6.705338 -8.750229
v 2.085510 6.300739 -8.338318
v 1.287170 5.881077 -7.685699
v 2.085510 6.300739 -8.338318
v 1.853760 6.462654 -8.440277
v 1.550537 5.760902 -7.617737
v 0.836426 5.412643 -7.560226
v 1.657288 6.518826 -8.534927
v 1.336792 6.595058 -8.645798
v 1.169067 5.403515 -7.487289
v 2.693115 6.048988 -8.289886
v 2.757996 6.655922 -8.791092
v 2.476807 6.328926 -8.349777
v 3.021362 6.444153 -8.892929
v 4.168945 5.527012 -9.609909
v 3.907166 5.527897 -9.719635
v 3.582092 5.624653 -8.765060
v 3.380493 5.605247 -8.956940
v 3.242981 5.783257 -7.955795
v 3.380493 5.605247 -8.956940
v 3.041321 5.785851 -8.149612
v 3.582092 5.624653 -8.765060
v 4.613098 5.395950 -8.925095
v 4.433167 5.520229 -9.066406
v 3.885864 5.640419 -7.549423
v 3.694397 5.774754 -7.659271
v 4.613098 5.395950 -8.925095
v 5.120300 5.283928 -9.536392
v 4.433167 5.520229 -9.066406
v 5.256104 5.241661 -9.328613
v 5.256104 5.241661 -9.328613
v 5.826660 4.734962 -9.711151
v 5.120300 5.283928 -9.536392
v 5.966980 4.694672 -9.506439
v 3.576599 6.601173 -8.176270
v 3.362915 6.436203 -8.132034
v 3.702698 6.311802 -7.563385
v 3.483826 6.182034 -7.668869
v 4.324463 6.123566 -7.562378
v 4.898438 6.297951 -7.806519
v 4.724548 6.370834 -8.030350
v 4.591736 6.070583 -7.456039
v 3.729492 5.414040 -5.938553
v 4.591736 6.070583 -7.456039
v 4.324463 6.123566 -7.562378
v 4.011841 5.397766 -5.883575
v 4.942566 5.104607 -6.588058
v 5.166077 4.544662 -6.724777
v 4.858582 5.740551 -7.540558
v 5.093384 5.165611 -7.652130
v 5.166077 4.544662 -6.724777
v 5.392212 4.620190 -6.745361
v 5.093384 5.165611 -7.652130
v 5.337463 5.213753 -7.631226
v 6.299683 3.537508 -4.980225
v 6.674988 5.326691 -7.383011
v 6.091797 3.540285 -5.076889
v 6.888062 5.257553 -7.313599
v 8.217712 5.574352 -6.004181
v 6.800598 5.385399 -6.404007
v 9.191040 5.456635 -5.297562
v 6.119446 4.215866 -4.843536
v 9.822144 5.199631 -4.550461
v 9.795471 5.566765 -3.913025
v 10.088990 6.506447 -5.204483
v 9.519592 5.598061 -3.902496
v 10.350770 6.457813 -5.166977
v 8.740723 5.650635 -4.870148
v 8.982910 6.297855 -5.717239
v 8.546997 5.651340 -4.943161
v 8.824890 6.329903 -5.850754
v 8.140991 6.202591 -5.539154
v 8.463928 6.671036 -5.789322
v 7.824219 6.254749 -5.649063
v 8.251831 6.815800 -6.010544
v 7.553711 5.945889 -5.882874
v 7.529907 6.556229 -6.138489
v 7.345459 6.146954 -5.868896
v 7.765991 6.454239 -6.265747
v 8.019165 6.917530 -6.809570
v 7.764893 7.000801 -6.898010
v 7.420410 6.408794 -6.406815
v 7.157288 6.461052 -6.453796
v 8.019165 6.917530 -6.809570
v 8.283325 7.769459 -7.328369
v 7.764893 7.000801 -6.898010
v 8.479492 7.612160 -7.205154
v 7.420410 6.408794 -6.406815
v 7.157288 6.461052 -6.453796
v 7.001953 5.970421 -5.535126
v 6.732849 5.998695 -5.552856
v 6.888062 5.257553 -7.313599
v 6.756042 5.885429 -8.179932
v 6.674988 5.326691 -7.383011
v 6.979004 5.833206 -8.133179
v 5.991638 6.068043 -6.429718
v 6.393494 6.574257 -6.808182
v 6.200867 6.597111 -6.895325
v 6.197571 6.081451 -6.409866
v 5.938171 5.259697 -5.139923
v 6.197571 6.081451 -6.409866
v 5.732605 5.243950 -5.159653
v 5.991638 6.068043 -6.429718
v 0.020386 6.208740 -9.636642
v -0.331177 6.140186 -9.814606
v -0.640137 5.337196 -7.966660
v -0.962708 5.325165 -8.208313
v 2.225586 5.096985 -9.012009
v 1.164734 5.330276 -8.306625
v 2.266052 5.668846 -8.779053
v 1.261536 4.826469 -8.586609
v 7.713013 6.546242 -6.081818
v 7.765991 6.454239 -6.265747
v 7.502380 6.113380 -5.762024
v 7.553711 5.945889 -5.882874
v 11.003170 6.609215 -6.891693
v 11.216430 6.548412 -7.902313
v 10.743350 6.625656 -6.988876
v 11.421450 6.534367 -7.717667
v 11.330380 6.134739 -7.298279
v 11.153380 6.146870 -7.457718
v 10.969180 6.199371 -6.585022
v 10.744870 6.213566 -6.668961
v 10.969180 6.199371 -6.585022
v 10.744870 6.213566 -6.668961
v 10.834720 6.149029 -5.903168
v 10.617430 6.201786 -5.965347
v 10.350770 6.457813 -5.166977
v 10.719060 6.605709 -6.423431
v 10.088990 6.506447 -5.204483
v 10.959290 6.535294 -6.325562
v 11.003170 6.609215 -6.891693
v 10.743350 6.625656 -6.988876
v 10.959290 6.535294 -6.325562
v 10.719060 6.605709 -6.423431
v 10.834720 6.149029 -5.903168
v 10.617430 6.201786 -5.965347
v 10.308720 5.787388 -4.819809
v 10.082700 5.829391 -4.852203
v 10.308720 5.787388 -4.819809
v 10.082700 5.829391 -4.852203
v 9.932129 5.330879 -4.030899
v 9.693909 5.357903 -4.021774
v 12.517640 5.350227 -7.108917
v 13.075810 4.810787 -6.156006
v 13.327330 5.384968 -6.751740
v 12.256590 4.753681 -6.490585
v 13.372070 5.869175 -5.129745
v 13.640440 6.593128 -6.102295
v 13.250430 5.869373 -5.192001
v 13.765200 6.598869 -6.047119
v 11.729310 4.695374 -5.032288
v 10.935180 3.252369 -3.435486
v 11.072880 3.186922 -3.425949
v 11.595520 4.759048 -5.048462
v -0.863342 3.258770 -9.467285
v -4.975037 3.827290 -11.239530
v -0.704407 2.769753 -9.764130
v -4.817444 3.358706 -11.540310
v -0.704407 2.769753 -9.764130
v -4.817444 3.358706 -11.540310
v -0.826294 2.518496 -9.471497
v -4.939575 3.114759 -11.249510
v 3.609070 1.724981 6.705826
v 3.766357 1.785755 7.453461
v 3.642761 1.645357 7.422531
v 3.780029 1.819008 6.698532
v 6.649475 -0.749115 8.127823
v 5.650513 -0.933964 8.161224
v 6.617676 -0.601009 8.145859
v 5.619995 -0.781298 8.175385
v 3.766357 1.785755 7.453461
v 4.007080 1.474268 8.067474
v 3.642761 1.645357 7.422531
v 3.884949 1.333010 8.041718
v 2.919739 0.588165 2.460617
v 1.863647 0.049957 5.054657
v 2.798096 1.239893 2.503723
v 1.771790 0.699246 5.073105
v 1.863647 0.049957 5.054657
v 1.610291 -0.320211 6.351868
v 1.771790 0.699246 5.073105
v 1.476257 0.269159 6.609299
v 1.953430 0.786133 6.632278
v 2.118103 0.564064 6.604874
v 1.479126 0.189699 7.328033
v 1.689941 0.031151 7.236618
v -1.523682 1.359858 5.161819
v -2.013123 1.295080 5.468033
v -1.526184 1.180504 5.108200
v -1.985596 1.136135 5.365753
v -2.093872 1.183809 4.955963
v -2.004944 0.947840 4.879120
v -1.701904 1.623924 4.663544
v -1.580322 1.406610 4.561798
v 7.279785 0.274773 4.723450
v 5.496155 -0.103659 8.217728
v 7.404541 0.216682 4.776260
v 5.650513 -0.148935 8.210526
v 5.650513 -0.148935 8.210526
v 7.504333 -0.303625 4.734238
v 7.404541 0.216682 4.776260
v 5.729858 -0.685488 8.212479
v 5.729858 -0.685488 8.212479
v 7.407288 -0.392139 4.670502
v 7.504333 -0.303625 4.734238
v 5.619995 -0.781298 8.175385
v 7.407288 -0.392139 4.670502
v 5.619995 -0.781298 8.175385
v 7.435852 -0.544075 4.659805
v 5.650513 -0.933964 8.161224
v 5.996033 2.543756 5.293396
v 5.674316 2.447531 8.050568
v 4.492065 2.264378 8.226486
v 7.176331 2.775490 5.104828
v 7.176331 2.775490 5.104828
v 8.175232 3.519966 0.964737
v 9.056335 3.547302 1.396225
v 6.314331 2.665405 4.651810
v 5.996033 2.543756 5.293396
v 8.175232 3.519966 0.964737
v 10.575200 5.463379 -1.838287
v 9.056335 3.547302 1.396225
v 9.675842 5.462132 -2.237808
v 10.561830 6.341713 -2.917130
v 9.675842 5.462132 -2.237808
v 10.101560 6.359314 -3.170868
v 10.575200 5.463379 -1.838287
v 10.809810 6.068840 -2.434326
v -8.145508 2.623541 -2.774658
v -7.249695 3.377598 -6.669250
v -6.387268 3.557621 -6.243820
v -9.004944 2.494410 -3.226227
v -10.007750 1.789768 1.017838
v -10.868350 1.669422 0.565491
v -10.482060 1.627924 1.967316
v -11.708740 1.391203 2.245102
v -11.152890 1.483347 2.342010
v -7.249695 3.377598 -6.669250
v -5.969971 5.756458 -9.388641
v -6.387268 3.557621 -6.243820
v -5.078552 5.784760 -8.982101
v -5.078552 5.784760 -8.982101
v -5.969971 5.756458 -9.388641
v -4.357178 7.182396 -10.686290
v -5.286682 7.072380 -11.000320
v -4.357178 7.182396 -10.686290
v -5.286682 7.072380 -11.000320
v -3.982971 8.143982 -11.589690
v -4.882080 8.095108 -11.975780
v -2.708923 1.009153 3.239014
v -1.811951 0.930376 3.674072
v -2.724854 1.986736 3.448959
v -1.827942 1.907959 3.884018
v -1.437561 2.555624 0.897934
v -0.540588 2.476847 1.332993
v -1.421570 1.578041 0.687988
v -0.524597 1.499264 1.123047
v -2.724854 1.986736 3.448959
v -1.827942 1.907959 3.884018
v -1.437561 2.555624 0.897934
v -0.540588 2.476847 1.332993
v -1.421570 1.578041 0.687988
v -2.708923 1.009153 3.239014
v -1.811951 0.930376 3.674072
v -0.524597 1.499264 1.123047
v -1.811951 0.930376 3.674072
v -1.827942 1.907959 3.884018
v -0.540588 2.476847 1.332993
v -0.524597 1.499264 1.123047
v -1.421570 1.578041 0.687988
v -1.437561 2.555624 0.897934
v -2.724854 1.986736 3.448959
v -2.708923 1.009153 3.239014
vt 1.437515 0.247202
vt 1.326380 0.149371
vt 1.430154 0.149371
vt 1.456172 0.446815
vt 1.447403 0.411095
vt 1.324335 0.411094
vt 1.109277 0.500047
vt 1.274619 0.534839
vt 1.211082 0.495724
vt 1.383958 0.508576
vt 1.512556 0.464115
vt 1.456172 0.446815
vt 1.246688 0.297096
vt 1.246688 0.297096
vt 1.211577 0.328162
vt 1.133851 0.351396
vt 1.160345 0.340472
vt 1.133851 0.351396
vt 1.230349 0.276833
vt 1.160084 0.256562
vt 1.230349 0.276833
vt 1.438220 0.566765
vt 1.364439 0.553925
vt 1.438220 0.566765
vt 1.117256 0.149371
vt 1.327127 0.421405
vt 1.326380 0.149371
vt 1.120708 0.421405
vt 1.327127 0.421405
vt 1.430154 0.149371
vt 1.326380 0.149371
vt 1.401463 0.421405
vt 1.187055 0.560684
vt 1.120708 0.421405
vt 1.120708 0.568517
vt 1.207673 0.522972
vt 1.327127 0.421405
vt 1.325641 0.487651
vt 1.401463 0.421405
vt 1.372171 0.495445
vt 1.506238 0.421405
vt 1.413010 0.540983
vt 1.506238 0.554989
vt 1.437515 0.247202
vt 1.508431 0.149371
vt 1.505560 0.260930
vt 1.430154 0.149371
vt 1.430154 0.149371
vt 1.506238 0.421405
vt 1.508431 0.149371
vt 1.401463 0.421405
vt 1.263908 0.325243
vt 1.113804 0.297179
vt 1.325946 0.429805
vt 1.325946 0.311529
vt 1.510625 0.429805
vt 1.452209 0.614444
vt 1.383536 0.634546
vt 1.113804 0.429805
vt 1.249460 0.564723
vt 1.225758 0.559557
vt 1.192973 0.587860
vt 1.166185 0.708805
vt 1.113804 0.708805
vt 1.150411 0.760072
vt 1.113804 0.767147
vt 1.307655 0.678692
vt 1.265402 0.664970
vt 1.276590 0.686526
vt 1.325946 0.686793
vt 1.356437 0.668384
vt 1.383536 0.634546
vt 1.510625 0.429805
vt 1.325946 0.311529
vt 1.365556 0.303384
vt 1.505560 0.260930
vt 1.437515 0.247202
vt 1.475599 0.633204
vt 1.510625 0.429805
vt 1.510625 0.632797
vt 1.452209 0.614444
vt 1.324335 0.411094
vt 1.324637 0.136512
vt 1.113692 0.411094
vt 1.118107 0.136511
vt 1.324335 0.411094
vt 1.437283 0.136512
vt 1.324637 0.136512
vt 1.447403 0.411095
vt 1.507249 0.136512
vt 1.509902 0.411095
vt 1.425528 0.031168
vt 1.507249 0.136512
vt 1.507250 0.000000
vt 1.437283 0.136512
vt 1.324637 0.136512
vt 1.329179 0.021349
vt 1.229003 0.002910
vt 1.118107 0.136511
vt 1.119288 0.035411
vt 1.509902 0.411095
vt 1.456172 0.446815
vt 1.447403 0.411095
vt 1.274619 0.534839
vt 1.109277 0.500047
vt 1.109277 0.696093
vt 1.323678 0.523055
vt 1.323678 0.523055
vt 1.109277 0.696093
vt 1.323678 0.696093
vt 1.383958 0.508576
vt 1.512556 0.464115
vt 1.512556 0.696093
vt 1.323678 0.903345
vt 1.493970 0.925383
vt 1.512555 0.910165
vt 1.357222 0.926992
vt 1.423492 0.979633
vt 1.370767 0.961072
vt 1.479698 0.979633
vt 1.461713 1.000000
vt 1.146049 0.738094
vt 1.109277 0.696093
vt 1.109277 0.751217
vt 1.323678 0.696093
vt 1.225132 0.773695
vt 1.323678 0.696093
vt 1.225132 0.773695
vt 1.323678 0.903345
vt 1.245388 0.857962
vt 1.282724 0.420682
vt 1.318818 0.391474
vt 1.318818 0.445883
vt 1.287929 0.399955
vt 1.318818 0.356584
vt 1.289198 0.379309
vt 1.372251 0.443620
vt 1.335511 0.445883
vt 1.335511 0.391474
vt 1.401661 0.418656
vt 1.374924 0.389368
vt 1.374659 0.358627
vt 1.335511 0.356585
vt 1.356272 0.347851
vt 1.401661 0.418656
vt 1.372251 0.443620
vt 1.372251 0.443620
vt 1.401661 0.418656
vt 1.372251 0.443620
vt 1.335511 0.445883
vt 1.335511 0.445883
vt 1.372251 0.443620
vt 1.476356 0.545946
vt 1.438220 0.566765
vt 1.438220 0.566765
vt 1.476356 0.545946
vt 1.438220 0.566765
vt 1.447805 0.508714
vt 1.476356 0.545946
vt 1.364439 0.553925
vt 1.335511 0.520399
vt 1.350210 0.508714
vt 1.406377 0.498599
vt 1.387890 0.472986
vt 1.353785 0.475441
vt 1.373634 0.465637
vt 1.350210 0.508714
vt 1.353785 0.475441
vt 1.353785 0.475441
vt 1.350210 0.508714
vt 1.387890 0.472986
vt 1.406377 0.498599
vt 1.406377 0.498599
vt 1.387890 0.472986
vt 1.447805 0.508714
vt 1.476356 0.545946
vt 1.476356 0.545946
vt 1.447805 0.508714
vt 1.273300 0.459822
vt 1.287175 0.494757
vt 1.260964 0.484788
vt 1.318818 0.445883
vt 1.353785 0.475441
vt 1.301496 0.508714
vt 1.350210 0.508714
vt 1.350210 0.508714
vt 1.350210 0.508714
vt 1.353785 0.475441
vt 1.353785 0.475441
vt 1.273300 0.459822
vt 1.318818 0.445883
vt 1.273300 0.459822
vt 1.318818 0.445883
vt 1.162194 0.297096
vt 1.230349 0.276833
vt 1.160084 0.256562
vt 1.246688 0.297096
vt 1.166198 0.329130
vt 1.211577 0.328162
vt 1.104233 0.315671
vt 1.160345 0.340472
vt 1.166198 0.329130
vt 1.160345 0.340472
vt 1.166198 0.329130
vt 1.365175 0.273460
vt 1.335511 0.265818
vt 1.335511 0.300210
vt 1.386456 0.275470
vt 1.375817 0.305318
vt 1.374542 0.305592
vt 1.416424 0.271112
vt 1.416440 0.296592
vt 1.436514 0.275834
vt 1.272930 0.298223
vt 1.318818 0.300210
vt 1.318818 0.265818
vt 1.286322 0.240871
vt 1.310449 0.245748
vt 1.237803 0.252200
vt 1.235683 0.263659
vt 1.318818 0.241880
vt 1.318818 0.300210
vt 1.287842 0.234358
vt 1.272930 0.298223
vt 1.235683 0.263659
vt 1.238670 0.247512
vt 1.342905 0.256969
vt 1.335511 0.300210
vt 1.335511 0.241880
vt 1.365659 0.264433
vt 1.390056 0.265371
vt 1.375817 0.305318
vt 1.374542 0.305592
vt 1.416419 0.264572
vt 1.416440 0.296592
vt 1.440584 0.271626
vt 1.356272 0.347851
vt 1.374659 0.358627
vt 1.374659 0.358627
vt 1.356272 0.347851
vt 1.374924 0.389368
vt 1.401661 0.418656
vt 1.401661 0.418656
vt 1.374924 0.389368
vt 1.374659 0.358627
vt 1.374924 0.389368
vt 1.374659 0.358627
vt 1.374924 0.389368
vt 1.289198 0.379309
vt 1.318818 0.356584
vt 1.318818 0.356584
vt 1.289198 0.379309
vt 1.335511 0.356585
vt 1.356272 0.347851
vt 1.335511 0.356585
vt 1.356272 0.347851
vt 1.373634 0.465637
vt 1.373634 0.465637
vt 1.372251 0.443620
vt 1.372251 0.443620
vt 1.373634 0.465637
vt 1.335511 0.445883
vt 1.372251 0.443620
vt 1.353785 0.475441
vt 1.406377 0.498599
vt 1.447805 0.508714
vt 1.406377 0.498599
vt 1.447805 0.508714
vt 1.373634 0.465637
vt 1.387890 0.472986
vt 1.387890 0.472986
vt 1.373634 0.465637
vt 1.353785 0.475441
vt 1.373634 0.465637
vt 1.373634 0.465637
vt 1.353785 0.475441
vt 1.230349 0.276833
vt 1.230349 0.276833
vt 1.246688 0.297096
vt 1.246688 0.297096
vt 1.387890 0.472986
vt 1.353785 0.475441
vt 1.406377 0.498599
vt 1.350210 0.508714
vt 1.335511 0.520399
vt 1.447805 0.508714
vt 1.364439 0.553925
vt 1.476356 0.545946
vt 1.438220 0.566765
vt 1.273300 0.459822
vt 1.273300 0.459822
vt 1.260964 0.484788
vt 1.260964 0.484788
vt 1.287175 0.494757
vt 1.318818 0.445883
vt 1.273300 0.459822
vt 1.353785 0.475441
vt 1.301496 0.508714
vt 1.350210 0.508714
vt 1.373634 0.465637
vt 1.335511 0.445883
vt 1.353785 0.475441
vt 1.372251 0.443620
vt 1.400166 0.140065
vt 1.335511 0.144054
vt 1.355757 0.127979
vt 1.335511 0.155098
vt 1.416373 0.170148
vt 1.335511 0.189400
vt 1.375817 0.283927
vt 1.416440 0.275201
vt 1.458363 0.185708
vt 1.457670 0.232567
vt 1.282724 0.420682
vt 1.287929 0.399955
vt 1.287929 0.399955
vt 1.282724 0.420682
vt 1.372251 0.443620
vt 1.372251 0.443620
vt 1.335511 0.445883
vt 1.335511 0.445883
vt 1.335511 0.520399
vt 1.350210 0.508714
vt 1.350210 0.508714
vt 1.335511 0.520399
vt 1.364439 0.553925
vt 1.335511 0.520399
vt 1.335511 0.520399
vt 1.364439 0.553925
vt 1.287929 0.399955
vt 1.289198 0.379309
vt 1.289198 0.379309
vt 1.287929 0.399955
vt 1.318818 0.445883
vt 1.282724 0.420682
vt 1.282724 0.420682
vt 1.318818 0.445883
vt 0.045068 0.059183
vt 0.044238 0.036124
vt 0.045116 0.036009
vt 0.051473 0.075522
vt 0.051437 0.075603
vt 0.051504 0.075607
vt 0.051437 0.075603
vt 0.051473 0.075522
vt 0.051404 0.075523
vt 0.051374 0.075525
vt 0.051403 0.075605
vt 0.051404 0.075523
vt 0.051404 0.075524
vt 0.051403 0.075605
vt 0.051437 0.075603
vt 0.051025 0.075604
vt 0.050970 0.075519
vt 0.050991 0.075601
vt 0.050882 0.075585
vt 0.050830 0.075507
vt 0.050814 0.075588
vt 0.644533 0.682924
vt 0.644514 0.732187
vt 0.644536 0.682915
vt 0.187502 0.952028
vt 0.237957 0.975086
vt 0.187502 0.975086
vt 0.350627 0.732435
vt 0.387159 0.770151
vt 0.329164 0.770151
vt 0.349331 0.715332
vt 0.387159 0.770151
vt 0.350627 0.732435
vt 0.387159 0.770151
vt 0.349331 0.715332
vt 0.376647 0.676372
vt 0.051126 0.077860
vt 0.052614 0.078635
vt 0.051931 0.077873
vt 0.277852 0.975086
vt 0.187502 0.952028
vt 0.187502 0.975086
vt 0.054905 0.081391
vt 0.054129 0.081158
vt 0.054124 0.081334
vt 0.044277 0.058251
vt 0.044104 0.058016
vt 0.045159 0.058144
vt 0.044066 0.058530
vt 0.045113 0.058670
vt 0.044052 0.058717
vt 0.644511 0.732196
vt 0.644514 0.732187
vt 0.644533 0.682924
vt 0.281962 0.865000
vt 0.280882 0.779855
vt 0.041892 0.865000
vt 0.045116 0.036009
vt 0.044238 0.036124
vt 0.045068 0.059183
vt 0.044238 0.036124
vt 0.044069 0.035869
vt 0.044196 0.059309
vt 0.178080 0.883925
vt 0.087484 0.901439
vt 0.178795 0.901439
vt 0.057511 0.067762
vt 0.057604 0.067755
vt 0.057481 0.067721
vt 0.057402 0.067796
vt 0.057322 0.067753
vt 0.057335 0.067778
vt 0.058015 0.067740
vt 0.058023 0.067790
vt 0.058060 0.067746
vt 0.044238 0.036124
vt 0.044069 0.035869
vt 0.044196 0.059309
vt 0.044277 0.058251
vt 0.044104 0.058016
vt 0.045159 0.058144
vt 0.058612 0.067780
vt 0.058688 0.067766
vt 0.058710 0.067722
vt 0.324055 0.013060
vt 0.323137 0.000000
vt 0.323137 0.044897
vt 0.218274 0.770151
vt 0.242889 0.726907
vt 0.274652 0.770151
vt 0.248430 0.700698
vt 0.218274 0.770151
vt 0.228804 0.676372
vt 0.218274 0.770151
vt 0.248430 0.700698
vt 0.242889 0.726907
vt 0.050959 0.075588
vt 0.050970 0.075519
vt 0.050949 0.075510
vt 0.143279 0.883925
vt 0.004348 0.883925
vt 0.140332 0.901439
vt 0.722447 0.951789
vt 0.541937 0.951789
vt 0.722447 0.968262
vt 0.716133 0.775121
vt 0.694956 0.803861
vt 0.716133 0.803861
vt 0.657717 0.759152
vt 0.716133 0.775121
vt 0.716132 0.759621
vt 0.509557 0.833190
vt 0.364229 0.833190
vt 0.509220 0.843441
vt 0.196300 0.833190
vt 0.196532 0.843441
vt 0.003461 0.833190
vt 0.003461 0.843441
vt 0.393956 0.779855
vt 0.392891 0.865000
vt 0.041892 0.779855
vt 0.198648 0.883925
vt 0.004348 0.883925
vt 0.199060 0.901439
vt 0.503162 0.834718
vt 0.527083 0.861736
vt 0.527624 0.834981
vt 0.324055 0.013060
vt 0.323137 0.000000
vt 0.324055 0.000000
vt 0.321534 0.000000
vt 0.322451 0.037932
vt 0.321534 0.013060
vt 0.368060 0.902504
vt 0.278161 0.884991
vt 0.368060 0.884991
vt 0.368060 0.884991
vt 0.176503 0.902504
vt 0.368060 0.902504
vt 0.644511 0.732196
vt 0.644514 0.732187
vt 0.644533 0.682924
vt 0.004348 0.884991
vt 0.004348 0.902504
vt 0.173502 0.884991
vt 0.368060 0.902504
vt 0.229514 0.884991
vt 0.232461 0.902504
vt 0.361516 0.701707
vt 0.485570 0.734750
vt 0.496668 0.701707
vt 0.044277 0.035623
vt 0.044104 0.035388
vt 0.045159 0.035517
vt 0.323137 0.000000
vt 0.322451 0.000000
vt 0.323137 0.044897
vt 0.388793 0.760599
vt 0.388793 0.683087
vt 0.290814 0.760599
vt 0.052614 0.078635
vt 0.052596 0.078123
vt 0.051931 0.077873
vt 0.044196 0.059309
vt 0.044069 0.035869
vt 0.044238 0.036124
vt 0.045159 0.058144
vt 0.044104 0.058016
vt 0.044277 0.058251
vt 0.045159 0.058144
vt 0.044104 0.058016
vt 0.044277 0.058251
vt 0.044277 0.058251
vt 0.044104 0.058016
vt 0.045159 0.058144
vt 0.045116 0.036009
vt 0.044238 0.036124
vt 0.045068 0.059183
vt 0.044221 0.058981
vt 0.044052 0.058717
vt 0.044196 0.059309
vt 0.415800 0.964497
vt 0.415763 0.951379
vt 0.230368 0.964497
vt 0.044277 0.058251
vt 0.044104 0.058016
vt 0.045159 0.058144
vt 0.644468 0.732188
vt 0.644492 0.681750
vt 0.644465 0.732196
vt 0.045159 0.058144
vt 0.044277 0.058251
vt 0.045116 0.036009
vt 0.222776 0.679020
vt 0.222776 0.698346
vt 0.123321 0.679020
vt 0.589384 0.960259
vt 0.590997 0.974038
vt 0.511022 0.960259
vt 0.045159 0.058144
vt 0.044104 0.058016
vt 0.044277 0.058251
vt 0.419425 0.969415
vt 0.389768 0.969415
vt 0.416650 0.996315
vt 0.045159 0.058144
vt 0.044104 0.058016
vt 0.044277 0.058251
vt 0.044236 0.058786
vt 0.044066 0.058530
vt 0.044196 0.059309
vt 0.044069 0.035869
vt 0.045116 0.036009
vt 0.044029 0.059032
vt 0.044238 0.036124
vt 0.044104 0.058016
vt 0.044069 0.035869
vt 0.044069 0.035869
vt 0.045116 0.036009
vt 0.044029 0.059032
vt 0.044277 0.035623
vt 0.044104 0.035388
vt 0.045159 0.035517
vt 0.044277 0.058251
vt 0.044104 0.058016
vt 0.045159 0.058144
vt 0.045159 0.035517
vt 0.044104 0.035388
vt 0.044277 0.035623
vt 0.045159 0.058144
vt 0.044104 0.058016
vt 0.044277 0.058251
vt 0.065442 0.477793
vt 0.061573 0.464406
vt 0.020589 0.477793
vt 0.156825 0.400065
vt 0.156825 0.400065
vt 0.156825 0.400064
vt 0.045159 0.035517
vt 0.044104 0.035388
vt 0.044277 0.035623
vt 0.045159 0.035517
vt 0.044104 0.035388
vt 0.044277 0.035623
vt 0.002058 0.808850
vt 0.002058 0.775235
vt 0.182065 0.808784
vt 0.083303 0.504546
vt 0.083265 0.504560
vt 0.083304 0.504556
vt 0.697191 0.747075
vt 0.709060 0.763567
vt 0.709060 0.747065
vt 0.233339 1.000000
vt 0.299437 0.995546
vt 0.232896 0.995546
vt 0.518970 0.737837
vt 0.572845 0.748406
vt 0.518244 0.748406
vt 0.045159 0.035517
vt 0.044104 0.035388
vt 0.044277 0.035623
vt 0.045159 0.035517
vt 0.044104 0.035388
vt 0.044277 0.035623
vt 0.044052 0.058717
vt 0.045096 0.058862
vt 0.044043 0.058849
vt 0.044237 0.058773
vt 0.044067 0.058517
vt 0.044215 0.059061
vt 0.130335 0.960220
vt 0.211556 0.960220
vt 0.129693 0.965708
vt 0.044277 0.058251
vt 0.044104 0.058016
vt 0.045159 0.058144
vt 0.044277 0.058251
vt 0.044104 0.058016
vt 0.045159 0.058144
vt 0.045159 0.058144
vt 0.044104 0.058016
vt 0.044277 0.058251
vt 0.045113 0.058670
vt 0.044236 0.058786
vt 0.045096 0.058862
vt 0.045159 0.058144
vt 0.044104 0.058016
vt 0.044277 0.058251
vt 0.239725 0.459044
vt 0.169574 0.445657
vt 0.163898 0.459044
vt 0.044277 0.058251
vt 0.044104 0.058016
vt 0.045159 0.058144
vt 0.044277 0.035623
vt 0.044104 0.035388
vt 0.045159 0.035517
vt 0.045159 0.035517
vt 0.044104 0.035388
vt 0.044277 0.035623
vt 0.636300 0.709924
vt 0.604106 0.708881
vt 0.604106 0.759621
vt 0.658463 0.685181
vt 0.702072 0.712054
vt 0.699273 0.685181
vt 0.044211 0.059118
vt 0.044043 0.058849
vt 0.044196 0.059309
vt 0.044211 0.059118
vt 0.044043 0.058849
vt 0.044196 0.059309
vt 0.658463 0.685181
vt 0.663372 0.710800
vt 0.702072 0.712054
vt 0.534500 0.975086
vt 0.570688 0.992966
vt 0.570166 0.975086
vt 0.361446 0.992966
vt 0.534500 0.992966
vt 0.361446 0.975086
vt 0.279182 0.992966
vt 0.277852 0.975086
vt 0.044067 0.058517
vt 0.045114 0.058657
vt 0.044047 0.058794
vt 0.045159 0.058144
vt 0.044104 0.058016
vt 0.044277 0.058251
vt 0.045159 0.035517
vt 0.044104 0.035388
vt 0.044277 0.035623
vt 0.321534 0.000000
vt 0.322451 0.037932
vt 0.321534 0.013060
vt 0.323137 0.044897
vt 0.322451 0.000000
vt 0.322451 0.037932
vt 0.324055 0.013060
vt 0.323137 0.000000
vt 0.323137 0.044897
vt 0.173342 0.883925
vt 0.084912 0.901439
vt 0.172188 0.901439
vt 0.324055 0.013060
vt 0.323137 0.000000
vt 0.323137 0.044897
vt 0.323137 0.044897
vt 0.322451 0.000000
vt 0.323137 0.000000
vt 0.323137 0.044897
vt 0.323137 0.000000
vt 0.324055 0.013060
vt 0.239694 0.902504
vt 0.238830 0.884991
vt 0.368060 0.902504
vt 0.645256 0.732187
vt 0.645254 0.732179
vt 0.644511 0.732196
vt 0.004348 0.901439
vt 0.004348 0.883925
vt 0.166404 0.901439
vt 0.226609 0.999703
vt 0.000000 0.999703
vt 0.224153 0.960260
vt 0.493812 0.972114
vt 0.720422 0.958996
vt 0.720422 0.972114
vt 0.045159 0.058144
vt 0.044104 0.058016
vt 0.044277 0.058251
vt 0.044066 0.058530
vt 0.045159 0.035517
vt 0.044104 0.035388
vt 0.002639 0.907454
vt 0.002468 0.915925
vt 0.348939 0.907454
vt 0.084670 0.883925
vt 0.084153 0.901439
vt 0.166629 0.883925
vt 0.134352 0.724018
vt 0.026306 0.746947
vt 0.134588 0.746947
vt 0.084153 0.901439
vt 0.004348 0.883925
vt 0.004348 0.901439
vt 0.722447 0.967449
vt 0.541937 0.975920
vt 0.541937 0.967449
vt 0.044069 0.035869
vt 0.045159 0.058144
vt 0.044104 0.058016
vt 0.045096 0.058862
vt 0.045113 0.058670
vt 0.044052 0.058717
vt 0.044277 0.035623
vt 0.044104 0.035388
vt 0.045159 0.035517
vt 0.045159 0.058144
vt 0.044104 0.058016
vt 0.044277 0.058251
vt 0.044066 0.058530
vt 0.045113 0.058670
vt 0.044029 0.059032
vt 0.043873 0.475953
vt 0.043873 0.437175
vt 0.050173 0.474143
vt 0.044069 0.035869
vt 0.045116 0.036009
vt 0.044029 0.059032
vt 0.044029 0.059032
vt 0.045116 0.036009
vt 0.044069 0.035869
vt 0.044069 0.035869
vt 0.045116 0.036009
vt 0.044029 0.059032
vt 0.044277 0.035623
vt 0.044104 0.035388
vt 0.045159 0.035517
vt 0.045159 0.035517
vt 0.044104 0.035388
vt 0.044277 0.035623
vt 0.044277 0.035623
vt 0.044104 0.035388
vt 0.045159 0.035517
vt 0.044277 0.058251
vt 0.044104 0.058016
vt 0.045159 0.058144
vt 0.624447 0.737837
vt 0.718825 0.748406
vt 0.624275 0.748406
vt 0.045159 0.035517
vt 0.044104 0.035388
vt 0.044277 0.035623
vt 0.044196 0.059309
vt 0.044069 0.035869
vt 0.044238 0.036124
vt 0.045068 0.059183
vt 0.044238 0.036124
vt 0.045116 0.036009
vt 0.194432 0.748406
vt 0.361677 0.748406
vt 0.193998 0.737837
vt 0.051567 0.075519
vt 0.051553 0.075604
vt 0.051622 0.075600
vt 0.051531 0.075521
vt 0.044069 0.035869
vt 0.044104 0.058016
vt 0.044238 0.036124
vt 0.044277 0.058251
vt 0.051683 0.075521
vt 0.051622 0.075600
vt 0.051686 0.075602
vt 0.051567 0.075519
vt 0.051683 0.075521
vt 0.051686 0.075602
vt 0.051733 0.075525
vt 0.051736 0.075608
vt 0.051788 0.075527
vt 0.051782 0.075609
vt 0.051816 0.075525
vt 0.051817 0.075608
vt 0.051788 0.075527
vt 0.051736 0.075608
vt 0.051782 0.075609
vt 0.051733 0.075525
vt 0.044196 0.059309
vt 0.044236 0.058786
vt 0.045068 0.059183
vt 0.045113 0.058670
vt 0.051816 0.075525
vt 0.051817 0.075608
vt 0.051870 0.075526
vt 0.051858 0.075609
vt 0.044211 0.059118
vt 0.044052 0.058717
vt 0.044043 0.058849
vt 0.044221 0.058981
vt 0.044066 0.058530
vt 0.044236 0.058786
vt 0.051884 0.075523
vt 0.051858 0.075609
vt 0.051888 0.075606
vt 0.051870 0.075526
vt 0.051886 0.075512
vt 0.051888 0.075606
vt 0.051907 0.075592
vt 0.051884 0.075523
vt 0.051956 0.075593
vt 0.051886 0.075512
vt 0.051907 0.075592
vt 0.051923 0.075511
vt 0.044029 0.059032
vt 0.044069 0.035869
vt 0.044196 0.059309
vt 0.044238 0.036124
vt 0.051995 0.075598
vt 0.051923 0.075511
vt 0.051956 0.075593
vt 0.051982 0.075514
vt 0.052057 0.075614
vt 0.051982 0.075514
vt 0.051995 0.075598
vt 0.052061 0.075528
vt 0.052093 0.075621
vt 0.052061 0.075528
vt 0.052057 0.075614
vt 0.052104 0.075534
vt 0.052169 0.075535
vt 0.052104 0.075534
vt 0.052129 0.075622
vt 0.052093 0.075621
vt 0.044047 0.058794
vt 0.045114 0.058657
vt 0.045089 0.058940
vt 0.044067 0.058517
vt 0.477031 0.999703
vt 0.397158 0.999703
vt 0.481784 0.960259
vt 0.398802 0.960259
vt 0.051531 0.075521
vt 0.051504 0.075607
vt 0.051553 0.075604
vt 0.051473 0.075522
vt 0.051403 0.075605
vt 0.051374 0.075525
vt 0.051374 0.075615
vt 0.051351 0.075532
vt 0.369504 0.950976
vt 0.180933 0.967449
vt 0.369504 0.967449
vt 0.180933 0.950976
vt 0.044221 0.058981
vt 0.044052 0.058717
vt 0.044196 0.059309
vt 0.044029 0.059032
vt 0.051298 0.075617
vt 0.051351 0.075532
vt 0.051321 0.075534
vt 0.051374 0.075615
vt 0.045116 0.036009
vt 0.044238 0.036124
vt 0.045068 0.059183
vt 0.044196 0.059309
vt 0.051230 0.075614
vt 0.051256 0.075532
vt 0.051179 0.075614
vt 0.051167 0.075530
vt 0.051230 0.075614
vt 0.051321 0.075534
vt 0.051256 0.075532
vt 0.051298 0.075617
vt 0.044069 0.035869
vt 0.044104 0.058016
vt 0.044238 0.036124
vt 0.044277 0.058251
vt 0.070609 0.308024
vt 0.070761 0.308763
vt 0.070877 0.308047
vt 0.070486 0.308800
vt 0.051091 0.075607
vt 0.051093 0.075524
vt 0.051025 0.075604
vt 0.050970 0.075519
vt 0.044215 0.059061
vt 0.044067 0.058517
vt 0.044047 0.058794
vt 0.044237 0.058773
vt 0.044196 0.059309
vt 0.044238 0.036124
vt 0.045068 0.059183
vt 0.045116 0.036009
vt 0.044221 0.058981
vt 0.044052 0.058717
vt 0.044196 0.059309
vt 0.044029 0.059032
vt 0.050959 0.075588
vt 0.050949 0.075510
vt 0.050882 0.075585
vt 0.050830 0.075507
vt 0.044196 0.059309
vt 0.044236 0.058786
vt 0.045068 0.059183
vt 0.045113 0.058670
vt 0.044277 0.035623
vt 0.045159 0.035517
vt 0.050714 0.075508
vt 0.050752 0.075589
vt 0.050770 0.075508
vt 0.050720 0.075587
vt 0.050814 0.075588
vt 0.050770 0.075508
vt 0.050752 0.075589
vt 0.050830 0.075507
vt 0.044196 0.059309
vt 0.044069 0.035869
vt 0.044029 0.059032
vt 0.044238 0.036124
vt 0.044029 0.059032
vt 0.044067 0.058517
vt 0.044196 0.059309
vt 0.044237 0.058773
vt 0.534500 0.992966
vt 0.395091 0.992966
vt 0.534500 0.975086
vt 0.393066 0.975086
vt 0.361446 0.992966
vt 0.361446 0.975086
vt 0.237957 0.975086
vt 0.241793 0.992966
vt 0.262296 0.860015
vt 0.093059 0.818301
vt 0.101234 0.860015
vt 0.243519 0.818301
vt 0.240964 0.805559
vt 0.069319 0.781932
vt 0.247102 0.781932
vt 0.389939 0.952028
vt 0.534500 0.975086
vt 0.393066 0.975086
vt 0.534500 0.952028
vt 0.060649 0.081733
vt 0.060604 0.081818
vt 0.060662 0.081722
vt 0.060621 0.081801
vt 0.060594 0.081837
vt 0.060611 0.081821
vt 0.060513 0.081989
vt 0.060534 0.081971
vt 0.060392 0.082217
vt 0.060416 0.082200
vt 0.475978 0.676372
vt 0.475978 0.770151
vt 0.221332 0.676372
vt 0.209558 0.770151
vt 0.132392 0.770151
vt 0.132393 0.676372
vt 0.361446 0.952028
vt 0.389939 0.952028
vt 0.361446 0.975086
vt 0.393066 0.975086
vt 0.237957 0.975086
vt 0.361446 0.952028
vt 0.361446 0.975086
vt 0.187502 0.952028
vt 0.475978 0.676372
vt 0.475978 0.770151
vt 0.132393 0.676372
vt 0.132393 0.770151
vt 0.645256 0.732187
vt 0.645290 0.684247
vt 0.645246 0.681999
vt 0.645302 0.732187
vt 0.013828 0.975086
vt 0.187502 0.952028
vt 0.187502 0.975086
vt 0.013828 0.952028
vt 0.187502 0.992966
vt 0.013828 0.992966
vt 0.187502 0.975086
vt 0.013828 0.975086
vt 0.475978 0.676372
vt 0.475978 0.770151
vt 0.132393 0.676372
vt 0.132392 0.770151
vt 0.644489 0.682925
vt 0.644533 0.682924
vt 0.644465 0.732196
vt 0.644511 0.732196
vt 0.058031 0.064321
vt 0.058025 0.064341
vt 0.058096 0.064364
vt 0.058096 0.064392
vt 0.645290 0.684247
vt 0.645299 0.732178
vt 0.645288 0.682905
vt 0.645302 0.732187
vt 0.644465 0.732196
vt 0.644533 0.682924
vt 0.644489 0.682925
vt 0.644511 0.732196
vt 0.241793 0.992966
vt 0.187502 0.992966
vt 0.237957 0.975086
vt 0.187502 0.975086
vt 0.644511 0.732196
vt 0.644514 0.732187
vt 0.644533 0.682924
vt 0.644536 0.682915
vt 0.280089 0.771711
vt 0.022322 0.785892
vt 0.276502 0.785892
vt 0.022322 0.771711
vt 0.002234 0.771711
vt 0.002234 0.785892
vt 0.280325 0.765255
vt 0.349913 0.771711
vt 0.349913 0.765255
vt 0.280089 0.771711
vt 0.022322 0.765255
vt 0.280089 0.771711
vt 0.280325 0.765255
vt 0.022322 0.771711
vt 0.002234 0.765255
vt 0.002234 0.771711
vt 0.718602 0.752438
vt 0.370290 0.765255
vt 0.718602 0.765255
vt 0.370290 0.752438
vt 0.349913 0.752438
vt 0.349913 0.765255
vt 0.022322 0.765255
vt 0.022322 0.752438
vt 0.370290 0.765255
vt 0.718602 0.771711
vt 0.718602 0.765255
vt 0.370290 0.771711
vt 0.370290 0.771711
vt 0.370290 0.785892
vt 0.718602 0.771711
vt 0.718602 0.785892
vt 0.349913 0.765255
vt 0.370290 0.771711
vt 0.370290 0.765255
vt 0.349913 0.771711
vt 0.317243 0.676372
vt 0.475978 0.770151
vt 0.475978 0.676372
vt 0.315231 0.770151
vt 0.462461 0.861336
vt 0.468236 0.834342
vt 0.450936 0.834156
vt 0.414399 0.860940
vt 0.415513 0.833732
vt 0.645290 0.684247
vt 0.645299 0.732178
vt 0.645288 0.682905
vt 0.645302 0.732187
vt 0.475978 0.676372
vt 0.475978 0.770151
vt 0.429678 0.676372
vt 0.376647 0.676372
vt 0.387159 0.770151
vt 0.645302 0.732187
vt 0.645290 0.684247
vt 0.645256 0.732187
vt 0.645246 0.681999
vt 0.370290 0.752438
vt 0.370290 0.765255
vt 0.461569 0.752438
vt 0.459197 0.765255
vt 0.370290 0.765255
vt 0.456760 0.771711
vt 0.459197 0.765255
vt 0.370290 0.771711
vt 0.349913 0.765255
vt 0.370290 0.771711
vt 0.370290 0.765255
vt 0.349913 0.771711
vt 0.349913 0.771711
vt 0.280089 0.771711
vt 0.349913 0.785892
vt 0.276502 0.785892
vt 0.349913 0.752438
vt 0.370290 0.765255
vt 0.370290 0.752438
vt 0.349913 0.765255
vt 0.277831 0.752438
vt 0.280325 0.765255
vt 0.022322 0.765255
vt 0.022322 0.752438
vt 0.002234 0.752438
vt 0.002234 0.765255
vt 0.370290 0.771711
vt 0.370290 0.785892
vt 0.456760 0.771711
vt 0.453774 0.785892
vt 0.512546 0.785892
vt 0.456760 0.771711
vt 0.453774 0.785892
vt 0.517164 0.771711
vt 0.456760 0.771711
vt 0.517164 0.771711
vt 0.459197 0.765255
vt 0.519741 0.765255
vt 0.519741 0.765255
vt 0.461569 0.752438
vt 0.459197 0.765255
vt 0.521045 0.752438
vt 0.349913 0.771711
vt 0.370290 0.785892
vt 0.370290 0.771711
vt 0.349913 0.785892
vt 0.662224 0.710627
vt 0.661777 0.685181
vt 0.618166 0.712054
vt 0.619213 0.685181
vt 0.059693 0.081439
vt 0.059713 0.081443
vt 0.059718 0.081433
vt 0.059691 0.081449
vt 0.059584 0.081474
vt 0.059586 0.081464
vt 0.059457 0.081505
vt 0.059458 0.081494
vt 0.059305 0.081541
vt 0.059305 0.081530
vt 0.059207 0.081553
vt 0.059210 0.081564
vt 0.059146 0.081572
vt 0.059144 0.081560
vt 0.378386 0.676372
vt 0.475978 0.770151
vt 0.475978 0.676372
vt 0.384930 0.728233
vt 0.390219 0.770151
vt 0.645256 0.732187
vt 0.645290 0.684247
vt 0.645302 0.732187
vt 0.645246 0.681999
vt 0.132392 0.770151
vt 0.475978 0.770151
vt 0.132393 0.676372
vt 0.475978 0.676372
vt 0.132393 0.676372
vt 0.475978 0.770151
vt 0.475978 0.676372
vt 0.132393 0.770151
vt 0.644465 0.732196
vt 0.644533 0.682924
vt 0.644511 0.732196
vt 0.644489 0.682925
vt 0.718602 0.765255
vt 0.370290 0.765255
vt 0.718602 0.752438
vt 0.370290 0.752438
vt 0.349913 0.752438
vt 0.349913 0.765255
vt 0.022322 0.765255
vt 0.022322 0.752438
vt 0.644533 0.682924
vt 0.644514 0.732187
vt 0.644511 0.732196
vt 0.644536 0.682915
vt 0.277852 0.975086
vt 0.361446 0.952028
vt 0.187502 0.952028
vt 0.361446 0.975086
vt 0.534500 0.975086
vt 0.534500 0.952028
vt 0.570166 0.975086
vt 0.574617 0.952028
vt 0.277852 0.975086
vt 0.187502 0.975086
vt 0.187502 0.992966
vt 0.013828 0.992966
vt 0.013828 0.975086
vt 0.187502 0.975086
vt 0.187502 0.952028
vt 0.013828 0.975086
vt 0.013828 0.952028
vt 0.132393 0.676372
vt 0.475978 0.770151
vt 0.475978 0.676372
vt 0.132392 0.770151
vt 0.645246 0.681999
vt 0.645290 0.684247
vt 0.645256 0.732187
vt 0.645302 0.732187
vt 0.645288 0.682905
vt 0.645299 0.732178
vt 0.645290 0.684247
vt 0.645302 0.732187
vt 0.718602 0.765255
vt 0.718602 0.771711
vt 0.370290 0.765255
vt 0.370290 0.771711
vt 0.718602 0.785892
vt 0.370290 0.785892
vt 0.718602 0.771711
vt 0.370290 0.771711
vt 0.349913 0.771711
vt 0.349913 0.785892
vt 0.002234 0.765255
vt 0.022322 0.771711
vt 0.002234 0.771711
vt 0.022322 0.765255
vt 0.349913 0.771711
vt 0.349913 0.765255
vt 0.370290 0.771711
vt 0.370290 0.765255
vt 0.455102 0.765255
vt 0.453222 0.771711
vt 0.002234 0.771711
vt 0.022322 0.785892
vt 0.002234 0.785892
vt 0.022322 0.771711
vt 0.349913 0.771711
vt 0.349913 0.785892
vt 0.370290 0.785892
vt 0.370290 0.771711
vt 0.002234 0.752438
vt 0.022322 0.765255
vt 0.002234 0.765255
vt 0.022322 0.752438
vt 0.349913 0.752438
vt 0.349913 0.765255
vt 0.370290 0.765255
vt 0.370290 0.752438
vt 0.457767 0.752438
vt 0.455102 0.765255
vt 0.453222 0.771711
vt 0.370290 0.785892
vt 0.370290 0.771711
vt 0.451929 0.785892
vt 0.299184 0.812634
vt 0.311143 0.824267
vt 0.351854 0.812634
vt 0.339895 0.824267
vt 0.645290 0.684247
vt 0.645299 0.732178
vt 0.645302 0.732187
vt 0.645288 0.682905
vt 0.311143 0.745073
vt 0.311143 0.789540
vt 0.339895 0.743077
vt 0.339895 0.789540
vt 0.299184 0.789540
vt 0.299184 0.812634
vt 0.311143 0.789540
vt 0.339895 0.789540
vt 0.351854 0.812634
vt 0.351854 0.789540
vt 0.066199 0.311346
vt 0.066286 0.311336
vt 0.066206 0.311331
vt 0.066282 0.311350
vt 0.054173 0.080856
vt 0.054129 0.081158
vt 0.054930 0.080917
vt 0.054905 0.081391
vt 0.045068 0.059183
vt 0.044238 0.036124
vt 0.045116 0.036009
vt 0.044196 0.059309
vt 0.044069 0.035869
vt 0.044104 0.058016
vt 0.044238 0.036124
vt 0.044277 0.058251
vt 0.044043 0.058849
vt 0.045096 0.058862
vt 0.045084 0.058996
vt 0.044052 0.058717
vt 0.044104 0.035388
vt 0.045159 0.035517
vt 0.044066 0.058530
vt 0.045113 0.058670
vt 0.044277 0.035623
vt 0.044104 0.035388
vt 0.044236 0.058786
vt 0.044066 0.058530
vt 0.045116 0.036009
vt 0.044277 0.058251
vt 0.045159 0.058144
vt 0.044238 0.036124
vt 0.339895 0.685593
vt 0.311143 0.745073
vt 0.339895 0.743077
vt 0.311143 0.685593
vt 0.228709 0.676372
vt 0.132393 0.770151
vt 0.221938 0.730034
vt 0.132392 0.676372
vt 0.184774 0.864678
vt 0.104740 0.864678
vt 0.118238 0.837172
vt 0.184774 0.824726
vt 0.118667 0.824726
vt 0.363866 0.824726
vt 0.363866 0.864678
vt 0.542904 0.824726
vt 0.542904 0.864582
vt 0.005378 0.780189
vt 0.357714 0.865000
vt 0.357120 0.780189
vt 0.005378 0.865000
vt 0.645256 0.732187
vt 0.645290 0.684247
vt 0.645246 0.681999
vt 0.645302 0.732187
vt 0.349913 0.792348
vt 0.370290 0.805165
vt 0.349913 0.805165
vt 0.022322 0.805165
vt 0.022322 0.792348
vt 0.002234 0.792348
vt 0.002234 0.805165
vt 0.132392 0.676372
vt 0.475978 0.770151
vt 0.475978 0.676372
vt 0.132393 0.770151
vt 0.247770 0.901439
vt 0.004348 0.883925
vt 0.248084 0.883925
vt 0.004348 0.901439
vt 0.022322 0.792348
vt 0.022322 0.785892
vt 0.349913 0.792348
vt 0.002234 0.785892
vt 0.002234 0.792348
vt 0.718602 0.792348
vt 0.370290 0.785892
vt 0.718602 0.785892
vt 0.370290 0.792348
vt 0.349913 0.785892
vt 0.349913 0.792348
vt 0.718602 0.792348
vt 0.718602 0.805165
vt 0.370290 0.792348
vt 0.370290 0.805165
vt 0.349913 0.792348
vt 0.349913 0.805165
vt 0.022322 0.805165
vt 0.022322 0.792348
vt 0.475978 0.770151
vt 0.475978 0.676372
vt 0.132393 0.770151
vt 0.132392 0.676372
vt 0.280882 0.779855
vt 0.719043 0.865000
vt 0.719043 0.779854
vt 0.281962 0.865000
vt 0.239694 0.902504
vt 0.004348 0.902504
vt 0.238830 0.884991
vt 0.004348 0.884991
vt 0.644465 0.732196
vt 0.644533 0.682924
vt 0.644489 0.682925
vt 0.644511 0.732196
vt 0.132392 0.676372
vt 0.475978 0.770151
vt 0.475978 0.676372
vt 0.132393 0.770151
vt 0.542904 0.864582
vt 0.722496 0.824726
vt 0.722496 0.864485
vt 0.542904 0.824726
vt 0.132607 0.901439
vt 0.004348 0.883925
vt 0.133046 0.883925
vt 0.004348 0.901439
vt 0.645256 0.732187
vt 0.645290 0.684247
vt 0.645246 0.681999
vt 0.645302 0.732187
vt 0.349913 0.771711
vt 0.022322 0.785892
vt 0.022322 0.771711
vt 0.349913 0.785892
vt 0.349913 0.792348
vt 0.022322 0.785892
vt 0.349913 0.785892
vt 0.022322 0.792348
vt 0.644511 0.732196
vt 0.644514 0.732187
vt 0.644533 0.682924
vt 0.644536 0.682915
vt 0.644489 0.682925
vt 0.644533 0.682924
vt 0.644465 0.732196
vt 0.644511 0.732196
vt 0.022322 0.785892
vt 0.002234 0.785892
vt 0.022322 0.792348
vt 0.002234 0.792348
vt 0.004958 0.952028
vt 0.095492 0.975086
vt 0.004958 0.975086
vt 0.097470 0.952028
vt 0.165880 0.792348
vt 0.022322 0.785892
vt 0.022322 0.792348
vt 0.166156 0.785892
vt 0.132392 0.676372
vt 0.282577 0.770151
vt 0.132393 0.770151
vt 0.280565 0.676372
vt 0.107845 0.830522
vt 0.107845 0.868205
vt 0.198623 0.830522
vt 0.190486 0.868205
vt 0.002234 0.785892
vt 0.022322 0.785892
vt 0.002234 0.771711
vt 0.022322 0.771711
vt 0.166305 0.771711
vt 0.166156 0.785892
vt 0.349913 0.771711
vt 0.349913 0.785892
vt 0.002234 0.805165
vt 0.022322 0.805165
vt 0.002234 0.792348
vt 0.022322 0.792348
vt 0.165880 0.792348
vt 0.165453 0.805165
vt 0.041892 0.779855
vt 0.196672 0.865000
vt 0.041892 0.865000
vt 0.195417 0.779855
vt 0.285679 0.884991
vt 0.285599 0.902504
vt 0.368060 0.884991
vt 0.195118 0.902504
vt 0.195831 0.884991
vt 0.198623 0.830522
vt 0.190486 0.868205
vt 0.259087 0.830522
vt 0.257925 0.868205
vt 0.279235 0.830522
vt 0.278082 0.868205
vt 0.475978 0.676372
vt 0.475978 0.770151
vt 0.280565 0.676372
vt 0.282577 0.770151
vt 0.195417 0.779855
vt 0.366674 0.865000
vt 0.196672 0.865000
vt 0.363871 0.779855
vt 0.349913 0.805165
vt 0.349913 0.792348
vt 0.165453 0.805165
vt 0.165880 0.792348
vt 0.349913 0.785892
vt 0.165880 0.792348
vt 0.349913 0.792348
vt 0.166156 0.785892
vt 0.645256 0.732187
vt 0.645244 0.682906
vt 0.645246 0.681999
vt 0.645254 0.732179
vt 0.645246 0.681999
vt 0.645289 0.683576
vt 0.645256 0.732187
vt 0.645301 0.732182
vt 0.349913 0.805165
vt 0.370290 0.805165
vt 0.349913 0.792348
vt 0.370290 0.792348
vt 0.370290 0.792348
vt 0.349913 0.785892
vt 0.349913 0.792348
vt 0.370290 0.785892
vt 0.349913 0.785892
vt 0.370290 0.785892
vt 0.349913 0.771711
vt 0.370290 0.771711
vt 0.166305 0.771711
vt 0.349913 0.771711
vt 0.166151 0.765255
vt 0.349913 0.765255
vt 0.097470 0.952028
vt 0.137670 0.975086
vt 0.095492 0.975086
vt 0.136916 0.952028
vt 0.349913 0.752438
vt 0.166151 0.765255
vt 0.349913 0.765255
vt 0.165725 0.752438
vt 0.349913 0.765255
vt 0.370290 0.771711
vt 0.370290 0.765255
vt 0.349913 0.771711
vt 0.645301 0.732182
vt 0.645289 0.683576
vt 0.645256 0.732187
vt 0.645246 0.681999
vt 0.431062 0.785235
vt 0.469731 0.785235
vt 0.436742 0.686502
vt 0.464051 0.686502
vt 0.132393 0.676372
vt 0.325637 0.770151
vt 0.132392 0.770151
vt 0.327649 0.676372
vt 0.044238 0.036124
vt 0.044104 0.058016
vt 0.044069 0.035869
vt 0.044277 0.058251
vt 0.045068 0.059183
vt 0.045114 0.058657
vt 0.044029 0.059032
vt 0.044067 0.058517
vt 0.057650 0.076586
vt 0.058277 0.076823
vt 0.058252 0.076630
vt 0.057683 0.076750
vt 0.137670 0.975086
vt 0.136916 0.952028
vt 0.137670 0.975086
vt 0.136916 0.952028
vt 0.533898 0.696616
vt 0.575034 0.704388
vt 0.575034 0.697918
vt 0.575034 0.742694
vt 0.534232 0.776027
vt 0.575033 0.776093
vt 0.264105 0.718056
vt 0.264080 0.718073
vt 0.264100 0.718107
vt 0.264086 0.718020
vt 0.057685 0.067697
vt 0.057481 0.067721
vt 0.057675 0.067741
vt 0.057604 0.067755
vt 0.057762 0.067743
vt 0.057685 0.067697
vt 0.057675 0.067741
vt 0.057762 0.067702
vt 0.045068 0.059183
vt 0.044221 0.058981
vt 0.044196 0.059309
vt 0.045096 0.058862
vt 0.045116 0.036009
vt 0.044277 0.058251
vt 0.045159 0.058144
vt 0.044238 0.036124
vt 0.057481 0.067721
vt 0.057439 0.067748
vt 0.057511 0.067762
vt 0.057463 0.067783
vt 0.409192 0.975569
vt 0.145184 0.975569
vt 0.399671 0.993334
vt 0.145184 0.993334
vt 0.539933 0.976682
vt 0.399671 0.993334
vt 0.546786 0.993463
vt 0.409192 0.975569
vt 0.044029 0.059032
vt 0.044067 0.058517
vt 0.044196 0.059309
vt 0.044237 0.058773
vt 0.057463 0.067783
vt 0.057322 0.067753
vt 0.057402 0.067796
vt 0.057439 0.067748
vt 0.057830 0.067734
vt 0.057762 0.067702
vt 0.057833 0.067769
vt 0.057762 0.067743
vt 0.057918 0.067779
vt 0.057830 0.067734
vt 0.057833 0.067769
vt 0.057990 0.067745
vt 0.045116 0.036009
vt 0.044238 0.036124
vt 0.045068 0.059183
vt 0.044196 0.059309
vt 0.057918 0.067779
vt 0.058023 0.067790
vt 0.057990 0.067745
vt 0.058015 0.067740
vt 0.058220 0.067766
vt 0.058060 0.067746
vt 0.058023 0.067790
vt 0.058195 0.067724
vt 0.045116 0.036009
vt 0.044277 0.058251
vt 0.044238 0.036124
vt 0.045159 0.058144
vt 0.044238 0.036124
vt 0.044104 0.058016
vt 0.044069 0.035869
vt 0.044277 0.058251
vt 0.044238 0.036124
vt 0.044104 0.058016
vt 0.044277 0.058251
vt 0.044069 0.035869
vt 0.058360 0.067731
vt 0.058195 0.067724
vt 0.058341 0.067782
vt 0.058220 0.067766
vt 0.044236 0.058786
vt 0.044277 0.035623
vt 0.045113 0.058670
vt 0.045159 0.035517
vt 0.045068 0.059183
vt 0.044236 0.058786
vt 0.045113 0.058670
vt 0.044196 0.059309
vt 0.058535 0.067745
vt 0.058360 0.067731
vt 0.058515 0.067795
vt 0.058341 0.067782
vt 0.722447 0.950976
vt 0.541937 0.967449
vt 0.722447 0.967449
vt 0.541937 0.950976
vt 0.369504 0.967449
vt 0.369504 0.950976
vt 0.058612 0.067780
vt 0.058535 0.067745
vt 0.058515 0.067795
vt 0.058710 0.067722
vt 0.058688 0.067766
vt 0.058770 0.067777
vt 0.058710 0.067722
vt 0.058780 0.067738
vt 0.209972 0.952475
vt 0.191795 0.978737
vt 0.212746 0.978737
vt 0.190955 0.952475
vt 0.166325 0.978737
vt 0.164284 0.952475
vt 0.120401 0.978737
vt 0.111811 0.965612
vt 0.110311 0.952475
vt 0.275106 0.952475
vt 0.212746 0.978737
vt 0.274231 0.978737
vt 0.209972 0.952475
vt 0.674308 0.994990
vt 0.675790 0.970946
vt 0.432248 0.994990
vt 0.438592 0.970946
vt 0.360754 0.994990
vt 0.368958 0.970946
vt 0.259850 0.994990
vt 0.263042 0.970946
vt 0.052627 0.994990
vt 0.058036 0.970946
vt 0.058241 0.076320
vt 0.058193 0.076294
vt 0.058190 0.076320
vt 0.058235 0.076293
vt 0.058248 0.076281
vt 0.058235 0.076293
vt 0.058240 0.076301
vt 0.058241 0.076320
vt 0.563619 0.838748
vt 0.649536 0.857871
vt 0.649524 0.837755
vt 0.563620 0.859201
vt 0.519804 0.839255
vt 0.520375 0.859870
vt 0.430330 0.859490
vt 0.433337 0.838636
vt 0.359514 0.838891
vt 0.359530 0.860050
vt 0.279245 0.863419
vt 0.279171 0.841955
vt 0.359236 0.824511
vt 0.278913 0.827364
vt 0.364904 0.736521
vt 0.284983 0.738088
vt 0.467380 0.833847
vt 0.501613 0.834218
vt 0.483217 0.825056
vt 0.468061 0.809570
vt 0.482855 0.809791
vt 0.450032 0.809300
vt 0.450201 0.833660
vt 0.416855 0.833262
vt 0.417357 0.808813
vt 0.044196 0.059309
vt 0.044043 0.058849
vt 0.044029 0.059032
vt 0.044211 0.059118
vt 0.392288 0.808436
vt 0.416855 0.833262
vt 0.417357 0.808813
vt 0.391779 0.833067
vt 0.066831 0.777892
vt 0.008711 0.769221
vt 0.008711 0.776965
vt 0.067973 0.769980
vt 0.008711 0.725894
vt 0.074766 0.722885
vt 0.080655 0.682067
vt 0.008711 0.684240
vt 0.148217 0.683794
vt 0.130099 0.724052
vt 0.126617 0.770646
vt 0.163328 0.724187
vt 0.254054 0.685531
vt 0.163285 0.744376
vt 0.163164 0.770277
vt 0.361620 0.861524
vt 0.392860 0.833564
vt 0.362201 0.833584
vt 0.392293 0.860970
vt 0.392293 0.860970
vt 0.415513 0.833732
vt 0.392860 0.833564
vt 0.414399 0.860940
vt 0.464051 0.686502
vt 0.469731 0.785235
vt 0.436742 0.686502
vt 0.431062 0.785235
vt 0.645256 0.732187
vt 0.645289 0.683576
vt 0.645301 0.732182
vt 0.645246 0.681999
vt 0.132392 0.770151
vt 0.317243 0.676372
vt 0.132393 0.676372
vt 0.315231 0.770151
vt 0.468236 0.834342
vt 0.527083 0.861736
vt 0.503162 0.834718
vt 0.462461 0.861336
vt 0.644536 0.682915
vt 0.644514 0.732187
vt 0.644533 0.682924
vt 0.644511 0.732196
vt 0.002234 0.752438
vt 0.022322 0.765255
vt 0.002234 0.765255
vt 0.022322 0.752438
vt 0.175523 0.752438
vt 0.022322 0.765255
vt 0.022322 0.752438
vt 0.175948 0.765255
vt 0.022322 0.765255
vt 0.176226 0.771711
vt 0.022322 0.771711
vt 0.175948 0.765255
vt 0.002234 0.765255
vt 0.022322 0.771711
vt 0.002234 0.771711
vt 0.022322 0.765255
vt 0.022322 0.771711
vt 0.022322 0.785892
vt 0.349913 0.771711
vt 0.349913 0.785892
vt 0.175948 0.765255
vt 0.175523 0.752438
vt 0.349913 0.765255
vt 0.349913 0.752438
vt 0.370290 0.765255
vt 0.370290 0.752438
vt 0.175948 0.765255
vt 0.349913 0.771711
vt 0.176226 0.771711
vt 0.349913 0.765255
vt 0.370290 0.771711
vt 0.370290 0.765255
vt 0.469731 0.785235
vt 0.425383 0.807171
vt 0.431062 0.785235
vt 0.475411 0.807171
vt 0.370290 0.771711
vt 0.370290 0.785892
vt 0.349913 0.771711
vt 0.349913 0.785892
vt 0.176226 0.771711
vt 0.176374 0.785892
vt 0.425383 0.807171
vt 0.464051 0.818220
vt 0.436742 0.818220
vt 0.475411 0.807171
vt 0.176374 0.785892
vt 0.022322 0.785892
vt 0.176226 0.771711
vt 0.022322 0.771711
vt 0.002234 0.771711
vt 0.002234 0.785892
vt 0.022322 0.771711
vt 0.349913 0.771711
vt 0.022322 0.765255
vt 0.349913 0.765255
vt 0.645256 0.732187
vt 0.645244 0.682906
vt 0.645254 0.732179
vt 0.645246 0.681999
vt 0.349913 0.785892
vt 0.370290 0.785892
vt 0.349913 0.771711
vt 0.370290 0.771711
vt 0.276502 0.785892
vt 0.022322 0.785892
vt 0.273754 0.792348
vt 0.022322 0.792348
vt 0.002234 0.785892
vt 0.002234 0.792348
vt 0.349913 0.792348
vt 0.370290 0.805165
vt 0.370290 0.792348
vt 0.349913 0.805165
vt 0.370290 0.805165
vt 0.456114 0.805165
vt 0.370290 0.792348
vt 0.453733 0.792348
vt 0.368060 0.883925
vt 0.184034 0.883925
vt 0.368060 0.901439
vt 0.184034 0.901439
vt 0.645246 0.681999
vt 0.645290 0.684247
vt 0.645256 0.732187
vt 0.645302 0.732187
vt 0.645256 0.732187
vt 0.645244 0.682906
vt 0.645246 0.681999
vt 0.645254 0.732179
vt 0.475978 0.676372
vt 0.475978 0.770151
vt 0.383274 0.676372
vt 0.395049 0.770151
vt 0.132393 0.770151
vt 0.132392 0.676372
vt 0.453774 0.785892
vt 0.370290 0.785892
vt 0.453733 0.792348
vt 0.370290 0.792348
vt 0.511282 0.792348
vt 0.453774 0.785892
vt 0.453733 0.792348
vt 0.512546 0.785892
vt 0.453733 0.792348
vt 0.512586 0.805165
vt 0.511282 0.792348
vt 0.456114 0.805165
vt 0.132392 0.676372
vt 0.181294 0.676372
vt 0.132393 0.770151
vt 0.228804 0.676372
vt 0.218274 0.770151
vt 0.349913 0.805165
vt 0.349913 0.792348
vt 0.271260 0.805165
vt 0.273754 0.792348
vt 0.022322 0.792348
vt 0.022322 0.805165
vt 0.002234 0.792348
vt 0.002234 0.805165
vt 0.349913 0.792348
vt 0.276502 0.785892
vt 0.273754 0.792348
vt 0.349913 0.785892
vt 0.370290 0.792348
vt 0.370290 0.785892
vt 0.363866 0.864678
vt 0.363866 0.824726
vt 0.222854 0.864678
vt 0.216489 0.824726
vt 0.212634 0.835990
vt 0.370290 0.792348
vt 0.718602 0.805165
vt 0.718602 0.792348
vt 0.370290 0.805165
vt 0.349913 0.792348
vt 0.349913 0.805165
vt 0.022322 0.805165
vt 0.022322 0.792348
vt 0.718602 0.785892
vt 0.370290 0.785892
vt 0.718602 0.792348
vt 0.370290 0.792348
vt 0.132393 0.770151
vt 0.475978 0.676372
vt 0.475978 0.770151
vt 0.132392 0.676372
vt 0.644468 0.732188
vt 0.644492 0.681750
vt 0.644465 0.732196
vt 0.644489 0.682925
vt 0.644489 0.682925
vt 0.644533 0.682924
vt 0.644465 0.732196
vt 0.644511 0.732196
vt 0.005378 0.865000
vt 0.220287 0.780189
vt 0.223106 0.865000
vt 0.005378 0.780189
vt 0.368060 0.902504
vt 0.220445 0.884991
vt 0.219755 0.902504
vt 0.368060 0.884991
vt 0.147927 0.883925
vt 0.004348 0.883925
vt 0.146435 0.901439
vt 0.004348 0.901439
vt 0.176940 0.884991
vt 0.004348 0.902504
vt 0.176503 0.902504
vt 0.004348 0.884991
vt 0.323137 0.044897
vt 0.322451 0.000000
vt 0.322451 0.037932
vt 0.323137 0.000000
vt 0.005378 0.865000
vt 0.177792 0.807239
vt 0.206461 0.865000
vt 0.005378 0.780189
vt 0.191866 0.780189
vt 0.717531 0.724018
vt 0.461100 0.724018
vt 0.717531 0.746947
vt 0.466790 0.746947
vt 0.361516 0.681278
vt 0.496668 0.701707
vt 0.491590 0.681278
vt 0.361516 0.701707
vt 0.179642 0.701707
vt 0.179642 0.681268
vt 0.002057 0.701708
vt 0.002057 0.681258
vt 0.323137 0.000000
vt 0.322451 0.000000
vt 0.323137 0.044897
vt 0.322451 0.037932
vt 0.442694 0.759411
vt 0.456225 0.766717
vt 0.373877 0.759411
vt 0.360198 0.766717
vt 0.360608 0.734579
vt 0.509442 0.734579
vt 0.360608 0.707900
vt 0.528287 0.707900
vt 0.044221 0.058981
vt 0.044066 0.058530
vt 0.044052 0.058717
vt 0.044236 0.058786
vt 0.052644 0.078855
vt 0.051126 0.077860
vt 0.051238 0.078511
vt 0.052614 0.078635
vt 0.662224 0.710627
vt 0.716132 0.759621
vt 0.716133 0.708881
vt 0.657717 0.759152
vt 0.360198 0.697919
vt 0.442694 0.705225
vt 0.373877 0.705225
vt 0.456225 0.697919
vt 0.360198 0.679089
vt 0.456225 0.679089
vt 0.590997 0.974038
vt 0.507347 0.999703
vt 0.511022 0.960259
vt 0.586334 0.999703
vt 0.364229 0.831370
vt 0.511128 0.843671
vt 0.511558 0.831370
vt 0.364229 0.843671
vt 0.195215 0.843671
vt 0.194912 0.831370
vt 0.003461 0.843671
vt 0.003461 0.831370
vt 0.225851 0.995443
vt 0.042123 0.995443
vt 0.224329 0.969753
vt 0.042123 0.969753
vt 0.662224 0.710627
vt 0.618166 0.712054
vt 0.657717 0.759152
vt 0.618166 0.756278
vt 0.618166 0.712054
vt 0.619213 0.685181
vt 0.602499 0.712054
vt 0.602499 0.685181
vt 0.041892 0.779855
vt 0.002817 0.779831
vt 0.041892 0.865000
vt 0.002817 0.865000
vt 0.442694 0.705225
vt 0.442694 0.759411
vt 0.373877 0.705225
vt 0.373877 0.759411
vt 0.653565 0.803861
vt 0.618166 0.776988
vt 0.602499 0.803861
vt 0.602499 0.776988
vt 0.716133 0.775121
vt 0.653565 0.803861
vt 0.694956 0.803861
vt 0.657717 0.759152
vt 0.657717 0.759152
vt 0.618166 0.756278
vt 0.653565 0.803861
vt 0.618166 0.776988
vt 0.042123 0.965300
vt 0.220890 0.965300
vt 0.042123 0.969753
vt 0.224329 0.969753
vt 0.005378 0.865000
vt 0.201875 0.780189
vt 0.202432 0.865000
vt 0.005378 0.780189
vt 0.041892 0.779855
vt 0.002817 0.779831
vt 0.041892 0.865000
vt 0.002817 0.865000
vt 0.321534 0.000000
vt 0.322451 0.037932
vt 0.322451 0.000000
vt 0.321534 0.013060
vt 0.041892 0.865000
vt 0.002817 0.779831
vt 0.002817 0.865000
vt 0.041892 0.779855
vt 0.363866 0.824726
vt 0.545320 0.864580
vt 0.545320 0.824726
vt 0.363866 0.864678
vt 0.324055 0.013060
vt 0.323137 0.000000
vt 0.323137 0.044897
vt 0.324055 0.000000
vt 0.368060 0.883925
vt 0.195587 0.901439
vt 0.368060 0.901439
vt 0.195149 0.883925
vt 0.719043 0.779854
vt 0.719043 0.865000
vt 0.393956 0.779855
vt 0.392891 0.865000
vt 0.644536 0.682915
vt 0.644514 0.732187
vt 0.644533 0.682924
vt 0.644511 0.732196
vt 0.004348 0.884991
vt 0.004348 0.902504
vt 0.178560 0.884991
vt 0.178960 0.902504
vt 0.368060 0.884991
vt 0.719043 0.779854
vt 0.719043 0.865000
vt 0.398529 0.779855
vt 0.397937 0.865000
vt 0.041892 0.779855
vt 0.041892 0.865000
vt 0.503328 0.686465
vt 0.359097 0.707290
vt 0.491694 0.707290
vt 0.359097 0.686465
vt 0.181515 0.686465
vt 0.181515 0.707290
vt 0.008120 0.686465
vt 0.008120 0.707290
vt 0.719043 0.779854
vt 0.719043 0.865000
vt 0.376428 0.779855
vt 0.376428 0.865000
vt 0.041892 0.779855
vt 0.041892 0.865000
vt 0.323137 0.000000
vt 0.322451 0.000000
vt 0.323137 0.044897
vt 0.322451 0.037932
vt 0.321534 0.000000
vt 0.322451 0.037932
vt 0.322451 0.000000
vt 0.321534 0.013060
vt 0.008883 0.724018
vt 0.008883 0.746947
vt 0.367435 0.724018
vt 0.367435 0.746947
vt 0.368060 0.883925
vt 0.199060 0.901439
vt 0.368060 0.901439
vt 0.198648 0.883925
vt 0.478309 0.965300
vt 0.478309 0.969753
vt 0.275275 0.965300
vt 0.274708 0.969753
vt 0.719043 0.779854
vt 0.719043 0.865000
vt 0.404882 0.779855
vt 0.404402 0.865000
vt 0.041892 0.779855
vt 0.041892 0.865000
vt 0.141757 0.883925
vt 0.004348 0.883925
vt 0.143112 0.901439
vt 0.004348 0.901439
vt 0.475978 0.676372
vt 0.475978 0.770151
vt 0.132392 0.676372
vt 0.132393 0.770151
vt 0.645246 0.681999
vt 0.645290 0.684247
vt 0.645256 0.732187
vt 0.645302 0.732187
vt 0.545320 0.864580
vt 0.722496 0.824726
vt 0.545320 0.824726
vt 0.722496 0.864485
vt 0.195149 0.883925
vt 0.004348 0.883925
vt 0.195587 0.901439
vt 0.004348 0.901439
vt 0.717531 0.724018
vt 0.367435 0.746947
vt 0.717531 0.746947
vt 0.367435 0.724018
vt 0.368060 0.902504
vt 0.225051 0.884991
vt 0.226543 0.902504
vt 0.368060 0.884991
vt 0.005378 0.865000
vt 0.210451 0.780189
vt 0.211276 0.865000
vt 0.005378 0.780189
vt 0.176221 0.792348
vt 0.175795 0.805165
vt 0.022322 0.792348
vt 0.022322 0.805165
vt 0.293294 0.770151
vt 0.291282 0.676372
vt 0.132393 0.770151
vt 0.132392 0.676372
vt 0.041892 0.865000
vt 0.210166 0.779855
vt 0.041892 0.779855
vt 0.211107 0.865000
vt 0.368060 0.902504
vt 0.277491 0.884991
vt 0.368060 0.884991
vt 0.277677 0.902504
vt 0.172953 0.884991
vt 0.173737 0.902504
vt 0.132190 0.884991
vt 0.133454 0.902504
vt 0.159080 0.777261
vt 0.159080 0.809098
vt 0.303922 0.777261
vt 0.303922 0.809098
vt 0.405084 0.775859
vt 0.409665 0.807457
vt 0.464377 0.778959
vt 0.457567 0.810264
vt 0.528422 0.791168
vt 0.521612 0.822473
vt 0.004348 0.901439
vt 0.004348 0.883925
vt 0.093707 0.901439
vt 0.094095 0.883925
vt 0.644511 0.732196
vt 0.644533 0.682924
vt 0.644465 0.732196
vt 0.644489 0.682925
vt 0.022322 0.792348
vt 0.022322 0.805165
vt 0.002234 0.792348
vt 0.002234 0.805165
vt 0.022322 0.792348
vt 0.022322 0.785892
vt 0.176221 0.792348
vt 0.176374 0.785892
vt 0.176221 0.792348
vt 0.176374 0.785892
vt 0.349913 0.792348
vt 0.349913 0.785892
vt 0.370290 0.792348
vt 0.370290 0.785892
vt 0.176221 0.792348
vt 0.349913 0.792348
vt 0.175795 0.805165
vt 0.349913 0.805165
vt 0.370290 0.805165
vt 0.370290 0.792348
vt 0.293294 0.770151
vt 0.475978 0.770151
vt 0.291282 0.676372
vt 0.475978 0.676372
vt 0.403464 0.865000
vt 0.403679 0.779855
vt 0.211107 0.865000
vt 0.210166 0.779855
vt 0.645256 0.732187
vt 0.645244 0.682906
vt 0.645254 0.732179
vt 0.645246 0.681999
vt 0.645256 0.732187
vt 0.645289 0.683576
vt 0.645246 0.681999
vt 0.645301 0.732182
vt 0.403464 0.865000
vt 0.478676 0.779855
vt 0.403679 0.779855
vt 0.476617 0.865000
vt 0.200247 0.901439
vt 0.094095 0.883925
vt 0.200158 0.883925
vt 0.093707 0.901439
vt 0.041892 0.865000
vt 0.208543 0.779855
vt 0.041892 0.779855
vt 0.208259 0.865000
vt 0.407814 0.779855
vt 0.406612 0.865000
vt 0.489834 0.779855
vt 0.487891 0.865000
vt 0.323137 0.044897
vt 0.322451 0.000000
vt 0.323137 0.000000
vt 0.322451 0.037932
vt 0.149998 0.759480
vt 0.294840 0.682549
vt 0.149998 0.682549
vt 0.294840 0.759480
vt 0.384634 0.681758
vt 0.395704 0.758110
vt 0.455294 0.761178
vt 0.464377 0.680019
vt 0.528422 0.692229
vt 0.519340 0.773387
vt 0.361122 0.746947
vt 0.177310 0.724018
vt 0.361122 0.724018
vt 0.177310 0.746947
vt 0.077607 0.724018
vt 0.077987 0.746947
vt 0.011026 0.746947
vt 0.011026 0.724018
vt 0.004348 0.901439
vt 0.004348 0.883925
vt 0.095446 0.901439
vt 0.095833 0.883925
vt 0.158249 0.901439
vt 0.158577 0.883925
vt 0.207610 0.901439
vt 0.207521 0.883925
vt 0.041892 0.865000
vt 0.211780 0.779855
vt 0.041892 0.779855
vt 0.211496 0.865000
vt 0.329417 0.779855
vt 0.328422 0.865000
vt 0.421523 0.779855
vt 0.420321 0.865000
vt 0.003461 0.843441
vt 0.003461 0.833190
vt 0.097244 0.843441
vt 0.097109 0.833190
vt 0.155244 0.843441
vt 0.154825 0.833190
vt 0.209901 0.843441
vt 0.209327 0.833190
vt 0.077978 0.681258
vt 0.171216 0.701708
vt 0.077978 0.701708
vt 0.171216 0.681263
vt 0.221744 0.701707
vt 0.221790 0.681266
vt 0.255563 0.681268
vt 0.255563 0.701707
vt 0.224546 0.969753
vt 0.291025 0.965300
vt 0.225129 0.965300
vt 0.290584 0.969753
vt 0.224546 0.969753
vt 0.225129 0.965300
vt 0.155691 0.969753
vt 0.155348 0.965300
vt 0.155691 0.969753
vt 0.155348 0.965300
vt 0.042123 0.969753
vt 0.042123 0.965300
vt 0.243904 0.901439
vt 0.200158 0.883925
vt 0.243056 0.883925
vt 0.200247 0.901439
vt 0.645256 0.732187
vt 0.645254 0.732179
vt 0.644860 0.732192
vt 0.644860 0.732183
vt 0.644860 0.732192
vt 0.644860 0.732183
vt 0.644511 0.732196
vt 0.644514 0.732187
vt 0.349913 0.792348
vt 0.022322 0.785892
vt 0.022322 0.792348
vt 0.349913 0.785892
vt 0.644511 0.732196
vt 0.645254 0.732179
vt 0.645256 0.732187
vt 0.644514 0.732187
vt 0.645299 0.732178
vt 0.645976 0.732171
vt 0.645302 0.732187
vt 0.645983 0.732179
vt 0.645254 0.732179
vt 0.645244 0.682906
vt 0.645256 0.732187
vt 0.645246 0.681999
vt 0.171516 0.902504
vt 0.171605 0.884991
vt 0.278548 0.902504
vt 0.278161 0.884991
vt 0.265302 0.898552
vt 0.265017 0.880077
vt 0.208117 0.898552
vt 0.208117 0.880077
vt 0.208117 0.898552
vt 0.208117 0.880077
vt 0.146657 0.898552
vt 0.146657 0.880077
vt 0.501093 0.898552
vt 0.501093 0.880077
vt 0.362095 0.898552
vt 0.362095 0.880077
vt 0.362095 0.898552
vt 0.362095 0.880077
vt 0.265302 0.898552
vt 0.265017 0.880077
vt 0.184034 0.883925
vt 0.004348 0.883925
vt 0.184034 0.901439
vt 0.004348 0.901439
vt 0.022322 0.792348
vt 0.002234 0.785892
vt 0.022322 0.785892
vt 0.002234 0.792348
vt 0.370290 0.792348
vt 0.349913 0.785892
vt 0.349913 0.792348
vt 0.370290 0.785892
vt 0.644514 0.732187
vt 0.645079 0.732181
vt 0.644511 0.732196
vt 0.645077 0.732189
vt 0.478309 0.995443
vt 0.274708 0.969753
vt 0.478309 0.969753
vt 0.273665 0.995443
vt 0.042123 0.995443
vt 0.042123 0.969753
vt 0.324055 0.000000
vt 0.323137 0.000000
vt 0.324055 0.013060
vt 0.323137 0.044897
vt 0.273963 0.999895
vt 0.042123 0.999895
vt 0.273665 0.995443
vt 0.042123 0.995443
vt 0.478309 0.999895
vt 0.273665 0.995443
vt 0.478309 0.995443
vt 0.273963 0.999895
vt 0.222823 0.999895
vt 0.042123 0.999895
vt 0.225851 0.995443
vt 0.042123 0.995443
vt 0.003461 0.831370
vt 0.096475 0.843671
vt 0.003461 0.843671
vt 0.096302 0.831370
vt 0.152867 0.843671
vt 0.152331 0.831370
vt 0.206646 0.843671
vt 0.205912 0.831370
vt 0.042123 0.995443
vt 0.042123 0.999895
vt 0.155088 0.995443
vt 0.154582 0.999895
vt 0.042123 0.969753
vt 0.042123 0.995443
vt 0.155691 0.969753
vt 0.155088 0.995443
vt 0.224546 0.969753
vt 0.222683 0.995443
vt 0.290584 0.969753
vt 0.288030 0.995443
vt 0.155088 0.995443
vt 0.154582 0.999895
vt 0.222683 0.995443
vt 0.222762 0.999895
vt 0.222683 0.995443
vt 0.222762 0.999895
vt 0.288030 0.995443
vt 0.287784 0.999895
vt 0.645299 0.732178
vt 0.645468 0.732176
vt 0.645302 0.732187
vt 0.645470 0.732185
vt 0.645077 0.732189
vt 0.645254 0.732179
vt 0.645256 0.732187
vt 0.645079 0.732181
vt 0.044237 0.058773
vt 0.044257 0.058504
vt 0.045114 0.058657
vt 0.045137 0.058393
vt 0.431815 0.999703
vt 0.230368 0.999703
vt 0.432692 0.960259
vt 0.511022 0.960259
vt 0.507347 0.999703
vt 0.044257 0.058504
vt 0.044277 0.058251
vt 0.045137 0.058393
vt 0.045159 0.058144
vt 0.388793 0.760599
vt 0.447300 0.683087
vt 0.388793 0.683087
vt 0.446637 0.760599
vt 0.513073 0.760599
vt 0.513073 0.683087
vt 0.645468 0.732176
vt 0.645579 0.732175
vt 0.645470 0.732185
vt 0.645580 0.732183
vt 0.144512 0.487556
vt 0.143809 0.487656
vt 0.144551 0.487644
vt 0.143745 0.487576
vt 0.143576 0.487641
vt 0.143713 0.487537
vt 0.143539 0.487605
vt 0.143745 0.487576
vt 0.143649 0.487718
vt 0.143809 0.487656
vt 0.143832 0.487685
vt 0.143032 0.487822
vt 0.143361 0.487778
vt 0.143301 0.487691
vt 0.143119 0.487896
vt 0.143361 0.487778
vt 0.143649 0.487718
vt 0.143301 0.487691
vt 0.143576 0.487641
vt 0.339895 0.685593
vt 0.339895 0.723264
vt 0.311143 0.685593
vt 0.311143 0.722432
vt 0.339895 0.723264
vt 0.339895 0.745028
vt 0.311143 0.722432
vt 0.311143 0.743942
vt 0.339895 0.745028
vt 0.311143 0.789540
vt 0.311143 0.743942
vt 0.339895 0.789540
vt 0.645474 0.732176
vt 0.645597 0.732183
vt 0.645588 0.732175
vt 0.645481 0.732184
vt 0.339895 0.824267
vt 0.311143 0.824267
vt 0.351854 0.812634
vt 0.299184 0.812634
vt 0.311143 0.789540
vt 0.299184 0.789540
vt 0.339895 0.789540
vt 0.351854 0.789540
vt 0.645290 0.684247
vt 0.645299 0.732178
vt 0.645302 0.732187
vt 0.645288 0.682905
vt 0.645302 0.732187
vt 0.645481 0.732184
vt 0.645299 0.732178
vt 0.645474 0.732176
vt 0.645256 0.732187
vt 0.645254 0.732179
vt 0.645092 0.732189
vt 0.645088 0.732181
vt 0.644514 0.732187
vt 0.645092 0.732189
vt 0.645088 0.732181
vt 0.644511 0.732196
vt 0.064815 0.311277
vt 0.064768 0.311282
vt 0.064818 0.311289
vt 0.064768 0.311293
vt 0.237848 0.901439
vt 0.199339 0.883925
vt 0.239113 0.883925
vt 0.198556 0.901439
vt 0.044211 0.059118
vt 0.044043 0.058849
vt 0.044196 0.059309
vt 0.044029 0.059032
vt 0.044211 0.059118
vt 0.044052 0.058717
vt 0.044043 0.058849
vt 0.044221 0.058981
vt 0.044211 0.059118
vt 0.044052 0.058717
vt 0.044043 0.058849
vt 0.044221 0.058981
vt 0.044221 0.058981
vt 0.044066 0.058530
vt 0.044052 0.058717
vt 0.044236 0.058786
vt 0.044236 0.058786
vt 0.044104 0.035388
vt 0.044066 0.058530
vt 0.044277 0.035623
vt 0.044236 0.058786
vt 0.044066 0.058530
vt 0.044221 0.058981
vt 0.044052 0.058717
vt 0.044277 0.035623
vt 0.044104 0.035388
vt 0.044236 0.058786
vt 0.044066 0.058530
vt 0.108849 0.996315
vt 0.029179 0.969415
vt 0.030033 0.996315
vt 0.111139 0.969415
vt 0.045116 0.036009
vt 0.044238 0.036124
vt 0.045068 0.059183
vt 0.044196 0.059309
vt 0.044069 0.035869
vt 0.044104 0.058016
vt 0.044238 0.036124
vt 0.044277 0.058251
vt 0.044196 0.059309
vt 0.044069 0.035869
vt 0.044238 0.036124
vt 0.044029 0.059032
vt 0.044238 0.036124
vt 0.044277 0.058251
vt 0.045116 0.036009
vt 0.045159 0.058144
vt 0.045068 0.059183
vt 0.044238 0.036124
vt 0.045116 0.036009
vt 0.044196 0.059309
vt 0.044066 0.058530
vt 0.044104 0.035388
vt 0.044236 0.058786
vt 0.044277 0.035623
vt 0.044066 0.058530
vt 0.045159 0.035517
vt 0.045113 0.058670
vt 0.044104 0.035388
vt 0.044277 0.035623
vt 0.044104 0.035388
vt 0.044236 0.058786
vt 0.044066 0.058530
vt 0.044236 0.058786
vt 0.044066 0.058530
vt 0.044221 0.058981
vt 0.044052 0.058717
vt 0.044211 0.059118
vt 0.044043 0.058849
vt 0.044066 0.058530
vt 0.045113 0.058670
vt 0.044052 0.058717
vt 0.045096 0.058862
vt 0.044052 0.058717
vt 0.045096 0.058862
vt 0.044043 0.058849
vt 0.045084 0.058996
vt 0.045159 0.058144
vt 0.044277 0.058251
vt 0.045116 0.036009
vt 0.044238 0.036124
vt 0.230368 0.972114
vt 0.424206 0.958996
vt 0.230368 0.958996
vt 0.425093 0.972114
vt 0.311466 0.999703
vt 0.295329 0.960260
vt 0.490054 0.999703
vt 0.490054 0.960260
vt 0.311466 0.999703
vt 0.246558 0.960260
vt 0.295329 0.960260
vt 0.261810 0.999703
vt 0.473864 0.972114
vt 0.474836 0.958996
vt 0.425093 0.972114
vt 0.424206 0.958996
vt 0.044029 0.059032
vt 0.044066 0.058530
vt 0.044196 0.059309
vt 0.044236 0.058786
vt 0.044104 0.035388
vt 0.044277 0.035623
vt 0.044047 0.058794
vt 0.045114 0.058657
vt 0.045089 0.058940
vt 0.044067 0.058517
vt 0.044215 0.059061
vt 0.044067 0.058517
vt 0.044047 0.058794
vt 0.044237 0.058773
vt 0.044069 0.035869
vt 0.044104 0.058016
vt 0.044238 0.036124
vt 0.044277 0.058251
vt 0.044196 0.059309
vt 0.044238 0.036124
vt 0.045068 0.059183
vt 0.045116 0.036009
vt 0.044067 0.058517
vt 0.045137 0.058393
vt 0.045114 0.058657
vt 0.044086 0.058260
vt 0.045116 0.036009
vt 0.044277 0.058251
vt 0.045159 0.058144
vt 0.044238 0.036124
vt 0.044104 0.058016
vt 0.045159 0.058144
vt 0.044086 0.058260
vt 0.045137 0.058393
vt 0.088981 0.477793
vt 0.084492 0.464406
vt 0.065442 0.477793
vt 0.061573 0.464406
vt 0.065442 0.464406
vt 0.066581 0.459044
vt 0.088981 0.464406
vt 0.091107 0.459044
vt 0.044236 0.058786
vt 0.044104 0.035388
vt 0.044066 0.058530
vt 0.044277 0.035623
vt 0.044236 0.058786
vt 0.044066 0.058530
vt 0.044221 0.058981
vt 0.044052 0.058717
vt 0.045096 0.058862
vt 0.044236 0.058786
vt 0.044221 0.058981
vt 0.045113 0.058670
vt 0.045116 0.036009
vt 0.044277 0.058251
vt 0.045159 0.058144
vt 0.044238 0.036124
vt 0.045159 0.058144
vt 0.044277 0.058251
vt 0.045116 0.036009
vt 0.044238 0.036124
vt 0.045113 0.058670
vt 0.044277 0.035623
vt 0.044236 0.058786
vt 0.045159 0.035517
vt 0.045068 0.059183
vt 0.044238 0.036124
vt 0.045116 0.036009
vt 0.044196 0.059309
vt 0.044196 0.059309
vt 0.044069 0.035869
vt 0.044238 0.036124
vt 0.044029 0.059032
vt 0.050173 0.475395
vt 0.043873 0.477204
vt 0.050173 0.496746
vt 0.043873 0.495622
vt 0.045068 0.059183
vt 0.044238 0.036124
vt 0.045116 0.036009
vt 0.044196 0.059309
vt 0.044196 0.059309
vt 0.044069 0.035869
vt 0.044238 0.036124
vt 0.044029 0.059032
vt 0.043873 0.491557
vt 0.028145 0.495622
vt 0.043873 0.475953
vt 0.028145 0.477204
vt 0.043873 0.437175
vt 0.028145 0.437175
vt 0.216060 0.969415
vt 0.139468 0.969415
vt 0.217367 0.996315
vt 0.141062 0.996315
vt 0.044238 0.036124
vt 0.044277 0.058251
vt 0.045116 0.036009
vt 0.045159 0.058144
vt 0.044238 0.036124
vt 0.044104 0.058016
vt 0.044277 0.058251
vt 0.044069 0.035869
vt 0.044257 0.058504
vt 0.044086 0.058260
vt 0.044237 0.058773
vt 0.044067 0.058517
vt 0.070965 0.255549
vt 0.070903 0.255383
vt 0.070854 0.255552
vt 0.071017 0.255381
vt 0.216060 0.969415
vt 0.280838 0.996315
vt 0.281568 0.969415
vt 0.217367 0.996315
vt 0.141062 0.996315
vt 0.139468 0.969415
vt 0.046459 0.996315
vt 0.044580 0.969415
vt 0.057693 0.076059
vt 0.057401 0.075717
vt 0.057655 0.076029
vt 0.057428 0.075734
vt 0.057666 0.076212
vt 0.057655 0.076029
vt 0.057636 0.076133
vt 0.057693 0.076059
vt 0.057666 0.076212
vt 0.057636 0.076133
vt 0.057286 0.076327
vt 0.057278 0.076226
vt 0.493895 0.999663
vt 0.507372 0.960220
vt 0.600803 0.999663
vt 0.612509 0.960220
vt 0.493895 0.999663
vt 0.415763 0.960220
vt 0.507372 0.960220
vt 0.399124 0.999663
vt 0.230368 0.960220
vt 0.230368 0.999663
vt 0.415800 0.964497
vt 0.507372 0.951379
vt 0.415763 0.951379
vt 0.506403 0.964497
vt 0.506403 0.964497
vt 0.612509 0.951379
vt 0.507372 0.951379
vt 0.613364 0.964497
vt 0.280838 0.996315
vt 0.356601 0.996315
vt 0.281568 0.969415
vt 0.360081 0.969415
vt 0.044277 0.058251
vt 0.044104 0.058016
vt 0.044238 0.036124
vt 0.044069 0.035869
vt 0.044196 0.059309
vt 0.044069 0.035869
vt 0.044029 0.059032
vt 0.044238 0.036124
vt 0.057428 0.075734
vt 0.057080 0.075701
vt 0.057401 0.075717
vt 0.057094 0.075717
vt 0.057094 0.075717
vt 0.056767 0.075632
vt 0.057080 0.075701
vt 0.056769 0.075646
vt 0.056407 0.075695
vt 0.056419 0.075680
vt 0.056758 0.075647
vt 0.056757 0.075634
vt 0.056769 0.075646
vt 0.056767 0.075632
vt 0.056407 0.075695
vt 0.056233 0.075847
vt 0.056419 0.075680
vt 0.056174 0.075905
vt 0.044236 0.058786
vt 0.044066 0.058530
vt 0.044221 0.058981
vt 0.044052 0.058717
vt 0.044236 0.058786
vt 0.044104 0.035388
vt 0.044066 0.058530
vt 0.044277 0.035623
vt 0.044236 0.058786
vt 0.045113 0.058670
vt 0.044277 0.035623
vt 0.045159 0.035517
vt 0.045113 0.058670
vt 0.044236 0.058786
vt 0.045096 0.058862
vt 0.044221 0.058981
vt 0.056233 0.075847
vt 0.056372 0.075983
vt 0.056392 0.075899
vt 0.056174 0.075905
vt 0.044237 0.058773
vt 0.044067 0.058517
vt 0.044215 0.059061
vt 0.044047 0.058794
vt 0.044277 0.035623
vt 0.044104 0.035388
vt 0.044236 0.058786
vt 0.044066 0.058530
vt 0.045113 0.058670
vt 0.044277 0.035623
vt 0.044236 0.058786
vt 0.045159 0.035517
vt 0.056392 0.075899
vt 0.056600 0.075995
vt 0.056644 0.075882
vt 0.056372 0.075983
vt 0.044237 0.058773
vt 0.044086 0.058260
vt 0.044067 0.058517
vt 0.044257 0.058504
vt 0.044086 0.058260
vt 0.045137 0.058393
vt 0.044067 0.058517
vt 0.045114 0.058657
vt 0.118763 0.999703
vt 0.107057 0.960260
vt 0.227496 0.999703
vt 0.214019 0.960260
vt 0.227496 0.999703
vt 0.214019 0.960260
vt 0.321262 0.999703
vt 0.304622 0.960260
vt 0.044238 0.036124
vt 0.044104 0.058016
vt 0.044069 0.035869
vt 0.044277 0.058251
vt 0.045116 0.036009
vt 0.044277 0.058251
vt 0.044238 0.036124
vt 0.045159 0.058144
vt 0.057054 0.076251
vt 0.057105 0.076179
vt 0.057000 0.076104
vt 0.057057 0.075998
vt 0.057057 0.075998
vt 0.056817 0.075913
vt 0.057000 0.076104
vt 0.056809 0.076020
vt 0.056644 0.075882
vt 0.056809 0.076020
vt 0.056817 0.075913
vt 0.056600 0.075995
vt 0.044086 0.058260
vt 0.045159 0.058144
vt 0.045137 0.058393
vt 0.044104 0.058016
vt 0.538418 0.969415
vt 0.599327 0.996315
vt 0.601919 0.969415
vt 0.544103 0.996315
vt 0.494722 0.969415
vt 0.544103 0.996315
vt 0.538418 0.969415
vt 0.500379 0.996315
vt 0.044029 0.059032
vt 0.044066 0.058530
vt 0.044196 0.059309
vt 0.044236 0.058786
vt 0.044196 0.059309
vt 0.044236 0.058786
vt 0.045068 0.059183
vt 0.045113 0.058670
vt 0.044277 0.035623
vt 0.045159 0.035517
vt 0.044066 0.058530
vt 0.044104 0.035388
vt 0.044236 0.058786
vt 0.044277 0.035623
vt 0.044067 0.058517
vt 0.044086 0.058260
vt 0.044237 0.058773
vt 0.044257 0.058504
vt 0.044086 0.058260
vt 0.045159 0.058144
vt 0.044104 0.058016
vt 0.045137 0.058393
vt 0.044067 0.058517
vt 0.045137 0.058393
vt 0.044086 0.058260
vt 0.045114 0.058657
vt 0.539933 0.976682
vt 0.546786 0.993463
vt 0.607262 0.977986
vt 0.609140 0.995235
vt 0.644511 0.732196
vt 0.644533 0.682924
vt 0.644465 0.732196
vt 0.644489 0.682925
vt 0.475978 0.676372
vt 0.475978 0.770151
vt 0.327649 0.676372
vt 0.325637 0.770151
vt 0.002234 0.765255
vt 0.022322 0.765255
vt 0.002234 0.752438
vt 0.022322 0.752438
vt 0.165725 0.752438
vt 0.166151 0.765255
vt 0.349913 0.765255
vt 0.349913 0.771711
vt 0.022322 0.765255
vt 0.022322 0.771711
vt 0.370290 0.765255
vt 0.370290 0.771711
vt 0.349913 0.765255
vt 0.349913 0.771711
vt 0.645254 0.732179
vt 0.645244 0.682906
vt 0.645256 0.732187
vt 0.645246 0.681999
vt 0.644511 0.732196
vt 0.644514 0.732187
vt 0.644533 0.682924
vt 0.644536 0.682915
vt 0.002234 0.771711
vt 0.022322 0.771711
vt 0.002234 0.765255
vt 0.022322 0.765255
vt 0.166151 0.765255
vt 0.166305 0.771711
vt 0.045116 0.036009
vt 0.044277 0.058251
vt 0.044238 0.036124
vt 0.045159 0.058144
vt 0.199823 0.822925
vt 0.211621 0.822074
vt 0.213701 0.804925
vt 0.107845 0.829561
vt 0.110779 0.818488
vt 0.645246 0.681999
vt 0.645244 0.682906
vt 0.645256 0.732187
vt 0.645254 0.732179
vt 0.349913 0.752438
vt 0.370290 0.765255
vt 0.370290 0.752438
vt 0.349913 0.765255
vt 0.515590 0.773067
vt 0.570492 0.781874
vt 0.515021 0.781874
vt 0.570907 0.773067
vt 0.623515 0.781874
vt 0.623649 0.773067
vt 0.718825 0.773067
vt 0.718825 0.781874
vt 0.230343 0.969857
vt 0.297656 0.965406
vt 0.230097 0.965406
vt 0.297572 0.969857
vt 0.232896 0.995546
vt 0.297572 0.969857
vt 0.230343 0.969857
vt 0.299437 0.995546
vt 0.362581 0.969857
vt 0.363184 0.995546
vt 0.478309 0.969857
vt 0.478309 0.995546
vt 0.255237 0.996315
vt 0.416650 0.996315
vt 0.257511 0.969415
vt 0.389768 0.969415
vt 0.166432 0.969415
vt 0.255237 0.996315
vt 0.257511 0.969415
vt 0.171976 0.996315
vt 0.362581 0.969857
vt 0.478309 0.965406
vt 0.362071 0.965406
vt 0.478309 0.969857
vt 0.171976 0.996315
vt 0.166432 0.969415
vt 0.108849 0.996315
vt 0.111139 0.969415
vt 0.362581 0.969857
vt 0.362071 0.965406
vt 0.297572 0.969857
vt 0.297656 0.965406
vt 0.416650 0.996315
vt 0.529578 0.996315
vt 0.419425 0.969415
vt 0.523535 0.969415
vt 0.529578 0.996315
vt 0.701518 0.996315
vt 0.523535 0.969415
vt 0.699639 0.969415
vt 0.044238 0.036124
vt 0.044104 0.058016
vt 0.044069 0.035869
vt 0.044277 0.058251
vt 0.044238 0.036124
vt 0.044069 0.035869
vt 0.044196 0.059309
vt 0.044029 0.059032
vt 0.356601 0.996315
vt 0.418672 0.996315
vt 0.360081 0.969415
vt 0.419264 0.969415
vt 0.044067 0.058517
vt 0.045114 0.058657
vt 0.044047 0.058794
vt 0.045089 0.058940
vt 0.044104 0.058016
vt 0.045159 0.058144
vt 0.044069 0.035869
vt 0.045116 0.036009
vt 0.418672 0.996315
vt 0.494722 0.969415
vt 0.419264 0.969415
vt 0.500379 0.996315
vt 0.401113 0.972451
vt 0.359808 0.972451
vt 0.401113 0.960758
vt 0.359808 0.960758
vt 0.057054 0.076251
vt 0.057278 0.076226
vt 0.057105 0.076179
vt 0.057286 0.076327
vt 0.057262 0.067753
vt 0.057335 0.067778
vt 0.057322 0.067753
vt 0.057277 0.067771
vt 0.044104 0.058016
vt 0.045159 0.058144
vt 0.044069 0.035869
vt 0.045116 0.036009
vt 0.599327 0.996315
vt 0.655566 0.996315
vt 0.601919 0.969415
vt 0.653478 0.969415
vt 0.703837 0.839142
vt 0.551996 0.794648
vt 0.588928 0.837838
vt 0.695867 0.759199
vt 0.536145 0.757614
vt 0.688919 0.689497
vt 0.541093 0.687668
vt 0.387556 0.687668
vt 0.387555 0.757615
vt 0.347262 0.949206
vt 0.295924 0.969984
vt 0.347262 0.969984
vt 0.295283 0.949206
vt 0.045068 0.059183
vt 0.044237 0.058773
vt 0.045114 0.058657
vt 0.044196 0.059309
vt 0.044069 0.035869
vt 0.045159 0.058144
vt 0.045116 0.036009
vt 0.044104 0.058016
vt 0.705605 0.996315
vt 0.701979 0.969415
vt 0.655566 0.996315
vt 0.653478 0.969415
vt 0.175342 0.879754
vt 0.174876 0.898228
vt 0.147119 0.879754
vt 0.146657 0.898228
vt 0.576480 0.706550
vt 0.621388 0.686571
vt 0.576480 0.686430
vt 0.588349 0.706588
vt 0.588349 0.755206
vt 0.621765 0.775431
vt 0.576480 0.775289
vt 0.576480 0.755156
vt 0.263958 0.718505
vt 0.263954 0.718545
vt 0.263976 0.718520
vt 0.263972 0.718559
vt 0.431062 0.785235
vt 0.469731 0.807432
vt 0.469731 0.785235
vt 0.431062 0.807780
vt 0.436742 0.818220
vt 0.464051 0.818220
vt 0.431062 0.807780
vt 0.469731 0.807432
vt 0.044257 0.058504
vt 0.044104 0.058016
vt 0.044277 0.058251
vt 0.044086 0.058260
vt 0.044257 0.058504
vt 0.044277 0.058251
vt 0.045137 0.058393
vt 0.045159 0.058144
vt 0.081813 0.504506
vt 0.081823 0.504520
vt 0.081830 0.504508
vt 0.081842 0.504522
vt 0.295924 0.969984
vt 0.295283 0.949206
vt 0.282012 0.969079
vt 0.273699 0.949624
vt 0.045114 0.058657
vt 0.044257 0.058504
vt 0.045137 0.058393
vt 0.044237 0.058773
vt 0.044029 0.059032
vt 0.045113 0.058670
vt 0.044066 0.058530
vt 0.045068 0.059183
vt 0.045113 0.058670
vt 0.045159 0.035517
vt 0.044066 0.058530
vt 0.044104 0.035388
vt 0.645256 0.732187
vt 0.645254 0.732179
vt 0.644837 0.732192
vt 0.644838 0.732184
vt 0.044257 0.058504
vt 0.044104 0.058016
vt 0.044086 0.058260
vt 0.044277 0.058251
vt 0.401113 0.960758
vt 0.359808 0.972451
vt 0.359808 0.960758
vt 0.401113 0.972451
vt 0.459584 0.999663
vt 0.424206 0.960220
vt 0.474836 0.960220
vt 0.408069 0.999663
vt 0.408069 0.999663
vt 0.230368 0.960220
vt 0.424206 0.960220
vt 0.230368 0.999663
vt 0.712002 0.875935
vt 0.348939 0.907454
vt 0.712002 0.907454
vt 0.348939 0.875935
vt 0.002639 0.907454
vt 0.002639 0.875935
vt 0.856053 0.609092
vt 0.828628 0.594474
vt 0.861685 0.594474
vt 0.828628 0.671306
vt 0.072206 0.255593
vt 0.072373 0.255837
vt 0.072313 0.255630
vt 0.072267 0.255797
vt 0.712002 0.875935
vt 0.348939 0.907454
vt 0.712002 0.907454
vt 0.348939 0.875935
vt 0.001687 0.875935
vt 0.001687 0.907454
vt 0.471598 0.825841
vt 0.529027 0.875299
vt 0.529027 0.684889
vt 0.443123 0.785432
vt 0.444995 0.739281
vt 0.423324 0.684887
vt 0.159565 0.874592
vt 0.159565 0.686347
vt 0.064598 0.874592
vt 0.096296 0.761311
vt 0.076650 0.703837
vt 0.075804 0.686347
vt 0.399124 0.951379
vt 0.399160 0.964497
vt 0.230368 0.951379
vt 0.230368 0.964497
vt 0.975736 0.608466
vt 1.000000 0.595319
vt 0.976739 0.595675
vt 0.972849 0.625242
vt 1.000000 0.671593
vt 0.969785 0.671593
vt 0.967634 0.657381
vt 0.957930 0.646296
vt 0.963906 0.633518
vt 0.644511 0.732196
vt 0.644838 0.732184
vt 0.644514 0.732187
vt 0.644837 0.732192
vt 0.644514 0.732187
vt 0.645254 0.732179
vt 0.644511 0.732196
vt 0.645256 0.732187
vt 0.044069 0.035869
vt 0.045159 0.058144
vt 0.044104 0.058016
vt 0.045116 0.036009
vt 0.192626 0.952475
vt 0.210851 0.952475
vt 0.196226 0.978737
vt 0.166480 0.978737
vt 0.165084 0.952475
vt 0.112549 0.952475
vt 0.116419 0.966535
vt 0.118084 0.978737
vt 0.083331 0.504554
vt 0.083303 0.504546
vt 0.083304 0.504556
vt 0.083331 0.504537
vt 0.644860 0.732183
vt 0.645254 0.732179
vt 0.644859 0.732192
vt 0.645256 0.732187
vt 0.644860 0.732183
vt 0.644859 0.732192
vt 0.644514 0.732187
vt 0.644511 0.732196
vt 0.645256 0.732187
vt 0.645254 0.732179
vt 0.644511 0.732196
vt 0.644514 0.732187
vt 0.644465 0.732196
vt 0.644492 0.681750
vt 0.644468 0.732188
vt 0.644489 0.682925
vt 0.622973 0.692648
vt 0.667891 0.741351
vt 0.664612 0.694038
vt 0.622973 0.730445
vt 0.622974 0.763567
vt 0.664612 0.694038
vt 0.664152 0.686430
vt 0.622973 0.692648
vt 0.622973 0.686430
vt 0.670785 0.783064
vt 0.703364 0.784204
vt 0.670325 0.775457
vt 0.670325 0.764186
vt 0.715233 0.764186
vt 0.715233 0.784204
vt 0.670785 0.783064
vt 0.703364 0.836101
vt 0.703364 0.784204
vt 0.674063 0.830377
vt 0.300129 0.743804
vt 0.300177 0.743713
vt 0.300141 0.743716
vt 0.300165 0.743803
vt 0.300066 0.743658
vt 0.300080 0.743555
vt 0.300023 0.743663
vt 0.300037 0.743562
vt 0.156811 0.400059
vt 0.156812 0.400059
vt 0.156818 0.400061
vt 0.156818 0.400061
vt 0.667891 0.741351
vt 0.622974 0.763567
vt 0.697191 0.747075
vt 0.709060 0.763567
vt 0.457938 0.686045
vt 0.444348 0.711845
vt 0.457938 0.704668
vt 0.361484 0.685702
vt 0.375224 0.711599
vt 0.361484 0.704324
vt 0.375224 0.765187
vt 0.444348 0.765433
vt 0.457938 0.787280
vt 0.457938 0.772707
vt 0.361484 0.786936
vt 0.361484 0.772363
vt 0.300512 0.744836
vt 0.300565 0.744763
vt 0.300518 0.744752
vt 0.300559 0.744848
vt 0.044104 0.035388
vt 0.045159 0.035517
vt 0.044066 0.058530
vt 0.045113 0.058670
vt 0.044066 0.058530
vt 0.045113 0.058670
vt 0.044052 0.058717
vt 0.045096 0.058862
vt 0.044104 0.035388
vt 0.045159 0.035517
vt 0.044066 0.058530
vt 0.045113 0.058670
vt 0.044052 0.058717
vt 0.045096 0.058862
vt 0.044043 0.058849
vt 0.045084 0.058996
vt 0.044066 0.058530
vt 0.045113 0.058670
vt 0.044052 0.058717
vt 0.045096 0.058862
vt 0.044237 0.058773
vt 0.044086 0.058260
vt 0.044067 0.058517
vt 0.044257 0.058504
vt 0.044236 0.058786
vt 0.044104 0.035388
vt 0.044066 0.058530
vt 0.044277 0.035623
vt 0.065678 0.310881
vt 0.064191 0.309956
vt 0.065518 0.310940
vt 0.064302 0.309899
vt 0.044236 0.058786
vt 0.044104 0.035388
vt 0.044066 0.058530
vt 0.044277 0.035623
vt 0.044069 0.035869
vt 0.044104 0.058016
vt 0.044238 0.036124
vt 0.044277 0.058251
vt 0.045116 0.036009
vt 0.044277 0.058251
vt 0.044238 0.036124
vt 0.045159 0.058144
vt 0.064183 0.302939
vt 0.064319 0.302957
vt 0.064619 0.301759
vt 0.064721 0.301779
vt 0.044277 0.035623
vt 0.044104 0.035388
vt 0.044236 0.058786
vt 0.044066 0.058530
vt 0.045159 0.035517
vt 0.044277 0.035623
vt 0.045113 0.058670
vt 0.044236 0.058786
vt 0.045068 0.059183
vt 0.044237 0.058773
vt 0.044086 0.058260
vt 0.044067 0.058517
vt 0.044257 0.058504
vt 0.044257 0.058504
vt 0.044104 0.058016
vt 0.044086 0.058260
vt 0.044277 0.058251
vt 0.044104 0.058016
vt 0.045159 0.058144
vt 0.044086 0.058260
vt 0.045137 0.058393
vt 0.065901 0.563845
vt 0.050173 0.511203
vt 0.065901 0.509954
vt 0.050173 0.561112
vt 0.290615 0.999664
vt 0.215230 0.999664
vt 0.289738 0.960220
vt 0.211556 0.960220
vt 0.067208 0.310428
vt 0.067347 0.311035
vt 0.067378 0.310446
vt 0.067155 0.311036
vt 0.067208 0.310428
vt 0.067378 0.310446
vt 0.067535 0.310068
vt 0.067674 0.310091
vt 0.215230 0.999664
vt 0.135862 0.999664
vt 0.211556 0.960220
vt 0.129693 0.965708
vt 0.045113 0.058670
vt 0.044277 0.035623
vt 0.044236 0.058786
vt 0.045159 0.035517
vt 0.044196 0.059309
vt 0.044069 0.035869
vt 0.044238 0.036124
vt 0.044029 0.059032
vt 0.045116 0.036009
vt 0.044277 0.058251
vt 0.045159 0.058144
vt 0.044238 0.036124
vt 0.044236 0.058786
vt 0.044066 0.058530
vt 0.044196 0.059309
vt 0.044029 0.059032
vt 0.163898 0.459044
vt 0.099860 0.445657
vt 0.101849 0.459044
vt 0.169574 0.445657
vt 0.044257 0.058504
vt 0.044104 0.058016
vt 0.044086 0.058260
vt 0.044277 0.058251
vt 0.044086 0.058260
vt 0.045137 0.058393
vt 0.044067 0.058517
vt 0.045114 0.058657
vt 0.044086 0.058260
vt 0.045159 0.058144
vt 0.045137 0.058393
vt 0.044104 0.058016
vt 0.070486 0.308800
vt 0.070803 0.309281
vt 0.070761 0.308763
vt 0.070539 0.309316
vt 0.065678 0.310881
vt 0.065518 0.310940
vt 0.065611 0.311132
vt 0.065457 0.311192
vt 0.064183 0.302939
vt 0.064382 0.303051
vt 0.064319 0.302957
vt 0.064254 0.303034
vt 0.044086 0.058260
vt 0.045137 0.058393
vt 0.044067 0.058517
vt 0.045114 0.058657
vt 0.067163 0.311341
vt 0.067344 0.311361
vt 0.067211 0.311101
vt 0.067396 0.311182
vt 0.045116 0.036009
vt 0.044277 0.058251
vt 0.045159 0.058144
vt 0.044238 0.036124
vt 0.044236 0.058786
vt 0.044277 0.035623
vt 0.045113 0.058670
vt 0.045159 0.035517
vt 0.044236 0.058786
vt 0.044104 0.035388
vt 0.044277 0.035623
vt 0.044066 0.058530
vt 0.044196 0.059309
vt 0.044029 0.059032
vt 0.052225 0.075622
vt 0.052169 0.075535
vt 0.052129 0.075622
vt 0.052233 0.075535
vt 0.636300 0.709924
vt 0.604106 0.759621
vt 0.663372 0.710800
vt 0.702073 0.757406
vt 0.702072 0.712054
vt 0.054930 0.080917
vt 0.054905 0.081391
vt 0.055643 0.080928
vt 0.055475 0.081408
vt 0.699273 0.685181
vt 0.702072 0.712054
vt 0.717740 0.685181
vt 0.717740 0.712054
vt 0.002817 0.865000
vt 0.002817 0.779831
vt 0.041892 0.865000
vt 0.041892 0.779855
vt 0.067211 0.311101
vt 0.067396 0.311182
vt 0.067155 0.311036
vt 0.067347 0.311035
vt 0.043873 0.510379
vt 0.043873 0.561671
vt 0.028145 0.509130
vt 0.028145 0.564404
vt 0.044277 0.058251
vt 0.044104 0.058016
vt 0.044238 0.036124
vt 0.044069 0.035869
vt 0.099387 0.477793
vt 0.169614 0.477793
vt 0.101375 0.464406
vt 0.163939 0.464406
vt 0.044066 0.058530
vt 0.045159 0.035517
vt 0.044104 0.035388
vt 0.045113 0.058670
vt 0.045113 0.058670
vt 0.044277 0.035623
vt 0.044236 0.058786
vt 0.045159 0.035517
vt 0.045096 0.058862
vt 0.044236 0.058786
vt 0.044221 0.058981
vt 0.045113 0.058670
vt 0.645302 0.732187
vt 0.645468 0.732176
vt 0.645473 0.732185
vt 0.645299 0.732178
vt 0.644511 0.732196
vt 0.645254 0.732179
vt 0.645256 0.732187
vt 0.644514 0.732187
vt 0.645302 0.732187
vt 0.645469 0.732185
vt 0.645299 0.732178
vt 0.645466 0.732176
vt 0.041892 0.865000
vt 0.002817 0.779831
vt 0.041892 0.779855
vt 0.002817 0.865000
vt 0.247490 0.901439
vt 0.004348 0.883925
vt 0.248576 0.883925
vt 0.004348 0.901439
vt 0.368060 0.901439
vt 0.134152 0.883925
vt 0.368060 0.883925
vt 0.133294 0.901439
vt 0.368060 0.901439
vt 0.133046 0.883925
vt 0.368060 0.883925
vt 0.132607 0.901439
vt 0.281992 0.779855
vt 0.719043 0.865000
vt 0.719043 0.779854
vt 0.280682 0.865000
vt 0.041892 0.865000
vt 0.041892 0.779855
vt 0.380991 0.779855
vt 0.719043 0.865000
vt 0.719043 0.779854
vt 0.380991 0.865000
vt 0.041892 0.779855
vt 0.041892 0.865000
vt 0.322451 0.037932
vt 0.322451 0.000000
vt 0.323137 0.044897
vt 0.323137 0.000000
vt 0.005378 0.865000
vt 0.268577 0.865000
vt 0.005378 0.780189
vt 0.268577 0.780189
vt 0.333898 0.805766
vt 0.359012 0.865000
vt 0.339259 0.780189
vt 0.005378 0.780189
vt 0.358119 0.865000
vt 0.359416 0.780189
vt 0.005378 0.865000
vt 0.534367 0.707290
vt 0.599062 0.686465
vt 0.595265 0.707290
vt 0.534367 0.686465
vt 0.359097 0.707290
vt 0.359097 0.686465
vt 0.183879 0.686465
vt 0.183879 0.707290
vt 0.008120 0.686465
vt 0.008120 0.707290
vt 0.322451 0.037932
vt 0.322451 0.000000
vt 0.323137 0.044897
vt 0.323137 0.000000
vt 0.321534 0.000000
vt 0.322451 0.037932
vt 0.321534 0.013060
vt 0.322451 0.000000
vt 0.322451 0.037932
vt 0.322451 0.000000
vt 0.323137 0.044897
vt 0.323137 0.000000
vt 0.322451 0.037932
vt 0.322451 0.000000
vt 0.323137 0.044897
vt 0.323137 0.000000
vt 0.322451 0.037932
vt 0.322451 0.000000
vt 0.323137 0.044897
vt 0.323137 0.000000
vt 0.273865 0.707816
vt 0.201461 0.750816
vt 0.273865 0.750816
vt 0.205138 0.707816
vt 0.142294 0.750842
vt 0.146564 0.707992
vt 0.125857 0.751150
vt 0.133591 0.708653
vt 0.202115 0.681658
vt 0.273866 0.699453
vt 0.273865 0.681658
vt 0.200592 0.699453
vt 0.140798 0.699434
vt 0.142566 0.681701
vt 0.122926 0.699611
vt 0.126127 0.682025
vt 0.041892 0.779855
vt 0.191884 0.865000
vt 0.041892 0.865000
vt 0.191760 0.779855
vt 0.354373 0.865000
vt 0.353276 0.779855
vt 0.085429 0.883925
vt 0.004348 0.883925
vt 0.084912 0.901439
vt 0.004348 0.901439
vt 0.323137 0.000000
vt 0.322451 0.000000
vt 0.323137 0.044897
vt 0.322451 0.037932
vt 0.042123 0.965300
vt 0.274708 0.969753
vt 0.042123 0.969753
vt 0.275275 0.965300
vt 0.580925 0.693958
vt 0.541022 0.681277
vt 0.590324 0.681277
vt 0.541022 0.701707
vt 0.580087 0.701707
vt 0.361516 0.701707
vt 0.361516 0.681278
vt 0.182064 0.701708
vt 0.182064 0.681268
vt 0.002057 0.701708
vt 0.002057 0.681258
vt 0.005378 0.865000
vt 0.240212 0.865000
vt 0.005378 0.780189
vt 0.241417 0.780189
vt 0.364229 0.843671
vt 0.522400 0.831370
vt 0.523330 0.843671
vt 0.364229 0.831370
vt 0.142172 0.843671
vt 0.141503 0.831370
vt 0.003461 0.831370
vt 0.003461 0.843671
vt 0.237964 0.995443
vt 0.042123 0.999895
vt 0.237832 0.999895
vt 0.042123 0.995443
vt 0.241256 0.969753
vt 0.042123 0.995443
vt 0.237964 0.995443
vt 0.042123 0.969753
vt 0.042123 0.969753
vt 0.241256 0.969753
vt 0.042123 0.965300
vt 0.242011 0.965300
vt 0.527455 0.843441
vt 0.364229 0.833190
vt 0.526727 0.833190
vt 0.364229 0.843441
vt 0.144548 0.833190
vt 0.145043 0.843441
vt 0.003461 0.833190
vt 0.003461 0.843441
vt 0.478309 0.969753
vt 0.210585 0.995443
vt 0.478309 0.995443
vt 0.212839 0.969753
vt 0.042123 0.995443
vt 0.042123 0.969753
vt 0.478309 0.995443
vt 0.209832 0.999895
vt 0.478309 0.999895
vt 0.210585 0.995443
vt 0.212839 0.969753
vt 0.478309 0.969753
vt 0.212705 0.965300
vt 0.478309 0.965300
vt 0.295880 0.779855
vt 0.719043 0.865000
vt 0.719043 0.779854
vt 0.294734 0.865000
vt 0.041892 0.865000
vt 0.041892 0.779855
vt 0.324055 0.013060
vt 0.323137 0.000000
vt 0.324055 0.000000
vt 0.323137 0.044897
vt 0.212839 0.969753
vt 0.212705 0.965300
vt 0.042123 0.969753
vt 0.042123 0.965300
vt 0.210585 0.995443
vt 0.042123 0.999895
vt 0.209832 0.999895
vt 0.042123 0.995443
vt 0.002058 0.775235
vt 0.182064 0.701708
vt 0.182065 0.775235
vt 0.002057 0.701708
vt 0.231638 0.902504
vt 0.231231 0.884991
vt 0.368060 0.902504
vt 0.368060 0.884991
vt 0.004348 0.901439
vt 0.004348 0.883925
vt 0.186485 0.901439
vt 0.186485 0.883925
vt 0.186485 0.901439
vt 0.186485 0.883925
vt 0.368060 0.901439
vt 0.368060 0.883925
vt 0.004348 0.901439
vt 0.004348 0.883925
vt 0.185978 0.901439
vt 0.185978 0.883925
vt 0.324055 0.013060
vt 0.323137 0.000000
vt 0.324055 0.000000
vt 0.323137 0.044897
vt 0.368060 0.884991
vt 0.125328 0.902504
vt 0.124242 0.884991
vt 0.368060 0.902504
vt 0.645246 0.681999
vt 0.645244 0.682906
vt 0.645256 0.732187
vt 0.645254 0.732179
vt 0.645256 0.732187
vt 0.645254 0.732179
vt 0.644511 0.732196
vt 0.644514 0.732187
vt 0.645983 0.732179
vt 0.645976 0.732171
vt 0.645302 0.732187
vt 0.645299 0.732178
vt 0.644465 0.732196
vt 0.644492 0.681750
vt 0.644468 0.732188
vt 0.644489 0.682925
vt 0.645256 0.732187
vt 0.645244 0.682906
vt 0.645254 0.732179
vt 0.645246 0.681999
vt 0.717531 0.746947
vt 0.363648 0.746947
vt 0.717531 0.724018
vt 0.363648 0.724018
vt 0.268614 0.746947
vt 0.266453 0.724018
vt 0.085295 0.843671
vt 0.085371 0.831370
vt 0.003461 0.843671
vt 0.003461 0.831370
vt 0.221879 0.917196
vt 0.142607 0.904768
vt 0.140803 0.917196
vt 0.219038 0.904767
vt 0.273865 0.759378
vt 0.205034 0.777187
vt 0.273865 0.777191
vt 0.212291 0.759378
vt 0.146836 0.777377
vt 0.148605 0.759633
vt 0.141596 0.995443
vt 0.042123 0.995443
vt 0.141333 0.969753
vt 0.042123 0.969753
vt 0.141596 0.995443
vt 0.042123 0.999895
vt 0.042123 0.995443
vt 0.141065 0.999895
vt 0.084960 0.843441
vt 0.003461 0.833190
vt 0.003461 0.843441
vt 0.085019 0.833190
vt 0.140731 0.965300
vt 0.141333 0.969753
vt 0.042123 0.965300
vt 0.042123 0.969753
vt 0.041892 0.779855
vt 0.190472 0.865000
vt 0.041892 0.865000
vt 0.190347 0.779855
vt 0.341874 0.865000
vt 0.134352 0.724018
vt 0.134588 0.746947
vt 0.290627 0.724018
vt 0.290627 0.746947
vt 0.499113 0.802575
vt 0.497856 0.761800
vt 0.420781 0.761800
vt 0.500246 0.839313
vt 0.424088 0.839313
vt 0.051142 0.075608
vt 0.051167 0.075530
vt 0.051147 0.075526
vt 0.051179 0.075614
vt 0.044043 0.058849
vt 0.045096 0.058862
vt 0.044052 0.058717
vt 0.045084 0.058996
vt 0.645246 0.681999
vt 0.645244 0.682906
vt 0.645256 0.732187
vt 0.645254 0.732179
vt 0.044236 0.058786
vt 0.044277 0.035623
vt 0.045113 0.058670
vt 0.045159 0.035517
vt 0.645299 0.732178
vt 0.645976 0.732171
vt 0.645302 0.732187
vt 0.645983 0.732179
vt 0.644533 0.682924
vt 0.644514 0.732187
vt 0.644511 0.732196
vt 0.644536 0.682915
vt 0.645256 0.732187
vt 0.645244 0.682906
vt 0.645246 0.681999
vt 0.645254 0.732179
vt 0.044196 0.059309
vt 0.044069 0.035869
vt 0.044029 0.059032
vt 0.044238 0.036124
vt 0.424088 0.839313
vt 0.420781 0.761800
vt 0.346262 0.839313
vt 0.346261 0.761801
vt 0.044029 0.059032
vt 0.045113 0.058670
vt 0.044066 0.058530
vt 0.045068 0.059183
vt 0.511824 0.761801
vt 0.499113 0.802575
vt 0.513073 0.802575
vt 0.497856 0.761800
vt 0.600803 0.951379
vt 0.601659 0.964497
vt 0.493895 0.951379
vt 0.492926 0.964497
vt 0.045159 0.058144
vt 0.044277 0.058251
vt 0.045137 0.058393
vt 0.044257 0.058504
vt 0.493895 0.951379
vt 0.492926 0.964497
vt 0.399124 0.951379
vt 0.399160 0.964497
vt 0.045114 0.058657
vt 0.044237 0.058773
vt 0.045089 0.058940
vt 0.044215 0.059061
vt 0.045114 0.058657
vt 0.044257 0.058504
vt 0.044237 0.058773
vt 0.045137 0.058393
vt 0.044104 0.035388
vt 0.045159 0.035517
vt 0.044066 0.058530
vt 0.045113 0.058670
vt 0.044066 0.058530
vt 0.045113 0.058670
vt 0.044052 0.058717
vt 0.045096 0.058862
vt 0.044066 0.058530
vt 0.045159 0.035517
vt 0.045113 0.058670
vt 0.044104 0.035388
vt 0.044052 0.058717
vt 0.045096 0.058862
vt 0.044029 0.059032
vt 0.045068 0.059183
vt 0.045116 0.036009
vt 0.045159 0.058144
vt 0.044069 0.035869
vt 0.044104 0.058016
vt 0.043873 0.475953
vt 0.050173 0.474143
vt 0.043873 0.491557
vt 0.050173 0.492681
vt 0.044029 0.059032
vt 0.045116 0.036009
vt 0.045068 0.059183
vt 0.044069 0.035869
vt 0.044069 0.035869
vt 0.045159 0.058144
vt 0.044104 0.058016
vt 0.045116 0.036009
vt 0.044029 0.059032
vt 0.045116 0.036009
vt 0.044069 0.035869
vt 0.045068 0.059183
vt 0.044029 0.059032
vt 0.045116 0.036009
vt 0.044069 0.035869
vt 0.045068 0.059183
vt 0.044069 0.035869
vt 0.045159 0.058144
vt 0.045116 0.036009
vt 0.044104 0.058016
vt 0.044104 0.035388
vt 0.045159 0.035517
vt 0.044066 0.058530
vt 0.045113 0.058670
vt 0.044052 0.058717
vt 0.045113 0.058670
vt 0.045096 0.058862
vt 0.044066 0.058530
vt 0.045114 0.058657
vt 0.044237 0.058773
vt 0.045089 0.058940
vt 0.044215 0.059061
vt 0.045114 0.058657
vt 0.044257 0.058504
vt 0.044237 0.058773
vt 0.045137 0.058393
vt 0.045137 0.058393
vt 0.044277 0.058251
vt 0.044257 0.058504
vt 0.045159 0.058144
vt 0.044104 0.058016
vt 0.045159 0.058144
vt 0.044069 0.035869
vt 0.045116 0.036009
vt 0.044069 0.035869
vt 0.045159 0.058144
vt 0.044104 0.058016
vt 0.045116 0.036009
vt 0.044029 0.059032
vt 0.045116 0.036009
vt 0.044069 0.035869
vt 0.045068 0.059183
vt 0.066581 0.445657
vt 0.062712 0.459044
vt 0.091107 0.445657
vt 0.086618 0.459044
vt 0.062712 0.459044
vt 0.061573 0.464406
vt 0.086618 0.459044
vt 0.084492 0.464406
vt 0.230368 0.958996
vt 0.408956 0.972114
vt 0.230368 0.972114
vt 0.408069 0.958996
vt 0.869585 0.645483
vt 0.864258 0.671306
vt 0.864770 0.624640
vt 0.828628 0.671306
vt 0.856053 0.609092
vt 0.045068 0.059183
vt 0.044211 0.059118
vt 0.044196 0.059309
vt 0.045084 0.058996
vt 0.045113 0.058670
vt 0.045159 0.035517
vt 0.044066 0.058530
vt 0.044104 0.035388
vt 0.045116 0.036009
vt 0.045159 0.058144
vt 0.044069 0.035869
vt 0.044104 0.058016
vt 0.044069 0.035869
vt 0.045159 0.058144
vt 0.045116 0.036009
vt 0.044104 0.058016
vt 0.045113 0.058670
vt 0.044236 0.058786
vt 0.045096 0.058862
vt 0.044221 0.058981
vt 0.045113 0.058670
vt 0.044277 0.035623
vt 0.044236 0.058786
vt 0.045159 0.035517
vt 0.045096 0.058862
vt 0.044221 0.058981
vt 0.045084 0.058996
vt 0.044211 0.059118
vt 0.408069 0.958996
vt 0.458612 0.972114
vt 0.408956 0.972114
vt 0.459584 0.958996
vt 0.044066 0.058530
vt 0.045159 0.035517
vt 0.044104 0.035388
vt 0.045113 0.058670
vt 0.045068 0.059183
vt 0.045113 0.058670
vt 0.044029 0.059032
vt 0.044066 0.058530
vt 0.044069 0.035869
vt 0.045116 0.036009
vt 0.044029 0.059032
vt 0.045068 0.059183
vt 0.050173 0.492681
vt 0.065901 0.475395
vt 0.065901 0.496746
vt 0.050173 0.474143
vt 0.044277 0.058251
vt 0.044104 0.058016
vt 0.044238 0.036124
vt 0.044069 0.035869
vt 0.045113 0.058670
vt 0.044277 0.035623
vt 0.044236 0.058786
vt 0.045159 0.035517
vt 0.045159 0.035517
vt 0.044277 0.035623
vt 0.045113 0.058670
vt 0.044236 0.058786
vt 0.045113 0.058670
vt 0.044236 0.058786
vt 0.045096 0.058862
vt 0.044221 0.058981
vt 0.045084 0.058996
vt 0.044221 0.058981
vt 0.044211 0.059118
vt 0.045096 0.058862
vt 0.045113 0.058670
vt 0.044236 0.058786
vt 0.045096 0.058862
vt 0.044221 0.058981
vt 0.045096 0.058862
vt 0.044221 0.058981
vt 0.045084 0.058996
vt 0.044211 0.059118
vt 0.045084 0.058996
vt 0.044211 0.059118
vt 0.045068 0.059183
vt 0.044196 0.059309
vt 0.515021 0.784633
vt 0.568565 0.811312
vt 0.514456 0.811312
vt 0.570492 0.784633
vt 0.213625 0.902504
vt 0.164241 0.884991
vt 0.213298 0.884991
vt 0.164152 0.902504
vt 0.363184 0.995546
vt 0.478309 1.000000
vt 0.478309 0.995546
vt 0.362835 1.000000
vt 0.180933 0.950976
vt 0.001687 0.950976
vt 0.180933 0.967449
vt 0.001687 0.967449
vt 0.180933 0.967449
vt 0.001687 0.967449
vt 0.181661 0.975920
vt 0.001687 0.975920
vt 0.044237 0.058773
vt 0.044086 0.058260
vt 0.044257 0.058504
vt 0.044067 0.058517
vt 0.456225 0.781452
vt 0.360198 0.781452
vt 0.456225 0.766717
vt 0.360198 0.766717
vt 0.044086 0.058260
vt 0.044104 0.058016
vt 0.044257 0.058504
vt 0.044277 0.058251
vt 0.490054 0.999664
vt 0.323262 0.999664
vt 0.490054 0.960220
vt 0.321617 0.960220
vt 0.323262 0.999664
vt 0.243325 0.999664
vt 0.321617 0.960220
vt 0.238571 0.960220
vt 0.044236 0.058786
vt 0.045113 0.058670
vt 0.044277 0.035623
vt 0.045159 0.035517
vt 0.044238 0.036124
vt 0.044277 0.058251
vt 0.045116 0.036009
vt 0.045159 0.058144
vt 0.044238 0.036124
vt 0.044069 0.035869
vt 0.044196 0.059309
vt 0.044029 0.059032
vt 0.478309 1.000000
vt 0.274662 1.000000
vt 0.478309 0.995546
vt 0.278136 0.995546
vt 0.278136 0.995546
vt 0.478309 0.969857
vt 0.478309 0.995546
vt 0.279658 0.969857
vt 0.279658 0.969857
vt 0.478309 0.965406
vt 0.478309 0.969857
vt 0.276595 0.965406
vt 0.361677 0.773067
vt 0.196020 0.773067
vt 0.361677 0.781874
vt 0.196360 0.781875
vt 2.057493 0.437825
vt 2.117382 0.278250
vt 2.057493 0.234772
vt 2.117382 0.481945
vt 2.117382 0.481945
vt 2.057798 0.744063
vt 2.117541 0.744063
vt 2.057493 0.481945
vt 2.057493 0.437825
vt 2.057798 0.744063
vt 2.117697 1.000000
vt 2.117541 0.744063
vt 2.058096 1.000000
vt 2.689260 0.061775
vt 2.881660 0.129460
vt 2.681590 0.124181
vt 2.881660 0.012494
vt 2.754411 0.012494
vt 2.057493 0.481945
vt 2.117539 0.740573
vt 2.057794 0.740573
vt 2.117382 0.481945
vt 2.057493 0.223241
vt 2.117382 0.223241
vt 2.057493 0.157943
vt 2.117382 0.107628
vt 2.084089 0.118276
vt 2.117539 0.740573
vt 2.117697 1.000000
vt 2.057794 0.740573
vt 2.058096 1.000000
vt 2.680398 0.000000
vt 2.680398 0.116967
vt 2.329569 0.000000
vt 2.348516 0.116967
vt 2.329569 0.000000
vt 2.348516 0.116967
vt 2.123562 0.000000
vt 2.127459 0.116967
vt 0.000000 0.000000
vt 1.000000 0.000000
vt 0.000000 1.000000
vt 1.000000 1.000000
vt 0.000000 1.000000
vt 1.000000 1.000000
vt 0.000000 1.000000
vt 1.000000 1.000000
vt 0.000000 0.000000
vt 1.000000 0.000000
vt 0.000000 0.000000
vt 1.000000 0.000000
vt 0.000000 0.000000
vt 0.000000 1.000000
vt 1.000000 1.000000
vt 1.000000 0.000000
vt 0.000000 0.000000
vt 0.000000 1.000000
vt 1.000000 1.000000
vt 1.000000 0.000000
vt 0.000000 0.000000
vt 0.000000 1.000000
vt 1.000000 1.000000
vt 1.000000 0.000000
vn -0.183757 0.946937 0.263711
vn -0.183757 0.946937 0.263711
vn -0.183757 0.946937 0.263711
vn -0.044855 0.993885 0.100900
vn -0.044855 0.993885 0.100900
vn -0.044855 0.993885 0.100900
vn -0.199500 0.910618 0.361905
vn -0.199500 0.910618 0.361905
vn -0.199500 0.910618 0.361905
vn -0.098881 0.951450 0.291488
vn -0.098881 0.951450 0.291488
vn -0.098881 0.951450 0.291488
vn 0.926346 0.331301 0.179228
vn 0.926346 0.331301 0.179228
vn 0.926346 0.331301 0.179228
vn 0.926278 0.340568 -0.161313
vn 0.926278 0.340568 -0.161313
vn 0.926278 0.340568 -0.161313
vn -0.292234 0.130719 0.947371
vn -0.292234 0.130719 0.947371
vn -0.292234 0.130719 0.947371
vn -0.294055 0.542752 -0.786735
vn -0.294055 0.542752 -0.786735
vn -0.294055 0.542752 -0.786735
vn -0.276819 0.857839 0.432994
vn -0.276819 0.857839 0.432994
vn -0.276819 0.857839 0.432994
vn -0.276819 0.857839 0.432994
vn -0.202090 0.898211 0.390355
vn -0.202090 0.898211 0.390355
vn -0.202090 0.898211 0.390355
vn -0.202090 0.898211 0.390355
vn -0.278904 0.793082 0.541511
vn -0.269031 0.784845 0.558248
vn -0.278904 0.793082 0.541511
vn -0.268649 0.784522 0.558886
vn -0.256973 0.781424 0.568631
vn -0.258048 0.781302 0.568312
vn -0.221852 0.788353 0.573831
vn -0.223967 0.787619 0.574017
vn -0.213839 0.791750 0.572193
vn -0.214857 0.791253 0.572499
vn -0.207163 0.794981 0.570165
vn 0.052304 0.961738 0.268932
vn 0.052304 0.961738 0.268932
vn 0.052304 0.961738 0.268932
vn 0.052304 0.961738 0.268932
vn -0.079096 0.891916 0.445229
vn -0.079096 0.891916 0.445229
vn -0.079096 0.891916 0.445229
vn -0.079096 0.891916 0.445229
vn -0.168814 0.974946 0.144855
vn -0.182565 0.971485 0.151287
vn -0.127303 0.981999 0.139539
vn -0.112681 0.981166 0.156893
vn -0.088857 0.986468 0.137786
vn -0.087124 0.987257 0.133167
vn -0.087124 0.987257 0.133167
vn -0.177638 0.973964 0.140850
vn -0.179179 0.976104 0.122950
vn -0.174377 0.975752 0.132294
vn -0.167286 0.977762 0.126480
vn -0.166385 0.978600 0.121071
vn -0.166479 0.978802 0.119295
vn -0.168320 0.982302 0.082167
vn -0.168320 0.982302 0.082167
vn -0.185131 0.976532 0.110051
vn -0.177004 0.978318 0.107538
vn -0.177004 0.978318 0.107538
vn -0.174109 0.977863 0.116061
vn -0.155964 0.979860 0.124698
vn -0.155964 0.979860 0.124698
vn -0.117818 0.975598 0.185279
vn -0.163117 0.964599 0.207222
vn -0.132638 0.972129 0.193319
vn -0.116471 0.975668 0.185759
vn -0.121802 0.965856 0.228663
vn -0.024297 0.982059 0.187002
vn -0.024297 0.982059 0.187002
vn -0.024297 0.982059 0.187002
vn -0.024297 0.982059 0.187002
vn -0.134057 0.894104 0.427324
vn -0.134057 0.894104 0.427324
vn -0.134057 0.894104 0.427324
vn -0.134057 0.894104 0.427324
vn -0.190401 0.906004 0.378026
vn -0.183725 0.901306 0.392291
vn -0.190401 0.906004 0.378026
vn -0.182444 0.900381 0.395004
vn -0.168929 0.890165 0.423166
vn -0.168929 0.890165 0.423166
vn -0.218534 0.800820 0.557611
vn -0.212532 0.798087 0.563815
vn -0.212532 0.798087 0.563815
vn -0.218367 0.800745 0.557785
vn -0.236049 0.802802 0.547531
vn -0.235816 0.802809 0.547621
vn -0.246632 0.800633 0.546040
vn -0.255132 0.796301 0.548464
vn -0.300566 0.771598 0.560622
vn -0.157715 0.984729 0.073716
vn -0.157715 0.984729 0.073716
vn -0.157715 0.984729 0.073716
vn -0.168077 0.947517 0.271959
vn -0.175279 0.945297 0.275120
vn -0.174928 0.945407 0.274966
vn -0.155678 0.951183 0.266486
vn -0.054423 0.973693 0.221271
vn -0.066035 0.974233 0.215663
vn -0.039480 0.975479 0.216523
vn -0.035368 0.972070 0.232013
vn -0.033605 0.972347 0.231111
vn -0.025203 0.975131 0.220193
vn -0.015879 0.977886 0.208535
vn -0.008921 0.978604 0.205559
vn 0.005300 0.977987 0.208600
vn -0.010561 0.978488 0.206034
vn 0.020799 0.986090 0.164908
vn 0.017834 0.985957 0.166043
vn 0.048004 0.986901 0.154022
vn 0.045444 0.986209 0.159145
vn -0.003580 0.994336 0.106219
vn -0.003319 0.993186 0.116497
vn 0.011838 0.985698 0.168106
vn -0.000066 0.995512 0.094639
vn 0.003301 0.995898 0.090419
vn -0.123436 0.981370 0.147228
vn -0.123436 0.981370 0.147228
vn -0.123436 0.981370 0.147228
vn -0.123436 0.981370 0.147228
vn -0.398849 0.840318 0.367130
vn -0.399596 0.840678 0.365491
vn -0.398178 0.840916 0.366490
vn -0.399585 0.840161 0.366690
vn -0.401341 0.840497 0.363992
vn -0.401879 0.839666 0.365314
vn -0.397595 0.841378 0.366062
vn -0.398178 0.840916 0.366490
vn -0.399596 0.840678 0.365491
vn -0.397481 0.841445 0.366032
vn -0.398804 0.841179 0.365202
vn -0.401201 0.840702 0.363672
vn -0.401341 0.840497 0.363992
vn -0.402251 0.840671 0.362583
vn -0.958176 -0.248237 0.142395
vn -0.958176 -0.248237 0.142395
vn -0.958176 -0.248237 0.142395
vn -0.958176 -0.248237 0.142395
vn -0.849191 0.128391 -0.512241
vn -0.849190 0.128391 -0.512242
vn -0.849191 0.128391 -0.512241
vn -0.849190 0.128391 -0.512242
vn -0.855339 0.482524 -0.188588
vn -0.855339 0.482524 -0.188588
vn -0.855339 0.482524 -0.188588
vn -0.855339 0.482524 -0.188588
vn -0.093829 0.976619 0.193418
vn -0.093400 0.976586 0.193795
vn -0.093829 0.976619 0.193418
vn -0.093158 0.976564 0.194021
vn -0.092569 0.976515 0.194550
vn -0.092435 0.976522 0.194577
vn -0.092015 0.976540 0.194689
vn -0.091965 0.976542 0.194699
vn -0.091974 0.976543 0.194689
vn -0.091113 0.976444 0.195592
vn 0.743786 0.597131 -0.300363
vn 0.743786 0.597131 -0.300363
vn 0.743786 0.597131 -0.300363
vn 0.743786 0.597131 -0.300363
vn -0.555533 -0.143031 0.819101
vn -0.555533 -0.143031 0.819101
vn -0.555533 -0.143031 0.819101
vn -0.555533 -0.143031 0.819101
vn -0.530829 0.174040 0.829416
vn -0.530829 0.174040 0.829416
vn -0.530829 0.174040 0.829416
vn -0.530829 0.174040 0.829416
vn 0.031411 0.976244 0.214385
vn 0.040966 0.975455 0.216354
vn 0.063076 0.976171 0.207636
vn 0.029344 0.976213 0.214818
vn 0.035365 0.975715 0.216170
vn 0.054591 0.973939 0.220143
vn 0.054788 0.973937 0.220101
vn -0.723759 0.230628 -0.650372
vn -0.723759 0.230628 -0.650372
vn -0.723759 0.230628 -0.650372
vn -0.723759 0.230628 -0.650372
vn -0.197382 0.099157 0.975299
vn -0.197382 0.099157 0.975299
vn -0.197382 0.099157 0.975299
vn -0.197382 0.099157 0.975299
vn -0.112275 0.971903 0.206878
vn -0.105321 0.973809 0.201504
vn -0.109273 0.973439 0.201187
vn -0.108176 0.972404 0.206711
vn -0.115623 0.969922 0.214204
vn -0.111853 0.970538 0.213414
vn -0.119940 0.969387 0.214249
vn 0.919180 0.079077 0.385816
vn 0.919180 0.079077 0.385816
vn 0.919180 0.079077 0.385816
vn 0.919180 0.079077 0.385816
vn -0.199781 0.858019 0.473171
vn -0.184043 0.861912 0.472479
vn -0.191281 0.859762 0.473520
vn -0.212020 0.857067 0.469557
vn -0.208316 0.857585 0.470268
vn -0.196884 0.873463 0.445309
vn -0.216849 0.857146 0.467202
vn -0.215932 0.857037 0.467826
vn -0.223580 0.857913 0.462599
vn -0.179647 0.862267 0.473521
vn -0.191281 0.859762 0.473520
vn -0.184043 0.861912 0.472479
vn -0.178932 0.862749 0.472913
vn -0.181556 0.862525 0.472322
vn -0.175708 0.863016 0.473635
vn -0.175708 0.863016 0.473635
vn 0.184761 -0.860785 -0.474249
vn 0.188635 -0.860256 -0.473685
vn 0.181032 -0.861420 -0.474534
vn 0.181462 -0.861347 -0.474503
vn 0.174014 -0.862596 -0.475024
vn 0.174013 -0.862596 -0.475024
vn 0.189974 -0.860528 -0.472654
vn 0.188635 -0.860256 -0.473685
vn 0.184761 -0.860785 -0.474249
vn 0.200738 -0.857845 -0.473081
vn 0.212727 -0.857020 -0.469323
vn 0.208514 -0.857743 -0.469892
vn 0.200501 -0.862737 -0.464203
vn 0.217825 -0.856955 -0.467099
vn 0.216981 -0.856898 -0.467595
vn 0.224626 -0.857379 -0.463081
vn 0.065173 -0.108738 0.991932
vn 0.065173 -0.108738 0.991932
vn 0.065173 -0.108738 0.991932
vn 0.065173 -0.108738 0.991932
vn -0.155181 -0.335629 0.929125
vn -0.155180 -0.335629 0.929125
vn -0.155181 -0.335629 0.929125
vn -0.155181 -0.335629 0.929125
vn -0.597073 -0.451428 0.663111
vn -0.597073 -0.451428 0.663111
vn -0.597073 -0.451428 0.663111
vn -0.597073 -0.451428 0.663111
vn 0.790161 0.612872 0.005816
vn 0.790160 0.612873 0.005816
vn 0.790160 0.612873 0.005816
vn 0.790160 0.612873 0.005816
vn 0.785713 0.517838 0.338377
vn 0.785714 0.517837 0.338377
vn 0.785713 0.517838 0.338377
vn 0.785714 0.517837 0.338377
vn -0.802374 0.324948 -0.500605
vn -0.802374 0.324948 -0.500605
vn -0.802374 0.324948 -0.500605
vn -0.802374 0.324948 -0.500605
vn -0.054110 0.973843 0.220684
vn -0.054110 0.973843 0.220684
vn -0.054110 0.973843 0.220684
vn -0.054110 0.973843 0.220684
vn 0.158191 0.032974 0.986858
vn 0.158191 0.032974 0.986858
vn 0.158191 0.032974 0.986858
vn 0.158191 0.032974 0.986858
vn -0.145670 0.049996 0.988069
vn -0.145670 0.049995 0.988069
vn -0.145670 0.049995 0.988069
vn -0.145670 0.049995 0.988069
vn 0.731115 0.538376 0.419074
vn 0.731115 0.538376 0.419074
vn 0.731115 0.538376 0.419074
vn 0.731115 0.538376 0.419074
vn 0.372970 0.241267 0.895926
vn 0.372970 0.241267 0.895926
vn 0.372970 0.241267 0.895926
vn 0.372970 0.241267 0.895926
vn 0.091986 -0.976476 -0.195023
vn 0.091988 -0.976475 -0.195025
vn 0.092286 -0.976473 -0.194896
vn 0.091518 -0.976413 -0.195555
vn 0.092328 -0.976468 -0.194897
vn 0.093381 -0.976567 -0.193901
vn 0.093092 -0.976540 -0.194175
vn 0.094058 -0.976629 -0.193262
vn 0.094058 -0.976629 -0.193262
vn 0.523054 0.205034 0.827270
vn 0.523054 0.205034 0.827270
vn 0.523054 0.205034 0.827270
vn 0.523054 0.205034 0.827270
vn -0.022449 -0.978259 -0.206171
vn -0.007321 -0.978595 -0.205664
vn -0.009192 -0.978731 -0.204941
vn -0.015686 -0.978307 -0.206565
vn -0.043070 -0.976999 -0.208849
vn -0.043477 -0.977006 -0.208734
vn 0.084833 -0.974437 -0.208027
vn 0.084833 -0.974437 -0.208027
vn 0.084833 -0.974437 -0.208027
vn 0.084833 -0.974437 -0.208027
vn 0.119290 -0.975219 -0.186329
vn 0.121559 -0.974601 -0.188088
vn 0.121559 -0.974601 -0.188088
vn 0.120530 -0.974457 -0.189489
vn 0.118679 -0.973923 -0.193361
vn 0.121905 -0.973231 -0.194836
vn 0.117581 -0.973287 -0.197197
vn 0.113570 -0.973909 -0.196476
vn 0.113680 -0.973997 -0.195977
vn 0.113680 -0.973997 -0.195977
vn 0.594350 0.672494 -0.441022
vn 0.594350 0.672494 -0.441022
vn 0.594350 0.672494 -0.441022
vn 0.594350 0.672494 -0.441022
vn -0.543481 0.138448 0.827926
vn -0.543481 0.138448 0.827926
vn -0.543481 0.138448 0.827926
vn -0.543481 0.138448 0.827926
vn 0.850866 0.469190 0.236406
vn 0.850866 0.469190 0.236406
vn 0.850866 0.469190 0.236406
vn 0.850866 0.469190 0.236406
vn 0.384899 0.659811 -0.645370
vn 0.384899 0.659811 -0.645370
vn 0.384899 0.659811 -0.645370
vn 0.384899 0.659811 -0.645370
vn 0.517690 0.675214 -0.525437
vn 0.517690 0.675214 -0.525437
vn 0.517690 0.675214 -0.525437
vn 0.517690 0.675214 -0.525437
vn -0.150997 0.550534 -0.821043
vn -0.150997 0.550534 -0.821043
vn -0.150997 0.550534 -0.821043
vn -0.150997 0.550534 -0.821043
vn -0.855654 0.456209 -0.244398
vn -0.855654 0.456209 -0.244398
vn -0.855654 0.456209 -0.244398
vn -0.002890 -0.146450 0.989214
vn -0.002890 -0.146450 0.989214
vn -0.002890 -0.146450 0.989214
vn -0.554003 -0.451212 0.699634
vn -0.554003 -0.451212 0.699635
vn -0.554013 -0.451209 0.699629
vn -0.826316 -0.407310 0.388973
vn -0.826316 -0.407310 0.388973
vn -0.826316 -0.407310 0.388973
vn -0.615605 -0.429686 0.660606
vn -0.615605 -0.429686 0.660606
vn -0.615605 -0.429686 0.660606
vn 0.282069 -0.270298 0.920530
vn 0.282069 -0.270299 0.920530
vn 0.282069 -0.270299 0.920530
vn -0.717094 -0.168884 0.676206
vn -0.717094 -0.168884 0.676206
vn -0.717094 -0.168884 0.676206
vn -0.327387 -0.583754 0.743000
vn -0.327387 -0.583754 0.743000
vn -0.327387 -0.583754 0.743000
vn 0.120173 0.992175 0.033861
vn 0.120173 0.992175 0.033861
vn 0.120173 0.992175 0.033861
vn -0.997463 0.054470 -0.045826
vn -0.997463 0.054470 -0.045826
vn -0.997463 0.054469 -0.045826
vn -0.992196 0.124619 0.004188
vn -0.992196 0.124619 0.004187
vn -0.992196 0.124619 0.004188
vn -0.974249 -0.046149 -0.220703
vn -0.974249 -0.046149 -0.220703
vn -0.974249 -0.046149 -0.220703
vn -0.252078 0.874978 0.413365
vn -0.252078 0.874978 0.413365
vn -0.252078 0.874978 0.413365
vn -0.277159 0.947967 0.156658
vn -0.277159 0.947967 0.156658
vn -0.277159 0.947967 0.156658
vn 0.066644 -0.053160 0.996360
vn 0.066644 -0.053160 0.996360
vn 0.066644 -0.053160 0.996360
vn -0.884430 0.028844 0.465781
vn -0.884430 0.028844 0.465781
vn -0.884430 0.028844 0.465781
vn -0.609954 0.018156 -0.792229
vn -0.609954 0.018156 -0.792229
vn -0.609954 0.018156 -0.792229
vn -0.443101 -0.140640 0.885371
vn -0.443101 -0.140640 0.885371
vn -0.443101 -0.140640 0.885371
vn -0.325273 0.767729 0.552078
vn -0.325273 0.767729 0.552078
vn -0.308524 0.778471 0.546623
vn -0.966947 0.195378 -0.163834
vn -0.966947 0.195378 -0.163834
vn -0.966947 0.195378 -0.163834
vn 0.157580 0.951214 0.265255
vn 0.157580 0.951214 0.265255
vn 0.157580 0.951214 0.265255
vn 0.909316 0.035628 0.414578
vn 0.909318 0.035623 0.414573
vn 0.909316 0.035628 0.414578
vn 0.459746 0.556897 -0.691737
vn 0.470981 0.541603 -0.696307
vn 0.444120 0.577440 -0.685070
vn 0.002483 0.099944 -0.994990
vn 0.002483 0.099944 -0.994990
vn 0.002483 0.099944 -0.994990
vn 0.091751 0.822506 -0.561308
vn 0.100228 0.834206 -0.542268
vn 0.093003 0.824259 -0.558523
vn 0.113344 0.830164 0.545877
vn 0.113344 0.830164 0.545877
vn 0.113344 0.830164 0.545877
vn 0.724834 0.653924 -0.216792
vn 0.724834 0.653924 -0.216792
vn 0.724834 0.653924 -0.216792
vn 0.651199 0.508531 -0.563326
vn 0.651199 0.508531 -0.563326
vn 0.651199 0.508531 -0.563326
vn 0.430129 0.175510 -0.885542
vn 0.430129 0.175510 -0.885542
vn 0.430129 0.175510 -0.885542
vn 0.998897 -0.010029 0.045873
vn 0.998897 -0.010029 0.045873
vn 0.998897 -0.010029 0.045873
vn 0.963170 0.039479 0.265979
vn 0.963170 0.039479 0.265979
vn 0.963170 0.039479 0.265979
vn 0.965319 -0.194360 -0.174309
vn 0.965319 -0.194360 -0.174309
vn 0.965319 -0.194360 -0.174309
vn 0.728264 -0.104139 0.677338
vn 0.728264 -0.104139 0.677338
vn 0.728264 -0.104139 0.677338
vn -0.171203 0.985151 -0.012931
vn -0.171203 0.985151 -0.012931
vn -0.171203 0.985151 -0.012931
vn 0.449731 0.149303 -0.880597
vn 0.446953 0.144859 -0.882751
vn 0.449731 0.149303 -0.880597
vn -0.314483 -0.119837 0.941668
vn -0.314483 -0.119837 0.941668
vn -0.314483 -0.119837 0.941668
vn 0.250048 -0.176863 0.951943
vn 0.250048 -0.176863 0.951943
vn 0.250048 -0.176863 0.951943
vn 0.877005 0.131792 0.462054
vn 0.886191 0.119128 0.447744
vn 0.877005 0.131792 0.462054
vn 0.902627 0.086696 0.421602
vn 0.902097 0.087991 0.422468
vn 0.910459 0.060396 0.409166
vn 0.910486 0.060014 0.409163
vn -0.256018 0.877697 0.405097
vn -0.256018 0.877697 0.405097
vn -0.256018 0.877697 0.405097
vn -0.298527 0.879127 0.371507
vn -0.298527 0.879127 0.371507
vn -0.298527 0.879127 0.371507
vn -0.292550 0.737722 0.608425
vn -0.300263 0.725724 0.619005
vn -0.294413 0.734858 0.610987
vn -0.290320 -0.665344 0.687773
vn -0.290320 -0.665344 0.687773
vn -0.290320 -0.665344 0.687773
vn 0.290272 0.665344 -0.687793
vn 0.290272 0.665344 -0.687793
vn 0.290272 0.665344 -0.687793
vn 0.297814 -0.759539 -0.578280
vn 0.297814 -0.759539 -0.578280
vn 0.297814 -0.759539 -0.578280
vn 0.259122 -0.885107 -0.386578
vn 0.259122 -0.885107 -0.386578
vn 0.259122 -0.885107 -0.386578
vn 0.239968 0.547018 -0.801989
vn 0.239968 0.547018 -0.801989
vn 0.239968 0.547018 -0.801989
vn 0.188677 -0.979757 -0.066915
vn 0.188677 -0.979757 -0.066915
vn 0.188677 -0.979757 -0.066915
vn 0.170409 -0.985336 0.008630
vn 0.170409 -0.985336 0.008630
vn 0.170409 -0.985336 0.008630
vn 0.142947 -0.987205 -0.070664
vn 0.145713 -0.989162 -0.018069
vn 0.156212 -0.987719 -0.003111
vn -0.472926 -0.132269 0.871118
vn -0.472926 -0.132269 0.871118
vn -0.472926 -0.132269 0.871118
vn 0.893535 0.076431 0.442441
vn 0.893535 0.076431 0.442441
vn 0.893535 0.076431 0.442441
vn 0.286382 -0.768452 -0.572247
vn 0.286382 -0.768452 -0.572247
vn 0.286382 -0.768452 -0.572247
vn 0.330772 0.371507 0.867509
vn 0.330772 0.371507 0.867509
vn 0.330772 0.371507 0.867509
vn -0.651258 0.753804 0.087429
vn -0.651258 0.753804 0.087429
vn -0.651258 0.753804 0.087429
vn -0.395937 0.278302 -0.875090
vn -0.395937 0.278302 -0.875090
vn -0.395937 0.278302 -0.875090
vn 0.325568 0.706923 -0.627906
vn 0.325568 0.706923 -0.627906
vn 0.325568 0.706923 -0.627906
vn 0.917316 0.316788 -0.241200
vn 0.917316 0.316788 -0.241200
vn 0.917316 0.316788 -0.241200
vn -0.890008 0.438472 -0.125013
vn -0.890008 0.438472 -0.125013
vn -0.890008 0.438472 -0.125013
vn 0.622955 0.551001 0.555270
vn 0.622955 0.551001 0.555270
vn 0.622955 0.551001 0.555270
vn -0.237619 0.791327 0.563329
vn -0.237619 0.791327 0.563329
vn -0.237619 0.791327 0.563329
vn 0.178104 0.902588 -0.391936
vn 0.178104 0.902588 -0.391936
vn 0.178104 0.902588 -0.391936
vn 0.443612 0.140868 -0.885079
vn 0.443612 0.140868 -0.885079
vn 0.443612 0.140868 -0.885079
vn -0.970440 0.165443 0.175714
vn -0.970440 0.165443 0.175714
vn -0.970440 0.165443 0.175714
vn 0.005333 0.024414 0.999688
vn 0.005328 0.024471 0.999686
vn 0.005333 0.024414 0.999688
vn -0.742899 0.053429 -0.667268
vn -0.742899 0.053429 -0.667268
vn -0.742899 0.053429 -0.667268
vn 0.173009 0.899932 -0.400238
vn 0.173009 0.899931 -0.400239
vn 0.173009 0.899931 -0.400239
vn 0.267460 0.700427 -0.661715
vn 0.267460 0.700427 -0.661715
vn 0.267460 0.700427 -0.661715
vn -0.210841 0.432195 -0.876786
vn -0.210841 0.432195 -0.876786
vn -0.210841 0.432195 -0.876786
vn 0.703184 0.563623 0.433430
vn 0.703184 0.563623 0.433430
vn 0.703184 0.563623 0.433430
vn 0.629487 -0.703035 -0.330890
vn 0.629487 -0.703034 -0.330890
vn 0.629487 -0.703035 -0.330890
vn 0.098020 0.912108 0.398060
vn 0.098020 0.912108 0.398060
vn 0.098020 0.912108 0.398060
vn 0.533480 -0.841234 -0.087893
vn 0.533480 -0.841234 -0.087893
vn 0.533480 -0.841234 -0.087893
vn 0.326725 0.613069 -0.719303
vn 0.326725 0.613069 -0.719303
vn 0.326725 0.613069 -0.719303
vn -0.109771 0.445706 -0.888424
vn -0.109772 0.445706 -0.888424
vn -0.109771 0.445706 -0.888424
vn 0.373671 -0.248655 -0.893611
vn 0.373671 -0.248655 -0.893611
vn 0.373671 -0.248655 -0.893611
vn 0.755248 -0.308373 -0.578366
vn 0.755248 -0.308373 -0.578366
vn 0.755248 -0.308373 -0.578366
vn 0.903568 0.399649 -0.154419
vn 0.903568 0.399649 -0.154419
vn 0.903568 0.399649 -0.154419
vn 0.224870 -0.785669 -0.576331
vn 0.244341 -0.783665 -0.571111
vn 0.253178 -0.779069 -0.573544
vn 0.396362 -0.005566 -0.918078
vn 0.396362 -0.005566 -0.918078
vn 0.396362 -0.005566 -0.918078
vn 0.113165 -0.008279 -0.993542
vn 0.113165 -0.008279 -0.993542
vn 0.113165 -0.008279 -0.993542
vn 0.902058 0.055767 0.427997
vn 0.902058 0.055766 0.427997
vn 0.893166 0.085444 0.441537
vn 0.572053 0.249549 -0.781333
vn 0.572053 0.249549 -0.781333
vn 0.572053 0.249549 -0.781333
vn 0.173926 0.875119 -0.451572
vn 0.173926 0.875119 -0.451572
vn 0.173926 0.875119 -0.451572
vn -0.233519 -0.669157 -0.705477
vn -0.233519 -0.669157 -0.705477
vn -0.233519 -0.669157 -0.705477
vn -0.908551 -0.034035 -0.416385
vn -0.908553 -0.034031 -0.416381
vn -0.908551 -0.034035 -0.416385
vn 0.617260 -0.336994 -0.710933
vn 0.617260 -0.336994 -0.710933
vn 0.617260 -0.336994 -0.710933
vn 0.651152 -0.181900 -0.736827
vn 0.651152 -0.181900 -0.736827
vn 0.651151 -0.181900 -0.736827
vn 0.845625 0.229426 0.481956
vn 0.845625 0.229426 0.481956
vn 0.845625 0.229426 0.481956
vn 0.375254 0.746335 0.549698
vn 0.375254 0.746335 0.549698
vn 0.375254 0.746335 0.549698
vn 0.759692 -0.130153 0.637126
vn 0.759692 -0.130153 0.637126
vn 0.759692 -0.130153 0.637126
vn -0.869723 0.024789 0.492917
vn -0.869723 0.024789 0.492917
vn -0.869723 0.024789 0.492917
vn -0.925246 -0.305029 0.225561
vn -0.925246 -0.305029 0.225561
vn -0.925246 -0.305029 0.225561
vn -0.419815 0.018130 0.907429
vn -0.419815 0.018130 0.907429
vn -0.419815 0.018130 0.907429
vn 0.661777 0.438264 0.608257
vn 0.661777 0.438264 0.608257
vn 0.661777 0.438264 0.608257
vn 0.126987 -0.093481 0.987490
vn 0.126987 -0.093481 0.987490
vn 0.126987 -0.093481 0.987490
vn -0.931771 -0.233913 0.277647
vn -0.931771 -0.233913 0.277647
vn -0.931771 -0.233913 0.277647
vn -0.851187 -0.184231 0.491467
vn -0.851187 -0.184231 0.491467
vn -0.851187 -0.184231 0.491467
vn -0.416668 -0.368195 0.831156
vn -0.416668 -0.368195 0.831156
vn -0.416668 -0.368195 0.831156
vn -0.834043 -0.111057 0.540406
vn -0.834043 -0.111057 0.540406
vn -0.834043 -0.111057 0.540406
vn 0.098145 -0.206838 0.973440
vn 0.098145 -0.206839 0.973440
vn 0.098145 -0.206839 0.973440
vn -0.720401 -0.331230 0.609351
vn -0.720401 -0.331230 0.609351
vn -0.720401 -0.331230 0.609351
vn 0.383164 0.798432 0.464426
vn 0.383164 0.798432 0.464426
vn 0.383164 0.798432 0.464426
vn 0.265410 0.903891 0.335467
vn 0.265410 0.903891 0.335467
vn 0.265410 0.903891 0.335467
vn -0.094382 -0.769952 0.631084
vn -0.094382 -0.769952 0.631084
vn -0.094382 -0.769952 0.631084
vn 0.822488 0.317478 0.471934
vn 0.824480 0.320458 0.466411
vn 0.824480 0.320458 0.466411
vn 0.822150 0.313787 0.474982
vn 0.822516 0.317519 0.471858
vn 0.822155 0.313393 0.475232
vn 0.822228 0.306534 0.479560
vn 0.822228 0.306534 0.479560
vn -0.877151 -0.009813 -0.480114
vn -0.877151 -0.009813 -0.480114
vn -0.876401 -0.032294 -0.480498
vn -0.603795 -0.752896 0.261876
vn -0.603795 -0.752896 0.261876
vn -0.603795 -0.752896 0.261876
vn -0.087738 -0.636884 0.765951
vn -0.087738 -0.636884 0.765951
vn -0.087738 -0.636884 0.765951
vn -0.442996 -0.137184 0.885966
vn -0.442996 -0.137184 0.885966
vn -0.442996 -0.137184 0.885966
vn -0.909318 -0.035630 -0.414573
vn -0.909318 -0.035630 -0.414573
vn -0.909318 -0.035630 -0.414573
vn -0.272766 -0.701367 0.658546
vn -0.272766 -0.701367 0.658546
vn -0.272766 -0.701367 0.658546
vn -0.293167 0.729802 0.617610
vn -0.293167 0.729802 0.617610
vn -0.293167 0.729802 0.617610
vn -0.311947 -0.600886 0.735952
vn -0.311947 -0.600886 0.735952
vn -0.311947 -0.600886 0.735952
vn -0.878542 -0.121197 -0.462035
vn -0.878542 -0.121197 -0.462035
vn -0.878542 -0.121197 -0.462035
vn 0.435036 0.176758 -0.882893
vn 0.435036 0.176758 -0.882893
vn 0.435036 0.176758 -0.882893
vn -0.903487 -0.050044 -0.425684
vn -0.903487 -0.050044 -0.425684
vn -0.905417 -0.045423 -0.422086
vn 0.317645 -0.804611 -0.501700
vn 0.317644 -0.804611 -0.501700
vn 0.317645 -0.804611 -0.501700
vn -0.202269 0.974425 0.097898
vn -0.202269 0.974425 0.097898
vn -0.202269 0.974425 0.097898
vn -0.894578 -0.078905 -0.439892
vn -0.903483 -0.052613 -0.425383
vn -0.895613 -0.075982 -0.438298
vn 0.186272 -0.905761 -0.380657
vn 0.186272 -0.905761 -0.380657
vn 0.186272 -0.905761 -0.380657
vn -0.500309 -0.853679 0.144650
vn -0.500309 -0.853679 0.144650
vn -0.500309 -0.853679 0.144650
vn 0.112272 -0.988620 0.100128
vn 0.112272 -0.988620 0.100128
vn 0.112272 -0.988620 0.100128
vn 0.216800 -0.789746 -0.573846
vn 0.217593 -0.790221 -0.572892
vn 0.242284 -0.775634 -0.582830
vn -0.301047 0.692048 0.656080
vn -0.301047 0.692048 0.656080
vn -0.301047 0.692049 0.656079
vn -0.307649 0.720963 0.620939
vn -0.307649 0.720962 0.620939
vn -0.307649 0.720962 0.620939
vn -0.278099 0.795567 0.538270
vn -0.298763 0.793098 0.530788
vn -0.298740 0.793101 0.530796
vn -0.290675 0.763781 0.576322
vn -0.290675 0.763781 0.576322
vn -0.290675 0.763781 0.576322
vn -0.072321 -0.980821 0.180996
vn -0.072321 -0.980821 0.180996
vn -0.072321 -0.980821 0.180996
vn -0.750176 0.369383 -0.548446
vn -0.750176 0.369383 -0.548446
vn -0.750176 0.369383 -0.548446
vn 0.154182 -0.335478 -0.929345
vn 0.154182 -0.335478 -0.929345
vn 0.154182 -0.335478 -0.929345
vn 0.779074 -0.089553 -0.620503
vn 0.779074 -0.089553 -0.620503
vn 0.779074 -0.089553 -0.620503
vn 0.114738 -0.989136 -0.091894
vn 0.114738 -0.989136 -0.091894
vn 0.114738 -0.989136 -0.091894
vn 0.236072 -0.787608 -0.569161
vn 0.236072 -0.787608 -0.569161
vn 0.236072 -0.787608 -0.569161
vn -0.508435 -0.446916 -0.736044
vn -0.508435 -0.446916 -0.736044
vn -0.508435 -0.446916 -0.736044
vn 0.144462 -0.719002 -0.679829
vn 0.144462 -0.719002 -0.679829
vn 0.144462 -0.719002 -0.679829
vn 0.580495 -0.730148 -0.360431
vn 0.580495 -0.730148 -0.360431
vn 0.580495 -0.730148 -0.360431
vn 0.649227 0.313178 -0.693126
vn 0.649227 0.313178 -0.693126
vn 0.649227 0.313178 -0.693126
vn 0.712482 0.585868 -0.386172
vn 0.712482 0.585868 -0.386172
vn 0.712482 0.585868 -0.386171
vn 0.418075 0.385324 -0.822642
vn 0.418075 0.385324 -0.822642
vn 0.418075 0.385324 -0.822642
vn 0.706220 0.665343 -0.242018
vn 0.706220 0.665343 -0.242018
vn 0.706220 0.665343 -0.242018
vn -0.909690 -0.039002 -0.413453
vn -0.907490 -0.060748 -0.415658
vn -0.909697 -0.039035 -0.413434
vn -0.234324 -0.700323 0.674270
vn -0.234324 -0.700323 0.674270
vn -0.234324 -0.700323 0.674270
vn 0.489113 0.824683 0.284017
vn 0.491664 0.818170 0.298103
vn 0.492274 0.816532 0.301567
vn -0.779342 0.452822 -0.433103
vn -0.779342 0.452822 -0.433103
vn -0.779342 0.452822 -0.433103
vn -0.877374 -0.129780 -0.461922
vn -0.884021 -0.116980 -0.452573
vn -0.877374 -0.129780 -0.461922
vn -0.833877 -0.146034 0.532280
vn -0.833877 -0.146034 0.532280
vn -0.833877 -0.146034 0.532280
vn -0.833877 -0.146034 0.532280
vn 0.359409 0.760245 0.541158
vn 0.359409 0.760245 0.541158
vn 0.359409 0.760245 0.541158
vn 0.359409 0.760245 0.541158
vn -0.113201 -0.415122 0.902696
vn -0.113201 -0.415122 0.902696
vn -0.113201 -0.415122 0.902696
vn -0.113201 -0.415122 0.902696
vn 0.416211 -0.153510 0.896216
vn 0.416211 -0.153510 0.896216
vn 0.416211 -0.153510 0.896216
vn 0.416211 -0.153510 0.896216
vn -0.595688 -0.425541 0.681228
vn -0.595688 -0.425541 0.681228
vn -0.595688 -0.425541 0.681228
vn -0.595688 -0.425541 0.681228
vn -0.088672 -0.301900 0.949207
vn -0.088672 -0.301900 0.949207
vn -0.088672 -0.301900 0.949207
vn -0.088672 -0.301900 0.949207
vn -0.945330 0.236284 -0.224768
vn -0.945330 0.236284 -0.224768
vn -0.945330 0.236284 -0.224768
vn -0.945330 0.236284 -0.224768
vn -0.195803 -0.360443 0.911999
vn -0.195803 -0.360443 0.911999
vn -0.195803 -0.360443 0.911999
vn -0.195803 -0.360443 0.911999
vn 0.334704 0.797394 0.502132
vn 0.313855 0.800919 0.509926
vn 0.334704 0.797394 0.502132
vn 0.308637 0.801734 0.511827
vn 0.285555 0.805020 0.520002
vn 0.285555 0.805020 0.520002
vn -0.898739 -0.348012 0.266750
vn -0.898739 -0.348012 0.266750
vn -0.898739 -0.348012 0.266750
vn -0.898739 -0.348012 0.266750
vn -0.975149 -0.042048 -0.217525
vn -0.975149 -0.042048 -0.217525
vn -0.975149 -0.042048 -0.217525
vn -0.975149 -0.042048 -0.217525
vn -0.412541 -0.158501 0.897044
vn -0.412541 -0.158501 0.897044
vn -0.412541 -0.158501 0.897044
vn -0.412541 -0.158501 0.897044
vn 0.368360 0.891405 0.264023
vn 0.368360 0.891405 0.264023
vn 0.368360 0.891405 0.264023
vn 0.368360 0.891405 0.264023
vn 0.368147 -0.067852 0.927288
vn 0.368147 -0.067852 0.927288
vn 0.368147 -0.067852 0.927288
vn 0.368147 -0.067852 0.927288
vn 0.756990 0.081970 0.648265
vn 0.756990 0.081970 0.648265
vn 0.756990 0.081970 0.648265
vn 0.756990 0.081970 0.648265
vn 0.657575 0.082300 0.748880
vn 0.657575 0.082300 0.748880
vn 0.657575 0.082300 0.748880
vn 0.657575 0.082300 0.748880
vn -0.165845 -0.154362 0.973996
vn -0.165845 -0.154362 0.973996
vn -0.165845 -0.154362 0.973996
vn -0.165845 -0.154362 0.973996
vn -0.878035 -0.049327 -0.476047
vn -0.892776 -0.035685 -0.449086
vn -0.882986 -0.044853 -0.467251
vn -0.892776 -0.035685 -0.449086
vn -0.965384 -0.146425 -0.215856
vn -0.965384 -0.146425 -0.215856
vn -0.965384 -0.146425 -0.215856
vn -0.965384 -0.146425 -0.215856
vn -0.582897 -0.145596 0.799396
vn -0.582897 -0.145596 0.799396
vn -0.582897 -0.145596 0.799396
vn -0.582897 -0.145596 0.799396
vn -0.990062 -0.046694 -0.132652
vn -0.987337 -0.051541 -0.150032
vn -0.988183 -0.050098 -0.144858
vn -0.984484 -0.056068 -0.166276
vn 0.302844 0.562491 -0.769344
vn 0.302844 0.562491 -0.769344
vn 0.302844 0.562491 -0.769344
vn 0.302844 0.562491 -0.769344
vn -0.796533 0.559372 -0.229429
vn -0.796533 0.559372 -0.229429
vn -0.796533 0.559372 -0.229429
vn -0.796533 0.559372 -0.229429
vn -0.700188 -0.497843 0.511751
vn -0.700188 -0.497843 0.511751
vn -0.700188 -0.497843 0.511751
vn -0.700188 -0.497843 0.511751
vn -0.357585 0.706629 0.610581
vn -0.357585 0.706629 0.610581
vn -0.357585 0.706629 0.610581
vn -0.357585 0.706629 0.610581
vn -0.265155 -0.439081 0.858429
vn -0.265155 -0.439081 0.858429
vn -0.265155 -0.439081 0.858429
vn -0.265155 -0.439081 0.858429
vn -0.035517 -0.387643 0.921125
vn -0.035517 -0.387643 0.921125
vn -0.035517 -0.387643 0.921125
vn -0.035517 -0.387643 0.921125
vn 0.491664 0.818170 0.298103
vn 0.497874 0.799796 0.335333
vn 0.492274 0.816532 0.301567
vn 0.497874 0.799796 0.335333
vn -0.108021 0.962989 0.246950
vn -0.108021 0.962989 0.246950
vn -0.108021 0.962989 0.246950
vn -0.108021 0.962989 0.246950
vn -0.008030 -0.210696 0.977519
vn 0.005078 -0.195451 0.980700
vn 0.004991 -0.195552 0.980681
vn 0.009629 -0.190137 0.981710
vn 0.123881 0.723267 0.679366
vn 0.123880 0.723267 0.679367
vn 0.123881 0.723267 0.679366
vn 0.123881 0.723267 0.679366
vn -0.185812 0.896842 0.401433
vn -0.185812 0.896842 0.401433
vn -0.185812 0.896842 0.401434
vn -0.185812 0.896842 0.401433
vn -0.876143 0.429455 -0.218959
vn -0.876143 0.429455 -0.218959
vn -0.876143 0.429455 -0.218959
vn -0.876143 0.429455 -0.218959
vn -0.120070 -0.423325 0.897986
vn -0.120070 -0.423325 0.897986
vn -0.120070 -0.423325 0.897986
vn -0.120070 -0.423325 0.897986
vn -0.905208 0.302392 -0.298593
vn -0.903562 0.303310 -0.302621
vn -0.905208 0.302392 -0.298593
vn -0.902705 0.303781 -0.304698
vn -0.897260 0.306682 -0.317601
vn -0.897260 0.306682 -0.317601
vn -0.110467 -0.151220 0.982308
vn -0.110467 -0.151220 0.982308
vn -0.110467 -0.151220 0.982308
vn -0.110467 -0.151220 0.982308
vn -0.631222 -0.195803 0.750480
vn -0.631222 -0.195803 0.750480
vn -0.631222 -0.195803 0.750480
vn -0.631222 -0.195803 0.750480
vn -0.415971 0.834931 0.360359
vn -0.415971 0.834931 0.360359
vn -0.415971 0.834931 0.360359
vn -0.415971 0.834931 0.360359
vn -0.455110 0.881983 -0.122397
vn -0.455110 0.881983 -0.122397
vn -0.455110 0.881983 -0.122397
vn -0.455110 0.881983 -0.122397
vn -0.887874 0.064941 -0.455481
vn -0.889290 0.063287 -0.452943
vn -0.887874 0.064941 -0.455481
vn -0.890096 0.062342 -0.451490
vn -0.908289 0.074589 -0.411640
vn -0.908957 0.075816 -0.409938
vn -0.911982 0.081468 -0.402061
vn -0.911982 0.081468 -0.402061
vn -0.876826 -0.131122 -0.462584
vn -0.877116 -0.129804 -0.462404
vn -0.876826 -0.131122 -0.462584
vn -0.876835 -0.131040 -0.462590
vn -0.877260 -0.128938 -0.462374
vn -0.886827 -0.109717 -0.448888
vn -0.877336 -0.128663 -0.462306
vn -0.030573 0.997729 0.060024
vn -0.030573 0.997729 0.060024
vn -0.030573 0.997729 0.060024
vn -0.030573 0.997729 0.060024
vn -0.876618 -0.133451 -0.462311
vn -0.876731 -0.133754 -0.462010
vn -0.876618 -0.133451 -0.462311
vn -0.876714 -0.133708 -0.462056
vn -0.877479 -0.114747 -0.465686
vn -0.877481 -0.114368 -0.465776
vn -0.883961 -0.088413 -0.459126
vn -0.884736 -0.085525 -0.458179
vn -0.891257 -0.059745 -0.449547
vn -0.891257 -0.059745 -0.449547
vn -0.876828 -0.133753 -0.461827
vn -0.876828 -0.133753 -0.461827
vn -0.879153 -0.132506 -0.457746
vn -0.880477 -0.131790 -0.455403
vn -0.890319 -0.126312 -0.437466
vn -0.890319 -0.126312 -0.437466
vn -0.104588 0.987084 0.121353
vn -0.104588 0.987084 0.121353
vn -0.104588 0.987084 0.121353
vn -0.104588 0.987084 0.121353
vn 0.152620 0.929399 0.336043
vn 0.152620 0.929399 0.336043
vn 0.152620 0.929399 0.336043
vn 0.152620 0.929399 0.336043
vn -0.874054 -0.114896 -0.472047
vn -0.874054 -0.114896 -0.472047
vn -0.874054 -0.114896 -0.472047
vn -0.874054 -0.114896 -0.472047
vn -0.872768 -0.059671 -0.484475
vn -0.865471 -0.092041 -0.492432
vn -0.865471 -0.092041 -0.492432
vn -0.869443 -0.105777 -0.482576
vn -0.143718 0.872899 0.466253
vn -0.143718 0.872899 0.466253
vn -0.143718 0.872899 0.466253
vn -0.143718 0.872899 0.466253
vn -0.926615 0.111434 -0.359119
vn -0.926615 0.111434 -0.359119
vn -0.926615 0.111434 -0.359119
vn -0.926615 0.111434 -0.359119
vn -0.883850 -0.054745 -0.464555
vn -0.883850 -0.054745 -0.464555
vn -0.883850 -0.054745 -0.464555
vn -0.883850 -0.054745 -0.464555
vn -0.918197 -0.046711 -0.393361
vn -0.918197 -0.046711 -0.393361
vn -0.889350 -0.045419 -0.454966
vn -0.914574 -0.043627 -0.402059
vn -0.925684 0.021635 -0.377680
vn -0.925684 0.021635 -0.377680
vn -0.925684 0.021635 -0.377680
vn -0.925684 0.021635 -0.377680
vn -0.424916 -0.219758 0.878153
vn -0.424916 -0.219758 0.878153
vn -0.424916 -0.219758 0.878153
vn -0.424916 -0.219758 0.878153
vn -0.873101 -0.117791 -0.473096
vn -0.877297 -0.134271 -0.460783
vn -0.877297 -0.134271 -0.460783
vn -0.877122 -0.133411 -0.461365
vn -0.876659 0.069588 -0.476053
vn -0.876659 0.069588 -0.476053
vn -0.876659 0.069588 -0.476053
vn -0.876659 0.069588 -0.476053
vn -0.447888 -0.134989 0.883841
vn -0.447888 -0.134989 0.883841
vn -0.447888 -0.134989 0.883841
vn -0.447888 -0.134989 0.883841
vn -0.171695 0.984380 0.038946
vn -0.173116 0.983992 0.042311
vn -0.171695 0.984380 0.038946
vn -0.173116 0.983992 0.042312
vn -0.190887 0.977938 0.084852
vn -0.190887 0.977938 0.084852
vn -0.721677 0.577710 -0.381357
vn -0.721677 0.577710 -0.381357
vn -0.721677 0.577710 -0.381357
vn -0.721677 0.577710 -0.381357
vn -0.773388 0.547842 -0.318967
vn -0.772270 0.548154 -0.321132
vn -0.772270 0.548154 -0.321132
vn -0.773381 0.547844 -0.318980
vn -0.811222 0.526748 -0.253882
vn -0.811462 0.526567 -0.253491
vn -0.873101 -0.117791 -0.473096
vn -0.870588 -0.109839 -0.479595
vn -0.871716 -0.112667 -0.476882
vn -0.869443 -0.105777 -0.482576
vn -0.872768 -0.059671 -0.484475
vn -0.875121 -0.048337 -0.481484
vn -0.877558 -0.045160 -0.477338
vn -0.889350 -0.045419 -0.454966
vn -0.812911 0.525467 -0.251118
vn -0.811462 0.526567 -0.253491
vn -0.811222 0.526748 -0.253882
vn -0.812911 0.525467 -0.251118
vn -0.192561 0.960723 0.199830
vn -0.192561 0.960723 0.199830
vn -0.192561 0.960723 0.199830
vn -0.192561 0.960723 0.199830
vn -0.766179 0.543260 -0.343277
vn -0.766179 0.543260 -0.343277
vn -0.766179 0.543260 -0.343277
vn -0.766179 0.543260 -0.343277
vn -0.866005 0.108039 -0.488225
vn -0.866005 0.108039 -0.488225
vn -0.866005 0.108039 -0.488225
vn -0.866004 0.108040 -0.488225
vn -0.260252 0.819031 0.511329
vn -0.270134 0.808138 0.523394
vn -0.260595 0.818659 0.511749
vn -0.259346 0.820009 0.510221
vn -0.259346 0.820009 0.510221
vn -0.459302 -0.158922 0.873949
vn -0.459302 -0.158922 0.873949
vn -0.459302 -0.158922 0.873949
vn -0.459302 -0.158922 0.873949
vn -0.927327 -0.158515 -0.339026
vn -0.931375 -0.107299 -0.347891
vn -0.930941 -0.114798 -0.346655
vn -0.931501 -0.104905 -0.348282
vn -0.931501 -0.104905 -0.348282
vn -0.937813 -0.148893 -0.313587
vn -0.937813 -0.148893 -0.313587
vn -0.937813 -0.148893 -0.313587
vn -0.937813 -0.148893 -0.313587
vn -0.961337 -0.042403 -0.272090
vn -0.961337 -0.042403 -0.272090
vn -0.961337 -0.042403 -0.272090
vn -0.961337 -0.042403 -0.272090
vn -0.672071 0.672031 -0.310959
vn -0.672071 0.672031 -0.310959
vn -0.672071 0.672031 -0.310959
vn -0.672071 0.672031 -0.310959
vn -0.742294 0.611070 -0.274942
vn -0.742294 0.611070 -0.274942
vn -0.742294 0.611070 -0.274942
vn -0.742294 0.611070 -0.274942
vn -0.106703 0.986909 -0.120932
vn -0.106703 0.986909 -0.120932
vn -0.106703 0.986909 -0.120932
vn -0.106703 0.986909 -0.120932
vn -0.902144 -0.127721 -0.412097
vn -0.919270 -0.112867 -0.377099
vn -0.919270 -0.112867 -0.377099
vn -0.904026 -0.126164 -0.408436
vn -0.880115 -0.132860 -0.455792
vn -0.882117 -0.132707 -0.451950
vn -0.877059 -0.133103 -0.461574
vn -0.877122 -0.133411 -0.461365
vn -0.873101 -0.117791 -0.473096
vn -0.871716 -0.112667 -0.476882
vn 0.040978 0.987766 -0.150464
vn 0.040978 0.987766 -0.150464
vn 0.040978 0.987766 -0.150464
vn 0.040978 0.987766 -0.150464
vn 0.143654 0.917895 -0.369910
vn 0.143654 0.917895 -0.369910
vn 0.143654 0.917895 -0.369910
vn 0.143654 0.917895 -0.369910
vn -0.625881 0.723485 -0.291277
vn -0.625881 0.723485 -0.291277
vn -0.625881 0.723485 -0.291277
vn -0.625881 0.723485 -0.291277
vn -0.994361 0.094262 -0.048597
vn -0.994361 0.094262 -0.048597
vn -0.994361 0.094262 -0.048597
vn -0.994361 0.094262 -0.048597
vn -0.123135 0.991758 -0.035411
vn -0.123135 0.991758 -0.035411
vn -0.123135 0.991758 -0.035411
vn -0.123135 0.991758 -0.035411
vn -0.447422 -0.442271 0.777310
vn -0.447422 -0.442271 0.777310
vn -0.447422 -0.442270 0.777310
vn -0.447422 -0.442271 0.777310
vn 0.877537 0.133712 0.460489
vn 0.877338 0.133335 0.460978
vn 0.877338 0.133335 0.460978
vn 0.877536 0.133710 0.460492
vn 0.876861 0.121941 0.465021
vn 0.876774 0.120643 0.465525
vn 0.881604 0.080591 0.465059
vn 0.882380 0.076685 0.464247
vn 0.896410 0.042355 0.441197
vn 0.896362 0.042378 0.441293
vn 0.909352 0.035841 0.414481
vn 0.909360 0.035893 0.414458
vn 0.909317 0.035626 0.414576
vn 0.909317 0.035626 0.414576
vn 0.876716 0.132895 0.462286
vn 0.875083 0.136753 0.464250
vn 0.876716 0.132895 0.462286
vn 0.874557 0.137985 0.464877
vn 0.861542 0.167083 0.479404
vn 0.877588 0.133619 0.460418
vn 0.877375 0.133361 0.460899
vn 0.877420 0.112411 0.466367
vn 0.877375 0.133361 0.460899
vn 0.877603 0.133748 0.460354
vn 0.877603 0.133748 0.460354
vn 0.877603 0.133748 0.460354
vn 0.877603 0.133748 0.460354
vn 0.871450 0.113169 0.477250
vn 0.871450 0.113169 0.477250
vn 0.871450 0.113169 0.477250
vn 0.871450 0.113169 0.477250
vn 0.871126 0.117973 0.476679
vn 0.877756 0.134103 0.459957
vn 0.877685 0.133805 0.460179
vn 0.877756 0.134103 0.459957
vn 0.868801 0.112582 0.482193
vn 0.867007 0.109295 0.486162
vn 0.871126 0.117973 0.476679
vn 0.865172 0.103990 0.490575
vn 0.865776 0.051208 0.497806
vn 0.869103 0.037975 0.493171
vn 0.870115 0.036191 0.491518
vn 0.870115 0.036191 0.491518
vn -0.443631 -0.140794 0.885081
vn -0.443631 -0.140794 0.885081
vn -0.443631 -0.140794 0.885081
vn -0.443631 -0.140794 0.885081
vn -0.180025 0.969258 0.167717
vn -0.187836 0.972444 0.138099
vn -0.180025 0.969258 0.167717
vn -0.187843 0.972446 0.138074
vn -0.189510 0.975575 0.111085
vn -0.189456 0.975596 0.110993
vn -0.172343 0.981680 0.081255
vn -0.172343 0.981680 0.081255
vn 0.824457 0.263218 0.500986
vn 0.815652 0.220078 0.535049
vn 0.816267 0.222751 0.533001
vn 0.812192 0.221628 0.539652
vn 0.812208 0.221461 0.539697
vn -0.319388 0.813860 0.485410
vn -0.319388 0.813860 0.485410
vn -0.319388 0.813860 0.485410
vn -0.319388 0.813860 0.485410
vn 0.878076 0.047258 0.476182
vn 0.878076 0.047258 0.476182
vn 0.878076 0.047258 0.476182
vn 0.878076 0.047258 0.476182
vn 0.857759 0.084275 0.507098
vn 0.857759 0.084275 0.507098
vn 0.865776 0.051208 0.497806
vn 0.865172 0.103990 0.490575
vn -0.387068 -0.261809 0.884101
vn -0.387068 -0.261809 0.884101
vn -0.387068 -0.261809 0.884101
vn -0.387068 -0.261809 0.884101
vn 0.515843 0.705107 0.486549
vn 0.515766 0.704765 0.487126
vn 0.515322 0.702810 0.490409
vn 0.515322 0.702810 0.490409
vn -0.245667 0.954007 0.171810
vn -0.248621 0.952328 0.176804
vn -0.245735 0.953970 0.171915
vn -0.248962 0.952117 0.177457
vn -0.274229 0.934664 0.226280
vn -0.274229 0.934664 0.226280
vn 0.515843 0.705107 0.486549
vn 0.522753 0.733588 0.434256
vn 0.515766 0.704765 0.487126
vn 0.522765 0.733599 0.434223
vn 0.523765 0.734056 0.432241
vn 0.523852 0.734092 0.432074
vn 0.577511 0.720401 0.384062
vn 0.577291 0.720520 0.384169
vn 0.586080 0.715697 0.379853
vn 0.586080 0.715697 0.379853
vn -0.245735 0.953970 0.171915
vn -0.216257 0.967456 0.131381
vn -0.245667 0.954007 0.171810
vn -0.216257 0.967457 0.131381
vn -0.214372 0.968285 0.128331
vn -0.214377 0.968283 0.128340
vn -0.189737 0.978270 0.083592
vn -0.189737 0.978270 0.083592
vn 0.871126 0.117973 0.476679
vn 0.877668 0.133728 0.460234
vn 0.868801 0.112582 0.482193
vn 0.877685 0.133805 0.460179
vn 0.877588 0.133619 0.460418
vn 0.877644 0.133685 0.460294
vn 0.877136 0.094604 0.470832
vn 0.877420 0.112411 0.466367
vn 0.876865 0.085365 0.473097
vn 0.876865 0.085365 0.473097
vn -0.071570 0.997069 0.027050
vn -0.071570 0.997069 0.027050
vn -0.071570 0.997069 0.027050
vn -0.071570 0.997069 0.027050
vn -0.651355 0.295085 0.699043
vn -0.651355 0.295085 0.699043
vn -0.651355 0.295085 0.699043
vn -0.651355 0.295085 0.699043
vn -0.444685 -0.140533 0.884593
vn -0.444685 -0.140533 0.884593
vn -0.444685 -0.140533 0.884593
vn -0.444685 -0.140533 0.884593
vn -0.706270 -0.396100 0.586760
vn -0.706270 -0.396100 0.586760
vn -0.706270 -0.396100 0.586760
vn -0.706270 -0.396100 0.586760
vn -0.706189 -0.280190 0.650224
vn -0.698119 -0.255065 0.669008
vn -0.698391 -0.255877 0.668414
vn -0.699099 -0.251479 0.669342
vn -0.698560 -0.252338 0.669582
vn -0.715363 -0.224865 0.661583
vn -0.297554 -0.065667 0.952444
vn -0.297554 -0.065667 0.952444
vn -0.297554 -0.065667 0.952444
vn -0.297554 -0.065667 0.952444
vn 0.405752 -0.448685 0.796271
vn 0.405752 -0.448685 0.796271
vn 0.405752 -0.448685 0.796271
vn 0.405752 -0.448685 0.796271
vn -0.811106 0.406182 -0.420859
vn -0.811106 0.406183 -0.420859
vn -0.811106 0.406183 -0.420859
vn -0.811106 0.406182 -0.420859
vn 0.357414 0.870786 0.337621
vn 0.357414 0.870786 0.337621
vn 0.357414 0.870786 0.337621
vn 0.357414 0.870786 0.337621
vn -0.907294 0.074917 -0.413769
vn -0.907294 0.074917 -0.413769
vn -0.907294 0.074917 -0.413769
vn -0.907294 0.074917 -0.413769
vn -0.685769 0.062857 -0.725100
vn -0.685769 0.062857 -0.725100
vn -0.685769 0.062857 -0.725100
vn -0.685769 0.062857 -0.725100
vn 0.453649 0.809639 0.372408
vn 0.453649 0.809639 0.372408
vn 0.453649 0.809639 0.372408
vn 0.453649 0.809639 0.372408
vn -0.603751 0.431317 -0.670411
vn -0.603751 0.431317 -0.670411
vn -0.603751 0.431317 -0.670411
vn -0.603751 0.431317 -0.670411
vn -0.706442 0.138188 0.694150
vn -0.706442 0.138188 0.694150
vn -0.706442 0.138188 0.694150
vn -0.706442 0.138188 0.694150
vn -0.877993 -0.133608 -0.459650
vn -0.877569 -0.134537 -0.460187
vn -0.877529 -0.134626 -0.460237
vn -0.877993 -0.133608 -0.459650
vn -0.200497 0.974106 0.104491
vn -0.176471 0.981552 0.073578
vn -0.183506 0.980497 0.070362
vn -0.203320 0.973933 0.100576
vn -0.183706 0.980475 0.070143
vn -0.210224 0.969571 0.125455
vn -0.214646 0.968780 0.124063
vn -0.212618 0.966341 0.144838
vn -0.225917 0.964307 0.138108
vn -0.200162 0.972882 0.115914
vn -0.204447 0.973903 0.098560
vn -0.204447 0.973903 0.098560
vn -0.199969 0.972829 0.116687
vn -0.877585 -0.133602 -0.460430
vn -0.877374 -0.133330 -0.460910
vn -0.877374 -0.133330 -0.460910
vn -0.881713 -0.120265 -0.456201
vn -0.877639 -0.133672 -0.460306
vn -0.881713 -0.120265 -0.456201
vn -0.877585 -0.133602 -0.460430
vn -0.877681 -0.133790 -0.460192
vn -0.877664 -0.133711 -0.460247
vn -0.868655 -0.112568 -0.482460
vn -0.871020 -0.117972 -0.476871
vn -0.877600 -0.133737 -0.460362
vn -0.877600 -0.133737 -0.460362
vn -0.877600 -0.133737 -0.460362
vn -0.877600 -0.133737 -0.460362
vn -0.205974 0.974002 0.094318
vn -0.205974 0.974002 0.094318
vn -0.205974 0.974002 0.094318
vn -0.205974 0.974002 0.094318
vn -0.805101 0.531933 -0.262413
vn -0.805136 0.531891 -0.262389
vn -0.803804 0.532906 -0.264406
vn -0.814153 0.519407 -0.259560
vn -0.814078 0.519524 -0.259562
vn -0.814078 0.519524 -0.259562
vn -0.814377 0.518627 -0.260417
vn -0.814153 0.519407 -0.259560
vn -0.814398 0.518692 -0.260219
vn -0.812759 0.514007 -0.274263
vn -0.812759 0.514007 -0.274263
vn -0.868655 -0.112568 -0.482460
vn -0.871020 -0.117972 -0.476871
vn -0.866824 -0.109272 -0.486494
vn -0.864909 -0.103882 -0.491061
vn -0.869444 -0.038347 -0.492542
vn -0.865841 -0.051291 -0.497684
vn -0.870483 -0.036646 -0.490833
vn -0.870483 -0.036646 -0.490833
vn -0.871377 -0.113124 -0.477395
vn -0.871377 -0.113124 -0.477395
vn -0.871377 -0.113124 -0.477395
vn -0.871377 -0.113124 -0.477395
vn -0.193482 0.970716 0.142390
vn -0.199969 0.972829 0.116687
vn -0.200162 0.972882 0.115914
vn -0.193482 0.970716 0.142390
vn -0.862401 -0.085827 -0.498898
vn -0.871500 -0.113738 -0.477023
vn -0.862401 -0.085827 -0.498898
vn -0.872035 -0.115494 -0.475622
vn -0.871020 -0.117972 -0.476871
vn -0.877751 -0.134099 -0.459968
vn -0.877751 -0.134099 -0.459968
vn -0.877681 -0.133790 -0.460192
vn -0.878239 -0.047434 -0.475864
vn -0.878239 -0.047434 -0.475864
vn -0.878239 -0.047434 -0.475864
vn -0.878239 -0.047434 -0.475864
vn -0.328600 0.783249 0.527772
vn -0.306225 0.783816 0.540240
vn -0.309228 0.789365 0.530360
vn -0.322610 0.775550 0.542628
vn -0.310034 0.772851 0.553698
vn -0.298572 0.781562 0.547737
vn -0.310034 0.772851 0.553698
vn -0.298782 0.781405 0.547847
vn -0.865841 -0.051291 -0.497684
vn -0.857152 -0.083769 -0.508207
vn -0.857152 -0.083769 -0.508207
vn -0.864909 -0.103882 -0.491061
vn -0.316939 0.809848 0.493655
vn -0.316939 0.809848 0.493655
vn -0.316939 0.809848 0.493655
vn -0.316939 0.809848 0.493655
vn -0.865167 0.498895 -0.050885
vn -0.865167 0.498895 -0.050885
vn -0.865167 0.498895 -0.050885
vn -0.865167 0.498895 -0.050885
vn -0.288564 -0.597671 0.748011
vn -0.288564 -0.597671 0.748011
vn -0.288564 -0.597671 0.748011
vn -0.288564 -0.597671 0.748011
vn -0.909315 -0.035625 -0.414580
vn -0.909315 -0.035625 -0.414580
vn -0.909315 -0.035623 -0.414580
vn -0.901942 -0.023215 -0.431233
vn -0.863586 0.494787 0.096979
vn -0.863586 0.494787 0.096979
vn -0.863586 0.494787 0.096979
vn -0.863586 0.494787 0.096979
vn -0.267931 0.795602 0.543351
vn -0.267931 0.795602 0.543351
vn -0.267931 0.795602 0.543351
vn -0.267931 0.795602 0.543351
vn -0.845002 0.533085 0.042329
vn -0.845002 0.533085 0.042329
vn -0.845002 0.533085 0.042329
vn -0.845002 0.533085 0.042329
vn -0.906666 -0.004478 -0.421827
vn -0.906666 -0.004478 -0.421827
vn -0.906666 -0.004478 -0.421827
vn -0.906666 -0.004478 -0.421827
vn -0.309228 0.789365 0.530360
vn -0.306225 0.783816 0.540240
vn -0.274168 0.798211 0.536368
vn -0.275331 0.798540 0.535282
vn -0.309130 0.766982 0.562297
vn -0.298031 0.789184 0.536997
vn -0.309130 0.766982 0.562297
vn -0.297947 0.789346 0.536806
vn -0.299212 0.773624 0.558551
vn -0.298829 0.776149 0.555243
vn -0.301648 0.756363 0.580451
vn -0.301648 0.756363 0.580451
vn -0.909315 -0.035623 -0.414580
vn -0.901942 -0.023215 -0.431233
vn -0.909314 -0.035615 -0.414584
vn -0.896873 -0.015077 -0.442032
vn -0.894784 -0.011809 -0.446343
vn -0.894784 -0.011809 -0.446343
vn -0.308546 0.778457 0.546630
vn -0.275352 0.798540 0.535272
vn -0.308524 0.778471 0.546623
vn -0.275352 0.798540 0.535272
vn -0.908956 -0.036620 -0.415281
vn -0.908959 -0.036605 -0.415276
vn -0.905344 -0.045598 -0.422223
vn -0.908997 -0.036416 -0.415208
vn -0.908997 -0.036416 -0.415208
vn -0.300247 0.719307 0.626458
vn -0.298179 0.722116 0.624210
vn -0.300672 0.720808 0.624526
vn -0.298951 0.724320 0.621280
vn -0.301458 0.731488 0.611595
vn -0.301458 0.731488 0.611595
vn -0.914779 -0.104899 -0.390098
vn -0.914779 -0.104899 -0.390098
vn -0.914779 -0.104899 -0.390098
vn -0.914779 -0.104899 -0.390098
vn -0.292737 0.732496 0.614617
vn -0.292737 0.732496 0.614617
vn -0.292737 0.732496 0.614617
vn -0.292737 0.732496 0.614617
vn -0.938361 -0.128479 -0.320893
vn -0.938361 -0.128479 -0.320893
vn -0.938361 -0.128479 -0.320893
vn -0.938361 -0.128479 -0.320893
vn -0.906164 0.399353 0.139226
vn -0.906164 0.399353 0.139226
vn -0.906164 0.399353 0.139226
vn -0.906164 0.399353 0.139226
vn -0.286233 -0.705007 0.648873
vn -0.286233 -0.705007 0.648873
vn -0.286233 -0.705007 0.648873
vn -0.286233 -0.705007 0.648873
vn -0.866455 -0.118067 -0.485094
vn -0.866455 -0.118067 -0.485094
vn -0.866455 -0.118067 -0.485094
vn -0.866455 -0.118067 -0.485094
vn -0.891219 -0.040361 -0.451775
vn -0.891219 -0.040361 -0.451775
vn -0.891219 -0.040361 -0.451775
vn -0.891219 -0.040361 -0.451775
vn -0.852845 0.519856 0.049046
vn -0.852845 0.519856 0.049046
vn -0.852845 0.519856 0.049046
vn -0.852845 0.519856 0.049046
vn -0.286621 0.811809 0.508739
vn -0.286621 0.811809 0.508739
vn -0.286621 0.811809 0.508739
vn -0.286621 0.811809 0.508739
vn 0.510542 0.595358 0.620399
vn 0.510542 0.595358 0.620399
vn 0.510542 0.595358 0.620399
vn 0.510542 0.595358 0.620399
vn -0.315614 0.715437 0.623328
vn -0.315614 0.715437 0.623328
vn -0.315614 0.715437 0.623328
vn -0.315614 0.715437 0.623328
vn 0.939220 0.131320 0.317208
vn 0.939220 0.131320 0.317208
vn 0.939220 0.131320 0.317208
vn 0.939220 0.131320 0.317208
vn 0.436634 0.576672 0.690507
vn 0.436634 0.576672 0.690507
vn 0.436634 0.576672 0.690507
vn 0.436634 0.576672 0.690507
vn 0.866779 0.117341 0.484691
vn 0.866779 0.117341 0.484691
vn 0.866779 0.117341 0.484691
vn 0.866779 0.117341 0.484691
vn 0.286172 0.705271 -0.648613
vn 0.286172 0.705271 -0.648613
vn 0.286172 0.705271 -0.648613
vn 0.286172 0.705271 -0.648613
vn 0.914558 0.105378 0.390485
vn 0.914558 0.105378 0.390485
vn 0.914558 0.105378 0.390485
vn 0.914558 0.105378 0.390485
vn 0.228133 0.967201 0.111708
vn 0.228133 0.967201 0.111708
vn 0.228133 0.967201 0.111708
vn 0.228133 0.967201 0.111708
vn -0.955846 -0.117053 -0.269550
vn -0.955846 -0.117053 -0.269550
vn -0.955846 -0.117053 -0.269550
vn -0.955846 -0.117053 -0.269549
vn 0.310111 0.530078 -0.789208
vn 0.310114 0.530080 -0.789205
vn 0.310111 0.530078 -0.789207
vn 0.310110 0.530097 -0.789195
vn -0.343398 0.589313 0.731292
vn -0.343398 0.589313 0.731292
vn -0.343398 0.589313 0.731292
vn -0.343398 0.589313 0.731292
vn 0.310110 0.530097 -0.789195
vn 0.310121 0.530114 -0.789180
vn 0.310114 0.530080 -0.789205
vn 0.310105 0.530102 -0.789194
vn 0.310103 0.530100 -0.789196
vn 0.310102 0.530100 -0.789196
vn 0.150478 0.520512 -0.840490
vn 0.150478 0.520512 -0.840490
vn 0.150478 0.520512 -0.840490
vn 0.150478 0.520512 -0.840490
vn 0.526566 0.708967 -0.469142
vn 0.526566 0.708967 -0.469142
vn 0.526566 0.708967 -0.469142
vn 0.526566 0.708967 -0.469142
vn 0.183882 0.690753 -0.699319
vn 0.183882 0.690753 -0.699319
vn 0.183882 0.690753 -0.699319
vn 0.183882 0.690753 -0.699319
vn -0.939227 0.286437 -0.189224
vn -0.939227 0.286437 -0.189224
vn -0.939227 0.286437 -0.189224
vn -0.939227 0.286437 -0.189224
vn -0.391104 0.611726 0.687625
vn -0.391104 0.611726 0.687625
vn -0.391104 0.611726 0.687625
vn -0.391104 0.611726 0.687625
vn 0.847475 0.530695 0.012230
vn 0.847475 0.530695 0.012230
vn 0.847475 0.530695 0.012230
vn 0.847475 0.530695 0.012230
vn 0.810219 0.240634 0.534453
vn 0.812192 0.221628 0.539652
vn 0.810219 0.240634 0.534453
vn 0.812208 0.221461 0.539697
vn 0.754030 0.274265 0.596840
vn 0.754030 0.274265 0.596840
vn 0.754030 0.274265 0.596840
vn 0.754030 0.274265 0.596840
vn 0.197704 0.712755 0.672973
vn 0.197704 0.712755 0.672974
vn 0.197704 0.712755 0.672974
vn 0.197704 0.712755 0.672974
vn 0.466796 0.679202 -0.566380
vn 0.466796 0.679202 -0.566380
vn 0.466796 0.679202 -0.566380
vn 0.466796 0.679202 -0.566380
vn -0.356289 0.484686 -0.798835
vn -0.356289 0.484686 -0.798835
vn -0.326082 0.479973 -0.814430
vn -0.327419 0.480192 -0.813764
vn 0.218265 0.658464 -0.720268
vn 0.218265 0.658464 -0.720268
vn 0.218265 0.658464 -0.720268
vn 0.218265 0.658464 -0.720268
vn 0.185273 0.979182 0.082921
vn 0.185273 0.979182 0.082921
vn 0.185273 0.979182 0.082921
vn 0.185273 0.979182 0.082921
vn 0.242110 0.762764 -0.599645
vn 0.242110 0.762764 -0.599645
vn 0.242110 0.762764 -0.599645
vn 0.242110 0.762764 -0.599645
vn 0.604983 0.622356 -0.496658
vn 0.607399 0.601476 -0.518934
vn 0.605263 0.620193 -0.499016
vn 0.607399 0.601476 -0.518934
vn -0.977163 -0.024073 0.211124
vn -0.977163 -0.024073 0.211124
vn -0.977163 -0.024073 0.211124
vn -0.977163 -0.024073 0.211124
vn 0.180549 0.893710 0.410713
vn 0.180549 0.893710 0.410713
vn 0.180549 0.893710 0.410713
vn 0.180549 0.893710 0.410713
vn -0.343282 0.920133 0.188449
vn -0.343282 0.920133 0.188449
vn -0.343282 0.920133 0.188449
vn -0.343282 0.920133 0.188449
vn 0.177846 0.633560 -0.752976
vn 0.177846 0.633560 -0.752976
vn 0.177846 0.633560 -0.752976
vn 0.177846 0.633559 -0.752977
vn 0.678668 0.298341 0.671120
vn 0.678668 0.298341 0.671120
vn 0.678668 0.298341 0.671120
vn 0.678668 0.298341 0.671120
vn 0.776524 0.444676 0.446402
vn 0.776524 0.444676 0.446402
vn 0.776524 0.444676 0.446402
vn 0.776524 0.444676 0.446402
vn 0.098711 0.813929 -0.572517
vn 0.098711 0.813929 -0.572517
vn 0.098711 0.813929 -0.572517
vn 0.098711 0.813929 -0.572517
vn 0.328608 0.582646 -0.743331
vn 0.350649 0.581132 -0.734392
vn 0.328608 0.582646 -0.743331
vn 0.351452 0.581070 -0.734057
vn 0.373727 0.579172 -0.724492
vn 0.373727 0.579172 -0.724492
vn 0.482227 0.725027 -0.491725
vn 0.482690 0.724443 -0.492131
vn 0.481865 0.725482 -0.491408
vn 0.482690 0.724443 -0.492131
vn -0.077957 0.551519 -0.830512
vn -0.083160 0.552522 -0.829340
vn -0.105351 0.556621 -0.824060
vn -0.105351 0.556621 -0.824060
vn -0.270138 0.808143 0.523383
vn -0.269988 0.807675 0.524183
vn -0.269793 0.806968 0.525370
vn -0.270133 0.808150 0.523375
vn -0.268096 0.817439 0.509822
vn -0.272782 0.820121 0.502983
vn -0.268048 0.823646 0.499758
vn -0.272102 0.829026 0.488546
vn -0.265902 0.832663 0.485767
vn -0.275050 0.765973 0.581062
vn -0.275050 0.765973 0.581062
vn -0.275050 0.765973 0.581062
vn -0.275050 0.765973 0.581062
vn -0.953944 0.108804 -0.279559
vn -0.953944 0.108804 -0.279559
vn -0.952331 0.110959 -0.284173
vn -0.952906 0.110196 -0.282539
vn -0.948002 0.116560 -0.296153
vn -0.948002 0.116560 -0.296153
vn -0.945472 0.121779 -0.302081
vn -0.945643 0.121432 -0.301686
vn -0.944284 0.124182 -0.304806
vn -0.944284 0.124182 -0.304806
vn 0.174993 0.933357 -0.313404
vn 0.174993 0.933357 -0.313404
vn 0.174993 0.933357 -0.313404
vn 0.174993 0.933357 -0.313404
vn 0.830632 0.554250 0.053462
vn 0.830632 0.554250 0.053462
vn 0.830632 0.554250 0.053462
vn 0.830632 0.554250 0.053462
vn -0.909559 -0.035908 -0.414020
vn -0.910036 -0.036805 -0.412892
vn -0.910036 -0.036805 -0.412892
vn -0.909544 -0.035879 -0.414056
vn -0.908554 -0.034031 -0.416380
vn -0.908554 -0.034031 -0.416380
vn -0.908554 -0.034031 -0.416380
vn -0.908554 -0.034031 -0.416380
vn -0.903630 -0.043590 -0.426090
vn -0.908553 -0.034030 -0.416381
vn -0.908553 -0.034031 -0.416382
vn -0.901734 -0.047175 -0.429710
vn -0.887875 -0.071954 -0.454423
vn -0.887930 -0.071860 -0.454331
vn -0.887455 -0.072670 -0.455129
vn -0.887455 -0.072670 -0.455129
vn -0.267194 0.805818 0.528455
vn -0.238315 0.786497 0.569762
vn -0.259243 0.799927 0.541212
vn -0.269988 0.807675 0.524183
vn -0.269793 0.806968 0.525370
vn -0.268096 0.817439 0.509822
vn -0.265440 0.816387 0.512889
vn -0.262828 0.820875 0.507037
vn -0.268048 0.823646 0.499758
vn -0.675305 0.708689 0.204261
vn -0.675305 0.708689 0.204261
vn -0.675305 0.708689 0.204261
vn -0.675305 0.708689 0.204261
vn -0.288831 0.771260 0.567217
vn -0.288831 0.771260 0.567217
vn -0.288831 0.771260 0.567217
vn -0.288831 0.771260 0.567217
vn -0.908551 -0.034038 -0.416386
vn -0.908553 -0.034028 -0.416381
vn -0.908551 -0.034038 -0.416386
vn -0.908553 -0.034027 -0.416381
vn -0.908553 -0.034032 -0.416382
vn -0.908552 -0.034032 -0.416384
vn -0.908551 -0.034037 -0.416386
vn -0.908552 -0.034037 -0.416384
vn -0.909375 -0.038300 -0.414211
vn -0.908552 -0.034033 -0.416383
vn -0.908554 -0.034029 -0.416379
vn -0.909672 -0.039860 -0.413410
vn -0.905680 -0.054062 -0.420500
vn -0.908557 -0.034034 -0.416372
vn -0.908557 -0.034035 -0.416372
vn -0.333238 0.660101 0.673216
vn -0.333238 0.660101 0.673216
vn -0.333238 0.660101 0.673216
vn -0.333238 0.660101 0.673216
vn -0.289195 0.767420 0.572218
vn -0.289195 0.767420 0.572218
vn -0.289195 0.767420 0.572218
vn -0.289195 0.767420 0.572218
vn 0.205050 0.804510 -0.557421
vn 0.205050 0.804510 -0.557421
vn 0.205050 0.804510 -0.557421
vn 0.205050 0.804510 -0.557421
vn -0.928253 0.082724 -0.362634
vn -0.934379 0.051832 -0.352491
vn -0.934906 0.057057 -0.350280
vn -0.934379 0.051832 -0.352491
vn -0.920224 0.078593 -0.383421
vn -0.920224 0.078593 -0.383421
vn -0.920224 0.078593 -0.383421
vn -0.920224 0.078593 -0.383421
vn -0.254704 0.771135 0.583504
vn -0.254704 0.771135 0.583504
vn -0.254705 0.771135 0.583503
vn -0.254705 0.771135 0.583503
vn 0.223473 0.589913 -0.775927
vn 0.223473 0.589913 -0.775927
vn 0.223473 0.589913 -0.775927
vn 0.223473 0.589913 -0.775927
vn -0.889350 -0.045419 -0.454966
vn -0.897437 -0.029910 -0.440128
vn -0.877558 -0.045160 -0.477338
vn -0.914574 -0.043627 -0.402059
vn -0.850503 0.116432 -0.512921
vn -0.850503 0.116432 -0.512921
vn -0.850503 0.116432 -0.512921
vn -0.850503 0.116432 -0.512921
vn -0.789189 0.613271 -0.032848
vn -0.789189 0.613271 -0.032848
vn -0.789189 0.613271 -0.032848
vn -0.789189 0.613271 -0.032848
vn -0.866833 0.498349 0.015779
vn -0.866833 0.498349 0.015779
vn -0.866833 0.498349 0.015779
vn -0.866833 0.498349 0.015779
vn -0.184226 0.921883 0.340870
vn -0.184226 0.921883 0.340870
vn -0.184226 0.921883 0.340870
vn -0.184225 0.921883 0.340869
vn -0.921979 0.104216 -0.372953
vn -0.921979 0.104216 -0.372953
vn -0.924056 0.100688 -0.368758
vn -0.928253 0.082724 -0.362634
vn -0.936702 0.077829 -0.341368
vn -0.934906 0.057057 -0.350280
vn -0.795440 0.594891 0.115672
vn -0.798981 0.588713 0.122664
vn -0.795440 0.594891 0.115672
vn -0.799243 0.588248 0.123188
vn -0.816429 0.554971 0.159536
vn -0.816428 0.554972 0.159536
vn 0.255069 0.415636 -0.873033
vn 0.255069 0.415636 -0.873033
vn 0.255069 0.415636 -0.873033
vn 0.255069 0.415636 -0.873033
vn -0.160645 0.757468 0.632800
vn -0.160644 0.757468 0.632800
vn -0.156353 0.779104 0.607085
vn -0.156399 0.778878 0.607362
vn -0.155443 0.783463 0.601684
vn -0.155443 0.783463 0.601684
vn 0.163385 0.699238 -0.695968
vn 0.163385 0.699238 -0.695968
vn 0.163385 0.699238 -0.695968
vn 0.163385 0.699238 -0.695968
vn -0.213329 0.804224 0.554720
vn -0.220142 0.803326 0.553358
vn -0.213329 0.804224 0.554720
vn -0.222320 0.803031 0.552916
vn -0.271441 0.795238 0.542141
vn -0.271441 0.795238 0.542141
vn -0.814246 0.557164 -0.163008
vn -0.814246 0.557164 -0.163008
vn -0.814246 0.557164 -0.163008
vn -0.814246 0.557164 -0.163008
vn 0.441670 0.241442 -0.864080
vn 0.441670 0.241442 -0.864080
vn 0.441670 0.241442 -0.864080
vn 0.441670 0.241442 -0.864080
vn -0.097233 0.987672 0.122679
vn -0.097233 0.987672 0.122679
vn -0.097233 0.987672 0.122679
vn -0.097233 0.987672 0.122679
vn 0.546816 0.749668 0.372814
vn 0.545885 0.749254 0.375004
vn 0.546816 0.749668 0.372814
vn 0.545880 0.749251 0.375018
vn 0.533976 0.743707 0.402206
vn 0.533976 0.743707 0.402206
vn 0.943287 0.097160 0.317441
vn 0.948463 0.130304 0.288858
vn 0.943288 0.097160 0.317440
vn 0.948687 0.132064 0.287319
vn 0.955213 0.012373 0.295661
vn 0.955213 0.012373 0.295661
vn 0.955213 0.012373 0.295661
vn 0.955213 0.012373 0.295661
vn 0.174513 -0.978254 -0.112087
vn 0.174513 -0.978254 -0.112087
vn 0.174513 -0.978254 -0.112087
vn 0.174513 -0.978254 -0.112087
vn 0.949497 0.138797 0.281408
vn 0.949497 0.138797 0.281408
vn 0.948687 0.132064 0.287319
vn 0.948463 0.130304 0.288858
vn 0.459142 0.146999 -0.876117
vn 0.459141 0.146999 -0.876117
vn 0.459142 0.146999 -0.876117
vn 0.459142 0.146999 -0.876117
vn 0.893388 0.124109 0.431805
vn 0.893388 0.124109 0.431805
vn 0.879844 0.132073 0.456543
vn 0.881521 0.131117 0.453573
vn 0.876790 0.133795 0.461886
vn 0.876790 0.133795 0.461886
vn 0.745490 0.655472 0.120834
vn 0.745490 0.655472 0.120834
vn 0.745490 0.655472 0.120834
vn 0.745490 0.655472 0.120834
vn 0.814333 0.543374 -0.203975
vn 0.814333 0.543374 -0.203975
vn 0.814333 0.543374 -0.203975
vn 0.814333 0.543374 -0.203975
vn 0.991829 -0.107891 0.068081
vn 0.991829 -0.107891 0.068081
vn 0.991829 -0.107891 0.068081
vn 0.991829 -0.107891 0.068081
vn 0.929681 0.146558 0.337957
vn 0.927425 0.111924 0.356869
vn 0.926863 0.105647 0.360227
vn 0.926605 0.102927 0.361677
vn 0.926605 0.102927 0.361677
vn 0.905989 0.126166 0.404061
vn 0.905989 0.126166 0.404061
vn 0.881975 0.132043 0.452422
vn 0.884935 0.131372 0.446801
vn 0.877040 0.133158 0.461595
vn 0.877095 0.133543 0.461379
vn 0.871645 0.112713 0.477001
vn 0.873034 0.117891 0.473196
vn 0.612304 0.760410 0.216471
vn 0.603468 0.766843 0.218585
vn 0.603468 0.766843 0.218585
vn 0.612685 0.760130 0.216379
vn 0.641649 0.737941 0.209117
vn 0.641648 0.737942 0.209116
vn -0.163696 0.986229 0.023599
vn -0.156441 0.987327 0.026692
vn -0.157138 0.987272 0.024527
vn -0.156576 0.987303 0.026788
vn -0.179237 0.982866 0.042987
vn 0.870532 0.109897 0.479684
vn 0.873034 0.117891 0.473196
vn 0.871645 0.112713 0.477001
vn 0.869570 0.105279 0.482458
vn 0.875351 0.048709 0.481028
vn 0.873156 0.058965 0.483861
vn 0.881853 0.035512 0.470185
vn 0.877931 0.045570 0.476614
vn 0.551262 0.677921 0.486347
vn 0.551262 0.677921 0.486347
vn 0.551262 0.677921 0.486347
vn 0.551262 0.677921 0.486347
vn 0.874252 0.114465 0.471785
vn 0.874252 0.114465 0.471785
vn 0.874252 0.114465 0.471785
vn 0.874252 0.114465 0.471785
vn 0.447323 0.133329 -0.884379
vn 0.447323 0.133329 -0.884379
vn 0.447323 0.133329 -0.884379
vn 0.447323 0.133329 -0.884379
vn 0.877241 0.134576 0.460800
vn 0.877241 0.134576 0.460800
vn 0.873034 0.117891 0.473196
vn 0.877095 0.133543 0.461379
vn -0.166297 0.985735 0.025904
vn -0.166297 0.985735 0.025904
vn -0.166297 0.985735 0.025904
vn -0.166297 0.985735 0.025904
vn 0.877746 0.118269 0.464300
vn 0.876673 0.134122 0.462014
vn 0.876673 0.134122 0.462014
vn 0.877746 0.118270 0.464300
vn -0.166453 0.985993 0.010597
vn -0.166453 0.985993 0.010597
vn -0.166453 0.985993 0.010597
vn -0.166453 0.985993 0.010597
vn 0.174795 -0.979317 -0.101902
vn 0.174795 -0.979317 -0.101902
vn 0.174795 -0.979317 -0.101902
vn 0.174795 -0.979317 -0.101902
vn 0.881740 0.120940 0.455969
vn 0.881740 0.120940 0.455969
vn 0.881740 0.120940 0.455969
vn 0.881740 0.120940 0.455969
vn 0.882596 0.114342 0.456015
vn 0.876852 0.131125 0.462533
vn 0.876873 0.131174 0.462479
vn 0.882741 0.113901 0.455845
vn 0.876846 0.130792 0.462639
vn -0.149431 0.988742 -0.007708
vn -0.149431 0.988742 -0.007708
vn -0.149431 0.988742 -0.007708
vn -0.149431 0.988742 -0.007708
vn 0.883964 0.116226 0.452879
vn 0.877215 0.128755 0.462510
vn 0.877215 0.128755 0.462510
vn 0.884463 0.115279 0.452146
vn 0.897620 0.084827 0.432530
vn 0.897486 0.085177 0.432741
vn 0.906360 0.058183 0.418480
vn 0.906281 0.058528 0.418604
vn 0.877148 0.131427 0.461886
vn 0.877148 0.131427 0.461886
vn 0.877148 0.131427 0.461886
vn 0.877148 0.131427 0.461886
vn 0.096845 -0.260045 0.960728
vn 0.096845 -0.260045 0.960728
vn 0.096845 -0.260045 0.960728
vn 0.096845 -0.260045 0.960728
vn -0.132516 0.990751 0.029190
vn -0.132516 0.990751 0.029190
vn -0.132516 0.990751 0.029190
vn -0.132516 0.990751 0.029190
vn -0.949606 0.309933 -0.046802
vn -0.949606 0.309933 -0.046802
vn -0.949606 0.309934 -0.046802
vn -0.949606 0.309934 -0.046802
vn 0.278088 -0.061071 0.958612
vn 0.266435 -0.038717 0.963075
vn 0.265671 -0.037260 0.963344
vn 0.289118 -0.082519 0.953730
vn 0.270427 -0.306324 0.912708
vn 0.270427 -0.306324 0.912708
vn 0.270427 -0.306324 0.912708
vn 0.270427 -0.306324 0.912708
vn 0.007607 -0.134908 0.990829
vn 0.008451 -0.136822 0.990560
vn 0.008451 -0.136822 0.990560
vn 0.007613 -0.134921 0.990827
vn 0.007530 -0.134731 0.990854
vn 0.007530 -0.134731 0.990854
vn -0.657596 -0.126316 -0.742706
vn -0.657596 -0.126317 -0.742706
vn -0.657596 -0.126316 -0.742706
vn -0.657596 -0.126316 -0.742706
vn 0.880829 0.135513 0.453626
vn 0.877300 0.129123 0.462248
vn 0.877300 0.129123 0.462248
vn 0.881059 0.135935 0.453054
vn 0.891931 0.115306 0.437223
vn 0.892992 0.111783 0.435970
vn 0.903307 0.073779 0.422603
vn 0.903171 0.074339 0.422795
vn 0.877181 0.130410 0.462111
vn 0.885175 0.117859 0.450082
vn 0.877181 0.130411 0.462111
vn 0.885581 0.117208 0.449455
vn -0.197623 -0.525207 0.827709
vn -0.197623 -0.525207 0.827709
vn -0.197623 -0.525207 0.827709
vn -0.197623 -0.525207 0.827709
vn -0.137329 -0.558627 0.817971
vn -0.137329 -0.558627 0.817971
vn -0.137329 -0.558627 0.817971
vn -0.137329 -0.558627 0.817971
vn -0.183917 -0.153579 0.970870
vn -0.183917 -0.153579 0.970870
vn -0.183917 -0.153579 0.970870
vn -0.183917 -0.153579 0.970870
vn 0.044092 -0.054167 0.997558
vn 0.044092 -0.054167 0.997558
vn 0.044092 -0.054167 0.997558
vn 0.044092 -0.054167 0.997558
vn -0.684341 0.021217 0.728853
vn -0.684341 0.021217 0.728853
vn -0.684341 0.021217 0.728853
vn -0.684341 0.021217 0.728853
vn 0.204582 0.167103 0.964481
vn 0.204582 0.167103 0.964481
vn 0.204582 0.167103 0.964481
vn 0.204582 0.167103 0.964481
vn -0.510483 0.035930 0.859137
vn -0.510483 0.035930 0.859137
vn -0.510483 0.035930 0.859137
vn -0.510483 0.035930 0.859137
vn 0.317045 0.908590 0.271931
vn 0.310357 0.916505 0.252383
vn 0.316975 0.908677 0.271721
vn 0.310357 0.916505 0.252383
vn 0.884447 0.115799 0.452044
vn 0.877248 0.128552 0.462505
vn 0.877248 0.128552 0.462505
vn 0.884931 0.114922 0.451319
vn 0.022982 -0.122885 0.992155
vn 0.022982 -0.122885 0.992155
vn 0.022982 -0.122885 0.992155
vn 0.022982 -0.122885 0.992155
vn -0.439464 -0.151811 0.885339
vn -0.439464 -0.151811 0.885339
vn -0.439464 -0.151811 0.885339
vn -0.439464 -0.151811 0.885339
vn -0.199030 -0.174591 0.964316
vn -0.199030 -0.174591 0.964316
vn -0.199030 -0.174591 0.964316
vn -0.199030 -0.174591 0.964316
vn -0.168277 0.979239 0.113020
vn -0.158882 0.979238 0.125897
vn -0.168277 0.979239 0.113020
vn -0.159026 0.979247 0.125645
vn 0.441930 0.151423 -0.884177
vn 0.441930 0.151423 -0.884177
vn 0.441930 0.151423 -0.884177
vn 0.441930 0.151423 -0.884177
vn -0.173017 0.980262 0.095663
vn -0.173017 0.980262 0.095663
vn -0.173017 0.980262 0.095663
vn -0.173017 0.980262 0.095663
vn -0.161244 0.982264 0.095698
vn -0.161244 0.982264 0.095699
vn -0.161244 0.982264 0.095699
vn -0.161244 0.982264 0.095699
vn -0.447272 -0.133296 0.884410
vn -0.447272 -0.133296 0.884410
vn -0.447272 -0.133296 0.884410
vn -0.447272 -0.133296 0.884410
vn 0.877746 0.118270 0.464300
vn 0.877746 0.118269 0.464300
vn 0.885110 0.077805 0.458832
vn 0.885778 0.074871 0.458030
vn 0.899677 0.042107 0.434521
vn 0.878946 0.118880 0.461868
vn 0.878937 0.118936 0.461870
vn 0.887101 0.079430 0.454690
vn 0.887742 0.076494 0.453941
vn 0.900442 0.043884 0.432757
vn 0.900052 0.044021 0.433553
vn 0.876581 0.133832 0.462271
vn 0.878075 0.120250 0.463168
vn 0.876581 0.133832 0.462271
vn 0.878075 0.120253 0.463168
vn 0.886571 0.082701 0.455140
vn 0.885952 0.085090 0.455905
vn 0.899707 0.049470 0.433683
vn 0.900131 0.049121 0.432840
vn 0.882741 0.113901 0.455845
vn 0.882596 0.114342 0.456015
vn 0.892230 0.085357 0.443441
vn 0.892462 0.084629 0.443114
vn 0.903841 0.053101 0.424561
vn 0.903550 0.053662 0.425109
vn 0.877778 0.131761 0.460592
vn 0.877778 0.131761 0.460592
vn 0.877778 0.131761 0.460592
vn 0.877778 0.131761 0.460592
vn -0.441931 -0.151433 0.884175
vn -0.441931 -0.151433 0.884175
vn -0.441931 -0.151433 0.884175
vn -0.441931 -0.151433 0.884175
vn -0.214920 0.975107 0.054558
vn -0.214920 0.975107 0.054558
vn -0.214920 0.975107 0.054558
vn -0.214920 0.975107 0.054558
vn -0.193477 0.978289 0.074281
vn -0.193477 0.978289 0.074281
vn -0.193477 0.978289 0.074281
vn -0.193477 0.978289 0.074281
vn 0.317045 0.908590 0.271931
vn 0.316975 0.908677 0.271721
vn 0.321890 0.902454 0.286293
vn 0.321890 0.902454 0.286293
vn 0.884931 0.114922 0.451319
vn 0.884447 0.115799 0.452044
vn 0.897106 0.086144 0.433337
vn 0.897294 0.085627 0.433050
vn 0.905606 0.059718 0.419894
vn 0.905506 0.060117 0.420054
vn 0.153790 -0.988102 0.001498
vn 0.153790 -0.988102 0.001498
vn 0.153790 -0.988102 0.001498
vn 0.153790 -0.988102 0.001498
vn 0.884125 0.053517 0.464176
vn 0.884125 0.053517 0.464176
vn 0.884125 0.053517 0.464176
vn 0.884125 0.053517 0.464176
vn 0.866165 0.089189 0.491736
vn 0.866165 0.089189 0.491736
vn 0.873156 0.058965 0.483861
vn 0.869570 0.105279 0.482458
vn -0.228678 0.881989 0.412070
vn -0.242812 0.884509 0.398353
vn -0.242812 0.884509 0.398353
vn -0.228931 0.882037 0.411828
vn -0.261655 0.883980 0.387449
vn -0.261655 0.883980 0.387449
vn -0.261655 0.883980 0.387449
vn -0.261655 0.883980 0.387449
vn -0.317192 0.867056 0.384192
vn -0.317192 0.867056 0.384192
vn -0.317192 0.867056 0.384192
vn -0.317192 0.867056 0.384192
vn 0.164981 -0.986287 -0.004443
vn 0.164981 -0.986287 -0.004443
vn 0.164981 -0.986287 -0.004443
vn 0.164981 -0.986287 -0.004443
vn 0.878937 0.118936 0.461870
vn 0.876551 0.134110 0.462247
vn 0.876551 0.134110 0.462247
vn 0.878946 0.118880 0.461868
vn 0.850444 -0.116209 0.513069
vn 0.850444 -0.116210 0.513069
vn 0.850444 -0.116210 0.513069
vn 0.850444 -0.116209 0.513069
vn 0.866940 -0.079988 0.491953
vn 0.866940 -0.079988 0.491953
vn 0.866940 -0.079988 0.491953
vn 0.866940 -0.079988 0.491953
vn -0.292067 0.761180 0.579053
vn -0.292067 0.761180 0.579053
vn -0.292067 0.761180 0.579053
vn -0.292067 0.761180 0.579053
vn 0.899368 0.042178 0.435154
vn 0.910276 0.036055 0.412430
vn 0.899677 0.042107 0.434521
vn 0.910240 0.035985 0.412514
vn 0.908817 0.033274 0.415865
vn 0.908817 0.033279 0.415866
vn 0.908785 0.033550 0.415913
vn 0.908785 0.033550 0.415913
vn 0.900131 0.049121 0.432840
vn 0.899707 0.049470 0.433683
vn 0.910381 0.037235 0.412092
vn 0.910328 0.037140 0.412218
vn 0.908554 0.034030 0.416379
vn 0.908554 0.034029 0.416380
vn 0.908554 0.034026 0.416379
vn 0.908554 0.034026 0.416379
vn 0.908556 0.034027 0.416376
vn 0.908556 0.034027 0.416376
vn -0.299616 0.759234 0.577749
vn -0.299616 0.759234 0.577749
vn -0.299616 0.759234 0.577749
vn -0.299616 0.759234 0.577749
vn 0.892680 0.013110 0.450501
vn 0.891170 0.008303 0.453594
vn 0.881853 0.035512 0.470185
vn 0.891170 0.008303 0.453594
vn 0.898232 0.031728 0.438376
vn 0.892680 0.013110 0.450501
vn 0.877931 0.045570 0.476614
vn 0.881853 0.035512 0.470185
vn 0.507485 0.427355 0.748216
vn 0.507485 0.427355 0.748216
vn 0.507485 0.427355 0.748216
vn 0.507485 0.427355 0.748216
vn 0.590892 0.437659 0.677718
vn 0.590892 0.437659 0.677718
vn 0.591637 0.438888 0.676271
vn 0.591538 0.438723 0.676466
vn 0.594600 0.443790 0.670449
vn 0.594600 0.443790 0.670449
vn 0.921950 -0.104280 0.373008
vn 0.924295 -0.100291 0.368268
vn 0.921949 -0.104280 0.373009
vn 0.928496 -0.083546 0.361823
vn 0.935299 -0.059330 0.348849
vn 0.936750 -0.077736 0.341258
vn 0.920466 -0.079728 0.382604
vn 0.920466 -0.079728 0.382604
vn 0.920466 -0.079728 0.382604
vn 0.920466 -0.079728 0.382604
vn -0.270179 0.808148 0.523355
vn -0.270179 0.808148 0.523355
vn -0.270179 0.808148 0.523355
vn -0.270179 0.808148 0.523355
vn -0.235034 -0.816755 0.526944
vn -0.235034 -0.816755 0.526944
vn -0.235034 -0.816755 0.526944
vn -0.235034 -0.816755 0.526944
vn 0.928496 -0.083546 0.361823
vn 0.934809 -0.053996 0.351021
vn 0.934809 -0.053996 0.351021
vn 0.935299 -0.059330 0.348849
vn -0.317941 0.658101 0.682508
vn -0.317941 0.658101 0.682508
vn -0.317941 0.658101 0.682508
vn -0.317941 0.658101 0.682508
vn -0.270094 0.808145 0.523404
vn -0.270094 0.808145 0.523404
vn -0.270094 0.808145 0.523404
vn -0.270094 0.808145 0.523404
vn 0.900052 0.044021 0.433553
vn 0.910033 0.036733 0.412905
vn 0.900442 0.043884 0.432757
vn 0.909995 0.036663 0.412996
vn 0.908549 0.034045 0.416390
vn 0.908549 0.034045 0.416390
vn 0.908550 0.034042 0.416387
vn 0.908550 0.034042 0.416387
vn 0.907584 0.036917 0.418245
vn 0.907584 0.036917 0.418245
vn 0.907584 0.036917 0.418245
vn 0.907584 0.036917 0.418245
vn 0.903550 0.053662 0.425109
vn 0.910478 0.036115 0.411977
vn 0.903841 0.053101 0.424561
vn 0.910428 0.036061 0.412092
vn 0.908555 0.034026 0.416377
vn 0.908555 0.034026 0.416377
vn 0.908555 0.034027 0.416378
vn 0.908555 0.034027 0.416378
vn 0.908554 0.034026 0.416379
vn 0.908554 0.034026 0.416379
vn -0.290065 0.773678 0.563280
vn -0.281571 0.789435 0.545445
vn -0.290065 0.773678 0.563280
vn -0.281524 0.789521 0.545345
vn -0.264847 0.818373 0.510022
vn -0.264897 0.818286 0.510135
vn -0.262239 0.822841 0.504147
vn -0.262239 0.822841 0.504147
vn -0.298338 0.770232 0.563682
vn -0.298338 0.770232 0.563682
vn -0.290932 0.779123 0.555271
vn -0.290078 0.780133 0.554299
vn -0.274560 0.799719 0.533916
vn -0.274283 0.800164 0.533392
vn -0.270260 0.806539 0.525790
vn -0.270260 0.806539 0.525790
vn 0.905506 0.060117 0.420054
vn 0.909479 0.038650 0.413951
vn 0.905606 0.059718 0.419894
vn 0.909458 0.038545 0.414005
vn 0.908554 0.034030 0.416379
vn 0.908555 0.034030 0.416378
vn 0.908553 0.034037 0.416382
vn 0.908553 0.034037 0.416382
vn 0.910486 0.060014 0.409163
vn 0.910459 0.060396 0.409166
vn 0.910488 0.039121 0.411681
vn 0.910451 0.039023 0.411772
vn 0.908548 0.034048 0.416392
vn 0.908548 0.034048 0.416392
vn 0.908549 0.034047 0.416388
vn 0.908549 0.034047 0.416388
vn 0.906281 0.058528 0.418604
vn 0.909594 0.038486 0.413713
vn 0.906360 0.058183 0.418480
vn 0.909569 0.038378 0.413778
vn 0.908555 0.034025 0.416379
vn 0.908554 0.034025 0.416380
vn 0.908553 0.034027 0.416381
vn 0.908553 0.034027 0.416381
vn 0.231584 0.655493 0.718817
vn 0.231584 0.655492 0.718818
vn 0.231584 0.655493 0.718817
vn 0.231584 0.655492 0.718818
vn 0.264746 0.712654 0.649642
vn 0.264746 0.712654 0.649642
vn 0.264746 0.712654 0.649642
vn 0.264746 0.712654 0.649642
vn 0.237970 0.648196 0.723334
vn 0.237970 0.648196 0.723334
vn 0.237970 0.648196 0.723334
vn 0.237970 0.648196 0.723334
vn -0.314564 0.671179 0.671244
vn -0.314564 0.671179 0.671244
vn -0.314564 0.671179 0.671244
vn -0.314564 0.671179 0.671244
vn 0.155624 -0.783107 -0.602101
vn 0.155624 -0.783107 -0.602101
vn 0.155624 -0.783107 -0.602101
vn 0.155625 -0.783107 -0.602101
vn 0.209501 -0.809249 -0.548840
vn 0.209501 -0.809249 -0.548840
vn 0.209501 -0.809249 -0.548840
vn 0.209501 -0.809249 -0.548840
vn 0.553278 0.599336 0.578516
vn 0.553278 0.599336 0.578516
vn 0.553278 0.599336 0.578516
vn 0.553278 0.599336 0.578516
vn 0.464295 -0.863666 -0.196242
vn 0.464295 -0.863666 -0.196242
vn 0.464295 -0.863666 -0.196242
vn 0.464295 -0.863666 -0.196242
vn 0.186025 -0.966709 -0.175694
vn 0.186025 -0.966709 -0.175694
vn 0.186025 -0.966709 -0.175694
vn 0.186025 -0.966709 -0.175694
vn 0.393032 0.240195 -0.887599
vn 0.393032 0.240195 -0.887599
vn 0.393032 0.240195 -0.887599
vn 0.393032 0.240195 -0.887599
vn 0.268595 -0.808218 -0.524062
vn 0.268595 -0.808218 -0.524062
vn 0.268595 -0.808218 -0.524062
vn 0.268595 -0.808218 -0.524062
vn 0.287688 -0.770924 -0.568253
vn 0.287688 -0.770924 -0.568253
vn 0.287688 -0.770924 -0.568253
vn 0.287688 -0.770924 -0.568253
vn 0.333247 -0.660102 -0.673210
vn 0.333247 -0.660102 -0.673210
vn 0.333247 -0.660102 -0.673210
vn 0.333247 -0.660102 -0.673210
vn 0.292111 -0.762463 -0.577341
vn 0.292111 -0.762463 -0.577341
vn 0.292111 -0.762463 -0.577341
vn 0.292111 -0.762463 -0.577341
vn 0.264201 -0.817544 -0.511684
vn 0.264201 -0.817544 -0.511684
vn 0.264201 -0.817544 -0.511684
vn 0.264201 -0.817544 -0.511684
vn 0.246004 -0.883851 -0.397856
vn 0.246004 -0.883851 -0.397856
vn 0.246004 -0.883851 -0.397856
vn 0.246004 -0.883851 -0.397856
vn 0.502980 0.531807 0.681317
vn 0.502980 0.531807 0.681317
vn 0.502980 0.531807 0.681317
vn 0.502980 0.531807 0.681317
vn 0.610752 0.636450 0.471077
vn 0.610752 0.636450 0.471077
vn 0.610752 0.636450 0.471077
vn 0.610752 0.636450 0.471077
vn 0.170569 -0.984606 -0.038180
vn 0.170569 -0.984606 -0.038180
vn 0.170569 -0.984606 -0.038180
vn 0.170569 -0.984606 -0.038180
vn 0.885175 0.117859 0.450082
vn 0.900350 0.087535 0.426273
vn 0.885581 0.117208 0.449455
vn 0.900661 0.086812 0.425762
vn 0.908887 0.061206 0.412527
vn 0.908926 0.060878 0.412490
vn 0.439167 0.151567 -0.885528
vn 0.439167 0.151567 -0.885528
vn 0.439167 0.151567 -0.885528
vn 0.439167 0.151567 -0.885528
vn 0.708308 -0.700780 -0.084898
vn 0.708308 -0.700780 -0.084898
vn 0.708308 -0.700780 -0.084898
vn 0.708308 -0.700780 -0.084898
vn 0.586264 -0.796948 0.145492
vn 0.586264 -0.796948 0.145492
vn 0.586264 -0.796948 0.145492
vn 0.586264 -0.796948 0.145492
vn 0.541932 -0.815826 0.201838
vn 0.541932 -0.815826 0.201838
vn 0.541932 -0.815826 0.201838
vn 0.541932 -0.815826 0.201838
vn 0.903171 0.074339 0.422795
vn 0.909773 0.039142 0.413257
vn 0.903307 0.073779 0.422603
vn 0.909760 0.039086 0.413290
vn 0.908549 0.034041 0.416390
vn 0.908549 0.034041 0.416389
vn 0.908547 0.034049 0.416393
vn 0.908547 0.034049 0.416393
vn 0.747118 -0.607487 -0.269766
vn 0.747118 -0.607487 -0.269766
vn 0.747118 -0.607487 -0.269766
vn 0.747118 -0.607487 -0.269766
vn 0.908926 0.060878 0.412490
vn 0.908887 0.061206 0.412527
vn 0.910126 0.039265 0.412468
vn 0.910103 0.039187 0.412526
vn 0.908553 0.034033 0.416382
vn 0.908553 0.034033 0.416382
vn 0.908552 0.034031 0.416383
vn 0.908552 0.034031 0.416383
vn 0.707668 -0.676557 -0.203659
vn 0.707668 -0.676557 -0.203659
vn 0.707668 -0.676557 -0.203659
vn 0.707668 -0.676557 -0.203659
vn 0.726078 -0.634363 -0.265319
vn 0.726078 -0.634363 -0.265319
vn 0.726078 -0.634363 -0.265319
vn 0.726078 -0.634363 -0.265319
vn -0.030095 -0.993968 0.105459
vn -0.030095 -0.993968 0.105459
vn -0.030095 -0.993968 0.105459
vn -0.030095 -0.993968 0.105459
vn 0.105689 -0.988867 0.104750
vn 0.105689 -0.988867 0.104750
vn 0.105689 -0.988867 0.104750
vn 0.105689 -0.988867 0.104750
vn -0.303509 -0.951283 -0.054249
vn -0.303509 -0.951283 -0.054249
vn -0.303509 -0.951283 -0.054249
vn -0.303509 -0.951283 -0.054249
vn -0.873765 -0.146751 -0.463680
vn -0.880535 -0.115818 -0.459613
vn -0.873944 -0.146139 -0.463536
vn -0.863122 -0.181007 -0.471442
vn -0.863122 -0.181007 -0.471442
vn -0.171952 -0.906358 -0.385937
vn -0.171952 -0.906358 -0.385937
vn -0.171952 -0.906358 -0.385937
vn -0.171952 -0.906358 -0.385937
vn 0.267736 -0.813190 -0.516759
vn 0.277743 -0.794625 -0.539843
vn 0.267736 -0.813190 -0.516759
vn 0.277658 -0.794789 -0.539646
vn 0.286237 -0.777824 -0.559516
vn 0.286237 -0.777824 -0.559516
vn -0.139463 -0.923074 0.358448
vn -0.139463 -0.923074 0.358448
vn -0.139463 -0.923074 0.358448
vn -0.139463 -0.923074 0.358448
vn 0.131597 -0.988830 0.069982
vn 0.131597 -0.988830 0.069982
vn 0.131597 -0.988830 0.069982
vn 0.131597 -0.988830 0.069982
vn -0.046945 -0.946821 0.318319
vn -0.012622 -0.936901 0.349366
vn -0.012622 -0.936901 0.349366
vn -0.041057 -0.945268 0.323703
vn -0.062861 -0.952788 0.297057
vn -0.060810 -0.951557 0.301400
vn -0.072433 -0.958234 0.276662
vn -0.255631 -0.914608 0.313282
vn -0.255631 -0.914608 0.313282
vn -0.255631 -0.914608 0.313282
vn -0.255631 -0.914608 0.313282
vn 0.048316 -0.998019 -0.040294
vn 0.048316 -0.998019 -0.040294
vn 0.048316 -0.998019 -0.040294
vn 0.048316 -0.998019 -0.040294
vn -0.321660 -0.602014 0.730831
vn -0.321659 -0.602014 0.730831
vn -0.321659 -0.602014 0.730831
vn -0.321659 -0.602014 0.730831
vn 0.086950 0.010049 0.996162
vn 0.086950 0.010049 0.996162
vn 0.086950 0.010049 0.996162
vn 0.086950 0.010049 0.996162
vn -0.122302 -0.531494 0.838186
vn -0.122302 -0.531494 0.838186
vn -0.122302 -0.531494 0.838186
vn -0.122302 -0.531494 0.838186
vn -0.143690 -0.914435 0.378367
vn -0.143690 -0.914435 0.378367
vn -0.143690 -0.914435 0.378367
vn -0.143690 -0.914435 0.378367
vn -0.076939 0.025843 0.996701
vn -0.076939 0.025843 0.996701
vn -0.076943 0.025840 0.996701
vn -0.076944 0.025837 0.996701
vn -0.076940 0.025834 0.996701
vn -0.076745 0.025780 0.996718
vn -0.076939 0.025838 0.996701
vn -0.076727 0.025839 0.996717
vn -0.484792 -0.160906 0.859701
vn -0.484792 -0.160906 0.859701
vn -0.484792 -0.160906 0.859701
vn -0.484792 -0.160906 0.859701
vn -0.039050 -0.984193 0.172742
vn -0.039050 -0.984193 0.172742
vn -0.039050 -0.984193 0.172742
vn -0.039050 -0.984193 0.172742
vn 0.108846 -0.986938 0.118768
vn 0.108846 -0.986938 0.118768
vn 0.108846 -0.986938 0.118768
vn 0.108846 -0.986938 0.118768
vn 0.171145 -0.984471 -0.039056
vn 0.171144 -0.984472 -0.039056
vn 0.171145 -0.984471 -0.039056
vn 0.171144 -0.984472 -0.039056
vn -0.566517 -0.196241 0.800343
vn -0.566517 -0.196241 0.800343
vn -0.566517 -0.196241 0.800343
vn -0.566517 -0.196241 0.800343
vn -0.908560 -0.034011 -0.416368
vn -0.908555 -0.034025 -0.416378
vn -0.908560 -0.034011 -0.416368
vn -0.908555 -0.034025 -0.416378
vn -0.755177 0.655089 0.023801
vn -0.755177 0.655089 0.023801
vn -0.755177 0.655089 0.023801
vn -0.755177 0.655089 0.023801
vn -0.704207 0.702612 -0.102122
vn -0.704207 0.702612 -0.102122
vn -0.704207 0.702612 -0.102122
vn -0.704207 0.702612 -0.102122
vn -0.501911 0.845443 -0.182516
vn -0.501911 0.845443 -0.182516
vn -0.501911 0.845443 -0.182516
vn -0.501911 0.845443 -0.182516
vn -0.724161 0.689329 0.020411
vn -0.724161 0.689329 0.020411
vn -0.724161 0.689329 0.020411
vn -0.724161 0.689329 0.020411
vn -0.650963 0.650006 -0.392098
vn -0.650963 0.650006 -0.392098
vn -0.650963 0.650006 -0.392098
vn -0.650963 0.650006 -0.392098
vn -0.789872 0.604385 -0.104022
vn -0.789872 0.604385 -0.104022
vn -0.789872 0.604385 -0.104022
vn -0.789872 0.604385 -0.104022
vn -0.721207 0.550806 -0.420088
vn -0.721207 0.550806 -0.420088
vn -0.721207 0.550806 -0.420088
vn -0.721207 0.550806 -0.420088
vn -0.077957 0.551519 -0.830512
vn -0.050291 0.545922 -0.836326
vn -0.083160 0.552522 -0.829340
vn -0.050291 0.545922 -0.836326
vn 0.000060 0.937447 0.348128
vn 0.000060 0.937447 0.348128
vn 0.000060 0.937447 0.348128
vn 0.000060 0.937447 0.348128
vn -0.730491 0.652105 0.202836
vn -0.730491 0.652105 0.202836
vn -0.730491 0.652105 0.202836
vn -0.730491 0.652105 0.202836
vn -0.735677 0.611200 0.291914
vn -0.735677 0.611200 0.291914
vn -0.735677 0.611200 0.291914
vn -0.735677 0.611200 0.291914
vn 0.452430 0.189316 0.871474
vn 0.452430 0.189316 0.871474
vn 0.452430 0.189316 0.871474
vn 0.452430 0.189316 0.871474
vn 0.603951 0.393763 0.692960
vn 0.603951 0.393763 0.692960
vn 0.603951 0.393763 0.692960
vn 0.603951 0.393763 0.692960
vn -0.923349 0.383936 0.004370
vn -0.923349 0.383936 0.004370
vn -0.923349 0.383936 0.004370
vn -0.923349 0.383936 0.004370
vn 0.693545 -0.058263 0.718054
vn 0.693545 -0.058263 0.718054
vn 0.693545 -0.058263 0.718054
vn 0.693545 -0.058263 0.718054
vn -0.792945 0.598354 0.114937
vn -0.792945 0.598354 0.114937
vn -0.792945 0.598354 0.114937
vn -0.792945 0.598354 0.114937
vn -0.653035 0.757067 0.019893
vn -0.653035 0.757067 0.019893
vn -0.673464 0.738683 0.028184
vn -0.678420 0.734052 0.030227
vn -0.696711 0.716352 0.037876
vn -0.696711 0.716352 0.037876
vn 0.652594 -0.162584 0.740059
vn 0.652594 -0.162584 0.740059
vn 0.652594 -0.162584 0.740059
vn 0.652594 -0.162584 0.740059
vn 0.836140 0.217654 0.503485
vn 0.836140 0.217654 0.503485
vn 0.836140 0.217654 0.503485
vn 0.836140 0.217654 0.503485
vn -0.267963 0.633649 0.725731
vn -0.267963 0.633649 0.725731
vn -0.267963 0.633649 0.725731
vn -0.267963 0.633649 0.725731
vn -0.135816 0.807210 0.574427
vn -0.135816 0.807210 0.574427
vn -0.135816 0.807210 0.574427
vn -0.135816 0.807210 0.574427
vn -0.963514 0.025136 -0.266475
vn -0.963514 0.025136 -0.266475
vn -0.963514 0.025136 -0.266475
vn -0.963514 0.025136 -0.266475
vn -0.992796 0.114383 -0.035664
vn -0.992796 0.114383 -0.035664
vn -0.992796 0.114383 -0.035664
vn -0.992796 0.114383 -0.035664
vn 0.025307 0.817823 0.574913
vn 0.025307 0.817823 0.574913
vn 0.025307 0.817823 0.574913
vn 0.025307 0.817823 0.574913
vn -0.914477 0.398258 0.071566
vn -0.913362 0.401482 0.067698
vn -0.914477 0.398258 0.071566
vn -0.912977 0.402576 0.066383
vn -0.910138 0.410371 0.056957
vn -0.910138 0.410371 0.056957
vn 0.880608 0.100921 0.462973
vn 0.886997 0.127326 0.443874
vn 0.882814 0.109605 0.456757
vn 0.886997 0.127326 0.443874
vn -0.322635 0.891698 -0.317462
vn -0.322635 0.891698 -0.317462
vn -0.322635 0.891698 -0.317462
vn -0.322635 0.891698 -0.317462
vn -0.615565 0.784518 -0.074909
vn -0.615565 0.784518 -0.074909
vn -0.615565 0.784518 -0.074909
vn -0.615565 0.784518 -0.074909
vn 0.673468 0.555593 0.487603
vn 0.673468 0.555593 0.487603
vn 0.673468 0.555593 0.487603
vn 0.673468 0.555593 0.487603
vn 0.601280 0.236699 0.763175
vn 0.601280 0.236699 0.763175
vn 0.601280 0.236699 0.763175
vn 0.601280 0.236699 0.763175
vn 0.514740 0.470783 0.716524
vn 0.514740 0.470783 0.716524
vn 0.514740 0.470783 0.716524
vn 0.514740 0.470783 0.716524
vn 0.512971 0.424085 0.746333
vn 0.512971 0.424085 0.746333
vn 0.512971 0.424085 0.746333
vn 0.512971 0.424085 0.746333
vn 0.926580 0.338381 0.164155
vn 0.926580 0.338381 0.164155
vn 0.926580 0.338381 0.164155
vn 0.926580 0.338381 0.164155
vn -0.219962 0.803715 0.552865
vn -0.220268 0.803672 0.552805
vn -0.209921 0.805069 0.554796
vn -0.209921 0.805068 0.554796
vn 0.690563 0.594666 0.411699
vn 0.690563 0.594666 0.411699
vn 0.690563 0.594666 0.411699
vn 0.690563 0.594666 0.411699
vn 0.790099 0.570832 0.223371
vn 0.790099 0.570832 0.223371
vn 0.790099 0.570832 0.223371
vn 0.790099 0.570832 0.223371
vn -0.825644 0.373133 -0.423184
vn -0.825644 0.373133 -0.423184
vn -0.825644 0.373133 -0.423184
vn -0.825644 0.373133 -0.423184
vn 0.476693 0.030651 0.878536
vn 0.476693 0.030651 0.878536
vn 0.476693 0.030651 0.878536
vn 0.476693 0.030651 0.878536
vn -0.112902 0.847801 0.518157
vn -0.112902 0.847801 0.518157
vn -0.112902 0.847801 0.518157
vn -0.112902 0.847801 0.518157
vn -0.742866 0.374993 -0.554555
vn -0.742866 0.374993 -0.554555
vn -0.742866 0.374993 -0.554555
vn -0.742866 0.374993 -0.554555
vn 0.722416 0.172527 0.669589
vn 0.722416 0.172527 0.669589
vn 0.722416 0.172527 0.669589
vn 0.722416 0.172527 0.669589
vn -0.419035 0.845409 0.331199
vn -0.419035 0.845409 0.331199
vn -0.419035 0.845409 0.331199
vn -0.419035 0.845409 0.331199
vn -0.018103 0.848390 0.529063
vn -0.018103 0.848390 0.529063
vn -0.018103 0.848390 0.529063
vn -0.018103 0.848390 0.529063
vn 0.610160 0.382068 0.694067
vn 0.610160 0.382068 0.694067
vn 0.610160 0.382068 0.694067
vn 0.610160 0.382068 0.694067
vn -0.719210 0.612190 0.328574
vn -0.719210 0.612190 0.328574
vn -0.719210 0.612190 0.328574
vn -0.719210 0.612190 0.328574
vn -0.458550 0.363018 -0.811141
vn -0.458550 0.363018 -0.811141
vn -0.468863 0.358221 -0.807369
vn -0.468956 0.358177 -0.807335
vn -0.473624 0.355978 -0.805581
vn -0.473624 0.355978 -0.805581
vn 0.338341 0.439381 -0.832148
vn 0.338341 0.439381 -0.832148
vn 0.338341 0.439381 -0.832148
vn 0.338341 0.439381 -0.832148
vn 0.455555 0.183225 0.871148
vn 0.455555 0.183225 0.871148
vn 0.455555 0.183225 0.871148
vn 0.455555 0.183225 0.871148
vn -0.703872 0.671194 0.232514
vn -0.703872 0.671194 0.232514
vn -0.703872 0.671194 0.232514
vn -0.703872 0.671194 0.232514
vn -0.245018 0.730334 -0.637635
vn -0.245018 0.730333 -0.637636
vn -0.245018 0.730334 -0.637635
vn -0.245018 0.730334 -0.637635
vn 0.816269 0.167585 -0.552829
vn 0.816269 0.167585 -0.552829
vn 0.816269 0.167585 -0.552829
vn 0.816269 0.167585 -0.552829
vn -0.295378 0.474675 -0.829118
vn -0.327419 0.480192 -0.813764
vn -0.295378 0.474675 -0.829118
vn -0.326082 0.479973 -0.814430
vn 0.118510 0.459238 -0.880373
vn 0.118510 0.459238 -0.880373
vn 0.118510 0.459238 -0.880373
vn 0.118510 0.459238 -0.880373
vn 0.451339 0.057004 0.890530
vn 0.451339 0.057004 0.890530
vn 0.451339 0.057004 0.890530
vn 0.451339 0.057004 0.890530
vn 0.843112 0.347217 0.410613
vn 0.843112 0.347217 0.410613
vn 0.843112 0.347217 0.410613
vn 0.843112 0.347217 0.410613
vn 0.576173 0.720472 -0.385933
vn 0.576173 0.720472 -0.385933
vn 0.576173 0.720472 -0.385933
vn 0.576173 0.720472 -0.385933
vn 0.902291 0.155341 0.402169
vn 0.902291 0.155341 0.402169
vn 0.902291 0.155341 0.402169
vn 0.902291 0.155341 0.402169
vn 0.892998 0.045947 0.447709
vn 0.903565 0.041538 0.426434
vn 0.892998 0.045947 0.447709
vn 0.905200 0.040833 0.423019
vn 0.909167 0.039096 0.414592
vn 0.909167 0.039095 0.414592
vn -0.097311 0.976474 0.192431
vn -0.097311 0.976474 0.192431
vn -0.097311 0.976474 0.192431
vn -0.097311 0.976474 0.192431
vn -0.310437 0.803751 0.507556
vn -0.310437 0.803751 0.507556
vn -0.310437 0.803751 0.507556
vn -0.310437 0.803751 0.507556
vn 0.201298 0.633027 -0.747500
vn 0.201298 0.633027 -0.747500
vn 0.201298 0.633027 -0.747500
vn 0.201298 0.633027 -0.747500
vn -0.713898 0.697777 0.058801
vn -0.713898 0.697777 0.058801
vn -0.713898 0.697777 0.058801
vn -0.713898 0.697777 0.058801
vn 0.353555 0.766779 0.535770
vn 0.353555 0.766779 0.535770
vn 0.353555 0.766779 0.535770
vn 0.353555 0.766779 0.535770
vn -0.388115 -0.219189 0.895167
vn -0.388115 -0.219189 0.895167
vn -0.388115 -0.219189 0.895167
vn -0.388115 -0.219189 0.895167
vn -0.199269 -0.190457 0.961258
vn -0.199269 -0.190457 0.961258
vn -0.199269 -0.190457 0.961258
vn -0.199269 -0.190457 0.961258
vn -0.578369 -0.193152 0.792580
vn -0.578369 -0.193152 0.792580
vn -0.578408 -0.193144 0.792553
vn -0.578402 -0.193145 0.792557
vn -0.579531 -0.192909 0.791789
vn -0.579531 -0.192909 0.791789
vn -0.954370 -0.051849 0.294093
vn -0.954370 -0.051849 0.294093
vn -0.954370 -0.051849 0.294093
vn -0.954370 -0.051849 0.294093
vn 0.721516 0.599838 0.345845
vn 0.721516 0.599838 0.345845
vn 0.721516 0.599838 0.345845
vn 0.721516 0.599838 0.345845
vn 0.619329 0.569203 0.540777
vn 0.619329 0.569203 0.540777
vn 0.619329 0.569203 0.540777
vn 0.619329 0.569203 0.540777
vn -0.798772 0.393338 -0.455246
vn -0.798772 0.393338 -0.455246
vn -0.798772 0.393338 -0.455246
vn -0.798772 0.393338 -0.455246
vn -0.875147 0.352689 -0.331252
vn -0.875147 0.352689 -0.331252
vn -0.875147 0.352689 -0.331252
vn -0.875147 0.352689 -0.331252
vn -0.070936 0.647949 -0.758374
vn -0.070936 0.647949 -0.758373
vn -0.070936 0.647949 -0.758374
vn -0.070936 0.647949 -0.758374
vn -0.462767 0.877711 -0.124381
vn -0.462767 0.877711 -0.124381
vn -0.462767 0.877711 -0.124381
vn -0.462767 0.877711 -0.124381
vn 0.646095 0.529137 0.550068
vn 0.646095 0.529137 0.550068
vn 0.646095 0.529137 0.550068
vn 0.646095 0.529137 0.550068
vn -0.848932 0.397513 -0.348279
vn -0.855062 0.387983 -0.344004
vn -0.848797 0.397720 -0.348372
vn -0.855062 0.387983 -0.344004
vn 0.317074 0.741913 -0.590787
vn 0.317074 0.741913 -0.590787
vn 0.317073 0.741914 -0.590786
vn 0.317073 0.741914 -0.590786
vn -0.357662 0.807823 -0.468508
vn -0.357662 0.807823 -0.468508
vn -0.357662 0.807823 -0.468508
vn -0.357662 0.807823 -0.468508
vn 0.585176 0.123365 0.801468
vn 0.585176 0.123365 0.801468
vn 0.585176 0.123365 0.801468
vn 0.585176 0.123365 0.801468
vn -0.902573 -0.154756 -0.401763
vn -0.902573 -0.154756 -0.401763
vn -0.902573 -0.154756 -0.401763
vn -0.902573 -0.154756 -0.401763
vn -0.892090 -0.044571 -0.449654
vn -0.892090 -0.044571 -0.449654
vn -0.905038 -0.040571 -0.423391
vn -0.903394 -0.041095 -0.426837
vn 0.419716 0.785475 0.454827
vn 0.419716 0.785475 0.454827
vn 0.419716 0.785475 0.454827
vn 0.419716 0.785475 0.454827
vn -0.935442 0.318114 0.154116
vn -0.935442 0.318114 0.154116
vn -0.935442 0.318114 0.154116
vn -0.935442 0.318114 0.154116
vn -0.810061 0.386952 -0.440534
vn -0.810061 0.386952 -0.440534
vn -0.810061 0.386952 -0.440534
vn -0.810061 0.386952 -0.440534
vn -0.103845 0.759872 -0.641725
vn -0.103845 0.759872 -0.641725
vn -0.103845 0.759872 -0.641725
vn -0.103845 0.759872 -0.641725
vn 0.135547 0.796554 -0.589177
vn 0.135547 0.796554 -0.589177
vn 0.135547 0.796554 -0.589177
vn 0.135547 0.796554 -0.589177
vn 0.474591 0.300448 0.827342
vn 0.474591 0.300448 0.827342
vn 0.474591 0.300448 0.827342
vn 0.474591 0.300448 0.827342
vn 0.672882 0.549833 -0.494888
vn 0.672882 0.549833 -0.494888
vn 0.672882 0.549833 -0.494888
vn 0.672882 0.549833 -0.494888
vn 0.870125 0.475019 -0.131303
vn 0.870125 0.475019 -0.131303
vn 0.870125 0.475019 -0.131303
vn 0.870125 0.475019 -0.131303
vn -0.937993 0.341527 0.059394
vn -0.937993 0.341527 0.059394
vn -0.937993 0.341527 0.059394
vn -0.937993 0.341527 0.059394
vn 0.728662 0.427337 0.535196
vn 0.727165 0.424831 0.539213
vn 0.728662 0.427337 0.535196
vn 0.726473 0.423681 0.541046
vn 0.721529 0.415565 0.553807
vn 0.721529 0.415565 0.553807
vn -0.954940 0.257489 0.147608
vn -0.954940 0.257489 0.147608
vn -0.954940 0.257489 0.147608
vn -0.954940 0.257489 0.147608
vn 0.319381 0.814608 0.484159
vn 0.319381 0.814608 0.484159
vn 0.319381 0.814608 0.484159
vn 0.319381 0.814608 0.484159
vn -0.958065 -0.157516 0.239376
vn -0.958065 -0.157516 0.239376
vn -0.958065 -0.157516 0.239376
vn -0.958065 -0.157516 0.239376
vn -0.965201 -0.258059 0.042353
vn -0.965201 -0.258059 0.042353
vn -0.965201 -0.258059 0.042353
vn -0.965201 -0.258059 0.042353
vn 0.701583 0.291907 0.650056
vn 0.701583 0.291907 0.650056
vn 0.701583 0.291907 0.650056
vn 0.701583 0.291907 0.650056
vn 0.900151 0.017202 0.435239
vn 0.902285 0.015156 0.430874
vn 0.903535 0.018659 0.428109
vn 0.902285 0.015156 0.430874
vn 0.914344 0.001903 0.404934
vn 0.914344 0.001903 0.404934
vn 0.914344 0.001903 0.404934
vn 0.914344 0.001903 0.404934
vn 0.909309 0.035602 0.414595
vn 0.898726 0.018387 0.438126
vn 0.903535 0.018659 0.428109
vn 0.900151 0.017202 0.435239
vn 0.896967 0.015655 0.441820
vn 0.896967 0.015655 0.441820
vn 0.453618 0.556157 0.696362
vn 0.453618 0.556157 0.696362
vn 0.453618 0.556157 0.696362
vn 0.453618 0.556157 0.696362
vn 0.499518 0.654572 0.567466
vn 0.499518 0.654572 0.567466
vn 0.499518 0.654572 0.567466
vn 0.499518 0.654572 0.567466
vn 0.375612 0.280956 -0.883164
vn 0.375612 0.280956 -0.883164
vn 0.375612 0.280956 -0.883164
vn 0.375612 0.280956 -0.883164
vn 0.312045 0.600893 -0.735905
vn 0.312045 0.600893 -0.735905
vn 0.312045 0.600893 -0.735905
vn 0.312045 0.600893 -0.735905
vn 0.517405 0.520040 0.679596
vn 0.517707 0.513931 0.683999
vn 0.517405 0.520040 0.679596
vn 0.517706 0.513951 0.683985
vn 0.517752 0.512962 0.684692
vn 0.517752 0.512962 0.684692
vn 0.708595 0.671683 0.216182
vn 0.708595 0.671683 0.216182
vn 0.708595 0.671683 0.216182
vn 0.708595 0.671683 0.216182
vn 0.908117 0.038202 0.416969
vn 0.908205 0.038267 0.416772
vn 0.908118 0.038203 0.416967
vn 0.908115 0.038200 0.416976
vn 0.908115 0.038200 0.416976
vn -0.282759 -0.712361 0.642331
vn -0.282759 -0.712361 0.642331
vn -0.282759 -0.712361 0.642331
vn -0.282759 -0.712361 0.642331
vn 0.891216 0.040340 0.451783
vn 0.891216 0.040340 0.451783
vn 0.891216 0.040340 0.451783
vn 0.891216 0.040340 0.451783
vn -0.908555 -0.034030 -0.416378
vn -0.908557 -0.034018 -0.416374
vn -0.908555 -0.034030 -0.416378
vn -0.908557 -0.034018 -0.416374
vn -0.910375 -0.039125 -0.411929
vn -0.910349 -0.039051 -0.411994
vn -0.910697 -0.060371 -0.408639
vn -0.910709 -0.060071 -0.408657
vn -0.727822 0.624071 0.284273
vn -0.727822 0.624071 0.284273
vn -0.727822 0.624071 0.284273
vn -0.727822 0.624071 0.284273
vn -0.908555 -0.034027 -0.416378
vn -0.908555 -0.034027 -0.416378
vn -0.908555 -0.034027 -0.416378
vn -0.908555 -0.034027 -0.416378
vn -0.910047 -0.039276 -0.412639
vn -0.910030 -0.039214 -0.412683
vn -0.909083 -0.060918 -0.412138
vn -0.909056 -0.061183 -0.412157
vn 0.138073 0.671920 -0.727640
vn 0.138073 0.671920 -0.727640
vn 0.138073 0.671920 -0.727640
vn 0.138073 0.671920 -0.727640
vn 0.480790 0.726832 -0.490466
vn 0.481865 0.725482 -0.491408
vn 0.480790 0.726832 -0.490466
vn 0.482227 0.725027 -0.491725
vn -0.738586 0.610670 0.285611
vn -0.738586 0.610670 0.285611
vn -0.738586 0.610670 0.285611
vn -0.738586 0.610670 0.285611
vn 0.648894 0.637869 -0.414802
vn 0.648894 0.637869 -0.414802
vn 0.648894 0.637869 -0.414802
vn 0.648894 0.637869 -0.414802
vn -0.704154 0.679499 0.206031
vn -0.704154 0.679499 0.206031
vn -0.704154 0.679499 0.206031
vn -0.704154 0.679499 0.206031
vn 0.017497 0.591436 -0.806162
vn 0.017497 0.591436 -0.806162
vn 0.017497 0.591436 -0.806162
vn 0.017497 0.591436 -0.806162
vn 0.604983 0.622356 -0.496658
vn 0.605263 0.620193 -0.499016
vn 0.603125 0.635503 -0.482055
vn 0.603125 0.635503 -0.482055
vn 0.888273 -0.104243 0.447330
vn 0.888273 -0.104243 0.447330
vn 0.888273 -0.104243 0.447330
vn 0.888273 -0.104243 0.447330
vn 0.656537 -0.149560 0.739318
vn 0.656537 -0.149560 0.739318
vn 0.656536 -0.149561 0.739318
vn 0.656536 -0.149561 0.739318
vn 0.650639 0.512731 -0.560157
vn 0.650639 0.512731 -0.560157
vn 0.650639 0.512731 -0.560157
vn 0.650639 0.512731 -0.560157
vn 0.878645 0.117064 0.462903
vn 0.878645 0.117064 0.462903
vn 0.875717 0.086922 0.474936
vn 0.876745 0.096473 0.471181
vn 0.312739 -0.830666 -0.460639
vn 0.312739 -0.830666 -0.460639
vn 0.312739 -0.830666 -0.460639
vn 0.312739 -0.830666 -0.460639
vn 0.470981 0.541603 -0.696307
vn 0.477693 0.532247 -0.698944
vn 0.477693 0.532247 -0.698944
vn 0.459746 0.556897 -0.691737
vn 0.423427 0.352370 -0.834593
vn 0.423427 0.352370 -0.834593
vn 0.423427 0.352370 -0.834593
vn 0.423427 0.352370 -0.834593
vn 0.014265 0.700533 -0.713478
vn 0.014265 0.700533 -0.713478
vn 0.014265 0.700533 -0.713478
vn 0.014265 0.700533 -0.713478
vn 0.353782 0.069181 -0.932766
vn 0.353783 0.069181 -0.932766
vn 0.353782 0.069181 -0.932766
vn 0.353783 0.069181 -0.932766
vn 0.596548 -0.668721 -0.443783
vn 0.596548 -0.668721 -0.443783
vn 0.596548 -0.668721 -0.443783
vn 0.596548 -0.668721 -0.443783
vn -0.187648 0.421480 -0.887211
vn -0.187648 0.421480 -0.887211
vn -0.187648 0.421480 -0.887211
vn -0.187648 0.421480 -0.887211
vn 0.909318 0.035623 0.414574
vn 0.909254 0.035890 0.414692
vn 0.909318 0.035623 0.414574
vn 0.909243 0.036543 0.414658
vn 0.909205 0.037997 0.414611
vn 0.909190 0.037280 0.414709
vn 0.909212 0.038168 0.414580
vn 0.902058 0.055766 0.427997
vn 0.902058 0.055767 0.427997
vn 0.312298 -0.710653 -0.630430
vn 0.312298 -0.710653 -0.630430
vn 0.312298 -0.710653 -0.630430
vn 0.312298 -0.710653 -0.630430
vn 0.726462 -0.568568 -0.385985
vn 0.726462 -0.568568 -0.385985
vn 0.726462 -0.568568 -0.385985
vn 0.726462 -0.568568 -0.385985
vn 0.493444 -0.845190 -0.205348
vn 0.493444 -0.845190 -0.205348
vn 0.493444 -0.845190 -0.205348
vn 0.493444 -0.845190 -0.205348
vn 0.246760 0.317404 -0.915622
vn 0.246760 0.317404 -0.915622
vn 0.246760 0.317404 -0.915622
vn 0.246760 0.317404 -0.915622
vn 0.304448 -0.722862 -0.620308
vn 0.304481 -0.722781 -0.620386
vn 0.306754 -0.717108 -0.625827
vn 0.306754 -0.717108 -0.625827
vn 0.326443 0.470433 -0.819834
vn 0.326421 0.470458 -0.819829
vn 0.326443 0.470433 -0.819834
vn 0.326423 0.470456 -0.819829
vn 0.326416 0.470452 -0.819834
vn 0.326416 0.470456 -0.819832
vn 0.326410 0.470414 -0.819858
vn 0.326410 0.470414 -0.819858
vn 0.150509 0.520611 -0.840423
vn 0.150509 0.520611 -0.840423
vn 0.150509 0.520611 -0.840423
vn 0.150509 0.520611 -0.840423
vn 0.426540 0.281391 -0.859583
vn 0.426540 0.281391 -0.859583
vn 0.426540 0.281391 -0.859583
vn 0.426540 0.281391 -0.859583
vn 0.172791 0.899053 -0.402303
vn 0.172791 0.899053 -0.402303
vn 0.172791 0.899053 -0.402303
vn 0.172791 0.899053 -0.402303
vn 0.379663 0.923673 -0.051803
vn 0.379664 0.923673 -0.051803
vn 0.379663 0.923673 -0.051803
vn 0.379664 0.923673 -0.051803
vn 0.541737 -0.820460 -0.182664
vn 0.541737 -0.820460 -0.182664
vn 0.541737 -0.820460 -0.182664
vn 0.541737 -0.820460 -0.182664
vn -0.017632 0.552576 -0.833276
vn -0.017632 0.552576 -0.833276
vn -0.017632 0.552576 -0.833276
vn -0.017632 0.552576 -0.833276
vn 0.342853 -0.599301 -0.723388
vn 0.342853 -0.599301 -0.723388
vn 0.342853 -0.599301 -0.723388
vn 0.342853 -0.599301 -0.723388
vn 0.618666 -0.581933 -0.527832
vn 0.618666 -0.581933 -0.527832
vn 0.618666 -0.581933 -0.527832
vn 0.618666 -0.581933 -0.527832
vn 0.244421 -0.771126 -0.587898
vn 0.244421 -0.771126 -0.587898
vn 0.244421 -0.771126 -0.587898
vn 0.244421 -0.771126 -0.587898
vn 0.251663 -0.669888 -0.698510
vn 0.251663 -0.669888 -0.698510
vn 0.251663 -0.669888 -0.698510
vn 0.251663 -0.669888 -0.698510
vn 0.302483 -0.754044 -0.583028
vn 0.302483 -0.754044 -0.583028
vn 0.302483 -0.754044 -0.583028
vn 0.302483 -0.754044 -0.583028
vn 0.061104 0.373839 -0.925479
vn 0.061104 0.373840 -0.925478
vn 0.061104 0.373840 -0.925478
vn 0.061104 0.373839 -0.925479
vn 0.260253 0.297064 -0.918706
vn 0.260253 0.297064 -0.918706
vn 0.260253 0.297064 -0.918706
vn 0.260253 0.297064 -0.918706
vn 0.992299 -0.115487 0.044776
vn 0.992299 -0.115487 0.044776
vn 0.992299 -0.115487 0.044776
vn 0.992299 -0.115487 0.044776
vn 0.963679 -0.026234 0.265773
vn 0.963679 -0.026234 0.265773
vn 0.963679 -0.026234 0.265773
vn 0.963679 -0.026234 0.265773
vn 0.335032 0.583023 -0.740161
vn 0.347969 0.583645 -0.733673
vn 0.335032 0.583023 -0.740161
vn 0.348861 0.583684 -0.733218
vn 0.365057 0.583552 -0.725397
vn 0.365095 0.583485 -0.725431
vn 0.258038 -0.783453 -0.565348
vn 0.255854 -0.784132 -0.565399
vn 0.281018 -0.776028 -0.564632
vn 0.253304 -0.784920 -0.565454
vn 0.042622 0.206984 -0.977415
vn 0.042622 0.206984 -0.977415
vn 0.042622 0.206984 -0.977415
vn 0.042622 0.206984 -0.977415
vn 0.365095 0.583485 -0.725431
vn 0.348732 0.583992 -0.733034
vn 0.365057 0.583552 -0.725397
vn 0.347816 0.584054 -0.733420
vn 0.333058 0.584973 -0.739513
vn 0.333058 0.584973 -0.739513
vn 0.224870 -0.785669 -0.576331
vn 0.253178 -0.779069 -0.573544
vn 0.216301 -0.799459 -0.560428
vn 0.215015 -0.792469 -0.570755
vn 0.211445 -0.793662 -0.570431
vn 0.213271 -0.801514 -0.558651
vn 0.216301 -0.799459 -0.560428
vn 0.208332 -0.807330 -0.552102
vn 0.213271 -0.801514 -0.558651
vn 0.212052 -0.805081 -0.553966
vn 0.180043 -0.823757 -0.537595
vn 0.180043 -0.823757 -0.537595
vn 0.240866 -0.790292 -0.563403
vn 0.240866 -0.790292 -0.563403
vn 0.240866 -0.790292 -0.563403
vn 0.240866 -0.790292 -0.563403
vn 0.269797 -0.776629 -0.569260
vn 0.253178 -0.779069 -0.573544
vn 0.244341 -0.783665 -0.571111
vn 0.271052 -0.779000 -0.565411
vn 0.272830 -0.783367 -0.558480
vn 0.275159 -0.789491 -0.548628
vn 0.275012 -0.789697 -0.548404
vn 0.273309 -0.792091 -0.545797
vn 0.273309 -0.792091 -0.545797
vn 0.200997 -0.793795 -0.574011
vn 0.200997 -0.793795 -0.574011
vn 0.200997 -0.793795 -0.574011
vn 0.200997 -0.793795 -0.574012
vn 0.319736 -0.811355 -0.489359
vn 0.319736 -0.811355 -0.489359
vn 0.319736 -0.811355 -0.489359
vn 0.319736 -0.811355 -0.489359
vn 0.197426 -0.611655 -0.766095
vn 0.197426 -0.611655 -0.766095
vn 0.197426 -0.611655 -0.766095
vn 0.197426 -0.611655 -0.766095
vn 0.270131 -0.808143 -0.523387
vn 0.270115 -0.808152 -0.523381
vn 0.270132 -0.808142 -0.523388
vn 0.267350 -0.819237 -0.507321
vn 0.266577 -0.821149 -0.504630
vn 0.264297 -0.829000 -0.492855
vn 0.265751 -0.828419 -0.493051
vn 0.275972 -0.824263 -0.494399
vn 0.686481 0.509644 -0.518659
vn 0.686481 0.509644 -0.518659
vn 0.686481 0.509644 -0.518659
vn 0.686481 0.509644 -0.518659
vn 0.155675 -0.783148 -0.602034
vn 0.155675 -0.783148 -0.602034
vn 0.155675 -0.783148 -0.602034
vn 0.155675 -0.783148 -0.602034
vn 0.217033 -0.792607 -0.569799
vn 0.217033 -0.792607 -0.569799
vn 0.217033 -0.792607 -0.569799
vn 0.217033 -0.792607 -0.569799
vn -0.080284 -0.871566 -0.483660
vn -0.080284 -0.871566 -0.483660
vn -0.080284 -0.871566 -0.483660
vn -0.080284 -0.871566 -0.483660
vn 0.447904 0.135018 -0.883829
vn 0.447904 0.135018 -0.883829
vn 0.447904 0.135018 -0.883829
vn 0.447904 0.135018 -0.883829
vn 0.319801 0.706528 -0.631305
vn 0.325041 0.706612 -0.628529
vn 0.319801 0.706528 -0.631305
vn 0.325403 0.706617 -0.628336
vn 0.344722 0.706706 -0.617846
vn 0.251110 0.774116 -0.581110
vn 0.251110 0.774116 -0.581110
vn 0.251110 0.774116 -0.581110
vn 0.251110 0.774116 -0.581110
vn 0.263552 0.736619 -0.622842
vn 0.264157 0.725619 -0.635373
vn 0.264107 0.726599 -0.634273
vn 0.264173 0.725322 -0.635705
vn 0.264172 0.725321 -0.635706
vn 0.264163 0.725316 -0.635716
vn 0.317351 0.675669 -0.665402
vn 0.317351 0.675668 -0.665403
vn 0.317351 0.675669 -0.665402
vn 0.317351 0.675669 -0.665402
vn 0.146982 0.680198 -0.718141
vn 0.146982 0.680198 -0.718141
vn 0.146982 0.680198 -0.718141
vn 0.146982 0.680198 -0.718141
vn 0.146945 0.680276 -0.718075
vn 0.146946 0.680276 -0.718075
vn 0.146946 0.680276 -0.718075
vn 0.146945 0.680276 -0.718075
vn 0.135639 -0.652594 -0.745468
vn 0.135639 -0.652594 -0.745468
vn 0.135639 -0.652594 -0.745468
vn 0.135639 -0.652594 -0.745468
vn 0.239680 0.820982 -0.518211
vn 0.239680 0.820983 -0.518210
vn 0.239680 0.820982 -0.518211
vn 0.239680 0.820982 -0.518211
vn 0.351175 0.419797 -0.836927
vn 0.351170 0.419817 -0.836919
vn 0.350853 0.419895 -0.837013
vn 0.351178 0.419794 -0.836927
vn 0.351171 0.419816 -0.836919
vn 0.351044 0.419743 -0.837009
vn 0.351164 0.419828 -0.836916
vn 0.351166 0.419829 -0.836915
vn 0.351168 0.419827 -0.836915
vn 0.351469 0.419991 -0.836706
vn 0.351164 0.419822 -0.836919
vn 0.351277 0.419795 -0.836885
vn 0.280858 0.653561 -0.702835
vn 0.280858 0.653561 -0.702835
vn 0.280858 0.653561 -0.702835
vn 0.280858 0.653561 -0.702835
vn 0.794652 0.485230 0.364802
vn 0.794652 0.485230 0.364802
vn 0.794652 0.485230 0.364802
vn 0.794652 0.485230 0.364802
vn 0.889795 0.443442 0.107815
vn 0.889795 0.443442 0.107815
vn 0.889795 0.443442 0.107815
vn 0.889795 0.443442 0.107815
vn 0.819117 0.427589 0.382381
vn 0.819117 0.427589 0.382381
vn 0.819117 0.427589 0.382381
vn 0.819117 0.427589 0.382381
vn 0.844863 0.276224 0.458156
vn 0.844863 0.276224 0.458156
vn 0.844863 0.276224 0.458156
vn 0.844863 0.276224 0.458156
vn 0.871817 0.445744 0.203094
vn 0.871817 0.445744 0.203094
vn 0.871817 0.445744 0.203094
vn 0.871817 0.445744 0.203094
vn 0.102944 0.461054 0.881381
vn 0.102944 0.461054 0.881381
vn 0.102944 0.461054 0.881381
vn 0.102944 0.461054 0.881381
vn -0.868854 0.449926 -0.206541
vn -0.868854 0.449926 -0.206541
vn -0.868854 0.449926 -0.206541
vn -0.868854 0.449926 -0.206541
vn -0.037251 0.952018 0.303765
vn -0.037251 0.952018 0.303765
vn -0.037251 0.952018 0.303765
vn -0.037251 0.952018 0.303765
vn -0.894485 0.444898 -0.044306
vn -0.894485 0.444898 -0.044306
vn -0.894485 0.444898 -0.044306
vn -0.894485 0.444898 -0.044306
vn 0.170640 0.850270 0.497919
vn 0.170641 0.850270 0.497919
vn 0.170641 0.850270 0.497919
vn 0.170640 0.850270 0.497919
vn -0.019381 0.980920 0.193444
vn -0.019381 0.980920 0.193444
vn -0.019381 0.980920 0.193444
vn -0.019381 0.980920 0.193444
vn -0.045637 0.955098 0.292755
vn -0.045637 0.955098 0.292755
vn -0.045637 0.955098 0.292755
vn -0.045637 0.955098 0.292755
vn -0.850906 0.470916 -0.232803
vn -0.850906 0.470916 -0.232803
vn -0.850906 0.470916 -0.232803
vn -0.850906 0.470916 -0.232803
vn 0.663308 0.426550 0.614880
vn 0.663308 0.426550 0.614880
vn 0.651348 0.424670 0.628809
vn 0.650674 0.424561 0.629580
vn 0.634019 0.421759 0.648182
vn 0.088146 0.279869 0.955983
vn 0.088146 0.279869 0.955983
vn 0.088146 0.279869 0.955983
vn 0.088146 0.279869 0.955983
vn -0.079669 -0.270308 0.959472
vn -0.079669 -0.270308 0.959472
vn -0.079669 -0.270308 0.959472
vn -0.079669 -0.270308 0.959472
vn -0.707013 0.552206 -0.441816
vn -0.707013 0.552206 -0.441816
vn -0.707013 0.552206 -0.441816
vn -0.707013 0.552206 -0.441816
vn 0.369433 -0.072328 0.926438
vn 0.368145 -0.104287 0.923901
vn 0.368145 -0.104287 0.923901
vn 0.369285 -0.076550 0.926158
vn 0.873726 0.147324 0.463572
vn 0.863505 0.181290 0.470630
vn 0.873869 0.146818 0.463463
vn 0.863505 0.181290 0.470630
vn -0.321549 0.914486 0.245606
vn -0.321549 0.914486 0.245606
vn -0.321549 0.914486 0.245606
vn -0.321549 0.914486 0.245606
vn -0.201865 0.971841 0.121556
vn -0.201865 0.971841 0.121556
vn -0.201865 0.971841 0.121556
vn -0.201865 0.971841 0.121556
vn 0.663765 0.120513 0.738169
vn 0.663765 0.120513 0.738169
vn 0.663765 0.120513 0.738169
vn 0.663765 0.120513 0.738169
vn 0.601839 0.271527 0.751041
vn 0.601839 0.271527 0.751041
vn 0.601839 0.271527 0.751041
vn 0.601839 0.271527 0.751041
vn 0.393776 0.811622 0.431522
vn 0.393776 0.811622 0.431522
vn 0.393776 0.811622 0.431522
vn 0.393776 0.811622 0.431522
vn -0.537497 0.454433 -0.710344
vn -0.537497 0.454433 -0.710344
vn -0.537496 0.454433 -0.710344
vn -0.537496 0.454433 -0.710344
vn -0.920546 0.378039 -0.098400
vn -0.920546 0.378039 -0.098400
vn -0.920546 0.378039 -0.098400
vn -0.920546 0.378039 -0.098400
vn -0.942156 -0.294509 0.160022
vn -0.942156 -0.294509 0.160022
vn -0.942156 -0.294509 0.160022
vn -0.942156 -0.294509 0.160022
vn -0.102377 -0.043931 0.993775
vn -0.102377 -0.043931 0.993775
vn -0.102377 -0.043931 0.993775
vn -0.102377 -0.043931 0.993775
vn -0.669088 0.307727 -0.676481
vn -0.669088 0.307727 -0.676481
vn -0.669088 0.307727 -0.676481
vn -0.669088 0.307727 -0.676481
vn -0.603248 0.556078 -0.571725
vn -0.603248 0.556078 -0.571725
vn -0.603248 0.556078 -0.571725
vn -0.603248 0.556078 -0.571725
vn -0.371411 -0.441835 0.816600
vn -0.371411 -0.441835 0.816600
vn -0.371411 -0.441835 0.816600
vn -0.371411 -0.441835 0.816600
vn -0.836655 -0.426763 0.343338
vn -0.836655 -0.426763 0.343338
vn -0.836655 -0.426763 0.343338
vn -0.836655 -0.426763 0.343338
vn 0.282773 -0.314861 0.906036
vn 0.282773 -0.314861 0.906036
vn 0.282773 -0.314861 0.906036
vn 0.282773 -0.314861 0.906036
vn -0.716640 0.375592 -0.587672
vn -0.716640 0.375592 -0.587672
vn -0.716640 0.375592 -0.587672
vn -0.716640 0.375592 -0.587672
vn -0.659984 -0.248806 0.708885
vn -0.659984 -0.248806 0.708885
vn -0.659984 -0.248806 0.708885
vn -0.659984 -0.248806 0.708885
vn -0.659435 0.570849 -0.489159
vn -0.659435 0.570849 -0.489159
vn -0.659435 0.570849 -0.489159
vn -0.659435 0.570849 -0.489159
vn -0.820294 0.301281 -0.486155
vn -0.820294 0.301281 -0.486155
vn -0.820294 0.301281 -0.486155
vn -0.820294 0.301281 -0.486155
vn 0.645066 0.690421 0.327428
vn 0.642848 0.689108 0.334480
vn 0.642848 0.689108 0.334480
vn 0.645391 0.690612 0.326384
vn 0.646289 0.691138 0.323480
vn 0.646289 0.691138 0.323480
vn -0.372605 -0.255038 0.892256
vn -0.372605 -0.255038 0.892256
vn -0.372605 -0.255038 0.892256
vn -0.372605 -0.255038 0.892256
vn -0.220708 -0.498180 0.838513
vn -0.220708 -0.498180 0.838513
vn -0.221858 -0.497415 0.838664
vn -0.222074 -0.497271 0.838692
vn -0.230506 -0.491623 0.839747
vn -0.053039 -0.733705 0.677395
vn -0.053039 -0.733705 0.677395
vn -0.053039 -0.733705 0.677395
vn -0.053039 -0.733705 0.677395
vn -0.394775 -0.316460 0.862558
vn -0.394775 -0.316460 0.862558
vn -0.394775 -0.316460 0.862558
vn -0.394775 -0.316460 0.862558
vn -0.508126 -0.033136 0.860645
vn -0.508126 -0.033136 0.860645
vn -0.508126 -0.033136 0.860645
vn -0.508126 -0.033136 0.860645
vn -0.372645 -0.722369 0.582511
vn -0.372645 -0.722369 0.582511
vn -0.372645 -0.722369 0.582511
vn -0.372645 -0.722369 0.582511
vn -0.368727 0.103745 -0.923730
vn -0.369575 0.076618 -0.926037
vn -0.368727 0.103745 -0.923730
vn -0.369680 0.072494 -0.926327
vn -0.808241 -0.202445 -0.552959
vn -0.808241 -0.202445 -0.552959
vn -0.808241 -0.202445 -0.552959
vn -0.808241 -0.202445 -0.552959
vn 0.942093 0.294996 -0.159492
vn 0.942093 0.294996 -0.159492
vn 0.942093 0.294996 -0.159492
vn 0.942093 0.294996 -0.159492
vn 0.174692 -0.973094 0.150233
vn 0.174692 -0.973094 0.150233
vn 0.174692 -0.973094 0.150233
vn 0.174692 -0.973094 0.150233
vn 0.222737 -0.909592 0.350757
vn 0.222737 -0.909592 0.350756
vn 0.222737 -0.909592 0.350757
vn 0.222737 -0.909592 0.350757
vn 0.323228 -0.917112 0.233301
vn 0.323228 -0.917112 0.233301
vn 0.323228 -0.917112 0.233301
vn 0.323228 -0.917112 0.233301
vn 0.098709 -0.993290 -0.060255
vn 0.098709 -0.993290 -0.060255
vn 0.098709 -0.993290 -0.060255
vn 0.098709 -0.993290 -0.060255
vn 0.211915 -0.968321 -0.132087
vn 0.211915 -0.968321 -0.132087
vn 0.211915 -0.968321 -0.132087
vn 0.211915 -0.968321 -0.132087
vn 0.068392 -0.997563 -0.013821
vn 0.068392 -0.997563 -0.013821
vn 0.068392 -0.997563 -0.013821
vn 0.068392 -0.997563 -0.013821
vn -0.498253 -0.020554 0.866788
vn -0.498253 -0.020554 0.866788
vn -0.498253 -0.020554 0.866788
vn -0.498253 -0.020554 0.866788
vn 0.877517 0.133641 0.460548
vn 0.872164 0.115078 0.475486
vn 0.877517 0.133641 0.460548
vn 0.871642 0.113355 0.476855
vn 0.871642 0.113355 0.476855
vn 0.862559 0.085352 0.498705
vn 0.872164 0.115078 0.475486
vn 0.862559 0.085352 0.498705
vn -0.189092 0.966567 0.173182
vn -0.189092 0.966567 0.173182
vn -0.189092 0.966567 0.173182
vn -0.189092 0.966567 0.173182
vn -0.885618 -0.068516 -0.459332
vn -0.877092 -0.115696 -0.466179
vn -0.877148 -0.117604 -0.465598
vn -0.887356 -0.064079 -0.456611
vn -0.901269 -0.037319 -0.431649
vn -0.901131 -0.037347 -0.431935
vn -0.888098 -0.087116 -0.451323
vn -0.879411 -0.121787 -0.460223
vn -0.879237 -0.122896 -0.460259
vn -0.889387 -0.082548 -0.449641
vn -0.900351 -0.050806 -0.432188
vn -0.900470 -0.050619 -0.431964
vn -0.877665 -0.134034 -0.460152
vn -0.877665 -0.134034 -0.460152
vn -0.877664 -0.134034 -0.460153
vn -0.877665 -0.134034 -0.460152
vn -0.879411 -0.121787 -0.460223
vn -0.877480 -0.133620 -0.460624
vn -0.879237 -0.122896 -0.460259
vn -0.877481 -0.133624 -0.460621
vn -0.877301 -0.133260 -0.461069
vn -0.877313 -0.133249 -0.461051
vn -0.877293 -0.133243 -0.461090
vn -0.877148 -0.117604 -0.465598
vn -0.877476 -0.133678 -0.460614
vn -0.877476 -0.133678 -0.460614
vn -0.877092 -0.115696 -0.466179
vn -0.877483 -0.133613 -0.460621
vn -0.877307 -0.133272 -0.461054
vn -0.877307 -0.133272 -0.461054
vn -0.877486 -0.133619 -0.460613
vn -0.876983 -0.121798 -0.464829
vn -0.876915 -0.120542 -0.465284
vn -0.883952 -0.076596 -0.461261
vn -0.882939 -0.080783 -0.462486
vn -0.897281 -0.043454 -0.439316
vn -0.897060 -0.043593 -0.439753
vn -0.877303 -0.133242 -0.461071
vn -0.877303 -0.133242 -0.461071
vn -0.877303 -0.133242 -0.461071
vn -0.877303 -0.133242 -0.461071
vn -0.443014 -0.137050 0.885978
vn -0.443014 -0.137050 0.885978
vn -0.443014 -0.137050 0.885978
vn -0.443014 -0.137050 0.885978
vn -0.877504 -0.133620 -0.460578
vn -0.877504 -0.133620 -0.460578
vn -0.877504 -0.133620 -0.460578
vn -0.877504 -0.133620 -0.460578
vn -0.888018 -0.072007 -0.454136
vn -0.888018 -0.072007 -0.454136
vn -0.888018 -0.072007 -0.454136
vn -0.888018 -0.072007 -0.454136
vn -0.903990 -0.046784 -0.424987
vn -0.903990 -0.046784 -0.424987
vn -0.903990 -0.046784 -0.424987
vn -0.903990 -0.046784 -0.424987
vn -0.900351 -0.050806 -0.432188
vn -0.909305 -0.035925 -0.414577
vn -0.900470 -0.050619 -0.431964
vn -0.909303 -0.035974 -0.414576
vn -0.909317 -0.035628 -0.414577
vn -0.909316 -0.035627 -0.414578
vn -0.909320 -0.035633 -0.414568
vn -0.909320 -0.035633 -0.414568
vn -0.909317 -0.035627 -0.414576
vn -0.897281 -0.043454 -0.439316
vn -0.897060 -0.043593 -0.439753
vn -0.909317 -0.035626 -0.414577
vn -0.909318 -0.035627 -0.414574
vn -0.909317 -0.035626 -0.414575
vn -0.909321 -0.035632 -0.414567
vn -0.909321 -0.035632 -0.414567
vn -0.901131 -0.037347 -0.431935
vn -0.908099 -0.033556 -0.417410
vn -0.901269 -0.037319 -0.431649
vn -0.908188 -0.033714 -0.417203
vn -0.907057 -0.031726 -0.419811
vn -0.907057 -0.031725 -0.419811
vn -0.275250 0.798544 0.535318
vn -0.298572 0.781562 0.547737
vn -0.275250 0.798544 0.535318
vn -0.298782 0.781405 0.547847
vn -0.909319 -0.035628 -0.414571
vn -0.909319 -0.035628 -0.414571
vn -0.909319 -0.035628 -0.414571
vn -0.909319 -0.035628 -0.414571
vn 0.266311 0.801278 0.535754
vn 0.266311 0.801278 0.535754
vn 0.266311 0.801278 0.535754
vn 0.266311 0.801278 0.535754
vn -0.877297 -0.133212 -0.461090
vn -0.877432 -0.133562 -0.460733
vn -0.877306 -0.133191 -0.461080
vn -0.877431 -0.133563 -0.460734
vn -0.877287 -0.133236 -0.461102
vn -0.881607 -0.123188 -0.455625
vn -0.882048 -0.122065 -0.455074
vn -0.893516 -0.089731 -0.439975
vn -0.895187 -0.084568 -0.437594
vn -0.904354 -0.054518 -0.423287
vn -0.904395 -0.054376 -0.423217
vn -0.883138 -0.114446 -0.454938
vn -0.877455 -0.133645 -0.460664
vn -0.882614 -0.116274 -0.455491
vn -0.877455 -0.133645 -0.460664
vn -0.881954 -0.116065 -0.456823
vn -0.877453 -0.133570 -0.460690
vn -0.877453 -0.133570 -0.460690
vn -0.882425 -0.114157 -0.456392
vn -0.897317 -0.080887 -0.433913
vn -0.900355 -0.075850 -0.428494
vn -0.910431 -0.051279 -0.410471
vn -0.910385 -0.050695 -0.410645
vn -0.309159 -0.891832 -0.330237
vn -0.309159 -0.891832 -0.330237
vn -0.309159 -0.891832 -0.330237
vn -0.309159 -0.891832 -0.330237
vn -0.877428 -0.133536 -0.460747
vn -0.884031 -0.115971 -0.452813
vn -0.877428 -0.133536 -0.460747
vn -0.883425 -0.117628 -0.453569
vn -0.637918 0.750650 -0.172003
vn -0.637918 0.750650 -0.172003
vn -0.637918 0.750650 -0.172003
vn -0.637918 0.750650 -0.172004
vn -0.877397 -0.133525 -0.460809
vn -0.885753 -0.116393 -0.449327
vn -0.877397 -0.133525 -0.460809
vn -0.884965 -0.118050 -0.450446
vn -0.903752 -0.079997 -0.420514
vn -0.901084 -0.085376 -0.425156
vn -0.910794 -0.056203 -0.409017
vn -0.910686 -0.055554 -0.409347
vn -0.883425 -0.117628 -0.453569
vn -0.901546 -0.079886 -0.425245
vn -0.884031 -0.115971 -0.452813
vn -0.898910 -0.084718 -0.429865
vn -0.909808 -0.056360 -0.411184
vn -0.909728 -0.055782 -0.411442
vn -0.318755 -0.856917 -0.405078
vn -0.318755 -0.856917 -0.405079
vn -0.318755 -0.856917 -0.405078
vn -0.318755 -0.856917 -0.405078
vn -0.649618 0.756327 -0.077244
vn -0.649618 0.756327 -0.077244
vn -0.649618 0.756327 -0.077244
vn -0.649618 0.756327 -0.077244
vn -0.896439 -0.079027 -0.436065
vn -0.883138 -0.114446 -0.454938
vn -0.882614 -0.116274 -0.455491
vn -0.898792 -0.073587 -0.432155
vn -0.908025 -0.047771 -0.416184
vn -0.908012 -0.047871 -0.416201
vn 0.442869 0.137344 -0.886004
vn 0.442869 0.137344 -0.886004
vn 0.442869 0.137344 -0.886004
vn 0.442869 0.137344 -0.886004
vn -0.721595 0.659945 0.209223
vn -0.721595 0.659945 0.209223
vn -0.721595 0.659945 0.209222
vn -0.721595 0.659945 0.209223
vn -0.244048 -0.720278 -0.649338
vn -0.260458 -0.724986 -0.637618
vn -0.244048 -0.720278 -0.649338
vn -0.260677 -0.725048 -0.637459
vn 0.290806 -0.806148 -0.515323
vn 0.299678 -0.810693 -0.502961
vn 0.299678 -0.810693 -0.502961
vn 0.290510 -0.805994 -0.515730
vn 0.307585 -0.794483 -0.523630
vn 0.307585 -0.794483 -0.523630
vn 0.299798 -0.794745 -0.527732
vn 0.299821 -0.794745 -0.527720
vn 0.300257 -0.785186 -0.541598
vn 0.300471 -0.785068 -0.541651
vn 0.312518 -0.778322 -0.544562
vn 0.312518 -0.778322 -0.544562
vn 0.207536 -0.964807 -0.161480
vn 0.207536 -0.964807 -0.161480
vn 0.208153 -0.969234 -0.131367
vn 0.208159 -0.969279 -0.131029
vn 0.208153 -0.969234 -0.131367
vn 0.208159 -0.969279 -0.131029
vn 0.202372 -0.974806 -0.093804
vn 0.202368 -0.974807 -0.093800
vn 0.443603 0.136919 -0.885703
vn 0.443603 0.136919 -0.885703
vn 0.443603 0.136919 -0.885703
vn 0.443603 0.136919 -0.885703
vn -0.872035 -0.115494 -0.475622
vn -0.877428 -0.134098 -0.460585
vn -0.877428 -0.134098 -0.460585
vn -0.871500 -0.113738 -0.477023
vn 0.443602 0.140326 -0.885170
vn 0.443602 0.140326 -0.885170
vn 0.443602 0.140326 -0.885170
vn 0.443602 0.140326 -0.885170
vn 0.216284 -0.967748 -0.129173
vn 0.216284 -0.967748 -0.129173
vn 0.216284 -0.967748 -0.129173
vn 0.216284 -0.967748 -0.129173
vn 0.238354 -0.956236 -0.169706
vn 0.238354 -0.956236 -0.169706
vn 0.238354 -0.956236 -0.169706
vn 0.238354 -0.956236 -0.169706
vn 0.442066 0.140753 -0.885871
vn 0.442066 0.140753 -0.885871
vn 0.442066 0.140753 -0.885871
vn 0.442066 0.140753 -0.885871
vn 0.386622 0.286430 -0.876631
vn 0.386622 0.286430 -0.876631
vn 0.386622 0.286430 -0.876631
vn 0.386622 0.286430 -0.876631
vn -0.198490 0.975188 0.098032
vn -0.194823 0.976566 0.091449
vn -0.198490 0.975188 0.098032
vn -0.194829 0.976564 0.091460
vn -0.181070 0.981193 0.066896
vn -0.181070 0.981193 0.066896
vn -0.909216 -0.037114 -0.414668
vn -0.909216 -0.037114 -0.414668
vn -0.910385 -0.050695 -0.410645
vn -0.910431 -0.051279 -0.410471
vn 0.029927 -0.998096 -0.053926
vn 0.029927 -0.998096 -0.053926
vn 0.029927 -0.998096 -0.053926
vn 0.029927 -0.998096 -0.053926
vn -0.904354 -0.054518 -0.423287
vn -0.909392 -0.035923 -0.414387
vn -0.904395 -0.054376 -0.423217
vn -0.909439 -0.036104 -0.414267
vn -0.909315 -0.035630 -0.414579
vn -0.909315 -0.035631 -0.414580
vn -0.907574 -0.041223 -0.417863
vn -0.909808 -0.056360 -0.411184
vn -0.907574 -0.041223 -0.417863
vn -0.909728 -0.055782 -0.411442
vn -0.297367 -0.734538 -0.609940
vn -0.260458 -0.724986 -0.637618
vn -0.260677 -0.725048 -0.637459
vn -0.297367 -0.734538 -0.609940
vn -0.907487 -0.037573 -0.418398
vn -0.910794 -0.056203 -0.409017
vn -0.910686 -0.055554 -0.409347
vn -0.907486 -0.037574 -0.418398
vn -0.699463 0.700430 0.141949
vn -0.699463 0.700430 0.141949
vn -0.699463 0.700430 0.141949
vn -0.699463 0.700430 0.141949
vn -0.908012 -0.047871 -0.416201
vn -0.905929 -0.030063 -0.422360
vn -0.908025 -0.047771 -0.416184
vn -0.906334 -0.030794 -0.421439
vn -0.902593 -0.024132 -0.429818
vn -0.274555 0.795847 0.539674
vn -0.274555 0.795847 0.539674
vn -0.295993 0.792614 0.533058
vn -0.296024 0.792609 0.533048
vn 0.300880 -0.723015 -0.621869
vn 0.303967 -0.726927 -0.615777
vn 0.300956 -0.723110 -0.621722
vn 0.300366 -0.722360 -0.622877
vn 0.300366 -0.722360 -0.622877
vn 0.561918 -0.109723 0.819883
vn 0.561918 -0.109723 0.819883
vn 0.561918 -0.109723 0.819883
vn 0.561918 -0.109723 0.819883
vn -0.930628 0.154159 -0.331914
vn -0.930628 0.154159 -0.331914
vn -0.930628 0.154159 -0.331914
vn -0.930628 0.154159 -0.331914
vn 0.443582 0.145375 -0.884365
vn 0.443582 0.145375 -0.884365
vn 0.443582 0.145375 -0.884365
vn 0.443582 0.145375 -0.884365
vn 0.733794 0.431884 0.524426
vn 0.734341 0.418874 0.534123
vn 0.733811 0.431534 0.524690
vn 0.734341 0.418874 0.534123
vn 0.246291 -0.954735 -0.166802
vn 0.246291 -0.954735 -0.166802
vn 0.246291 -0.954735 -0.166802
vn 0.246291 -0.954735 -0.166802
vn -0.338284 -0.599449 0.725414
vn -0.338284 -0.599449 0.725414
vn -0.338284 -0.599449 0.725414
vn -0.338284 -0.599449 0.725414
vn -0.239109 -0.808805 0.537272
vn -0.239109 -0.808805 0.537272
vn -0.239109 -0.808805 0.537272
vn -0.239109 -0.808805 0.537272
vn 0.697026 -0.266556 0.665659
vn 0.697026 -0.266556 0.665659
vn 0.697026 -0.266556 0.665659
vn 0.697026 -0.266556 0.665659
vn 0.266311 -0.792762 -0.548277
vn 0.266311 -0.792762 -0.548277
vn 0.290806 -0.806148 -0.515323
vn 0.290510 -0.805994 -0.515730
vn 0.129318 -0.990624 -0.044056
vn 0.129318 -0.990624 -0.044056
vn 0.129318 -0.990624 -0.044056
vn 0.129318 -0.990624 -0.044056
vn 0.330140 -0.644883 -0.689300
vn 0.330140 -0.644883 -0.689300
vn 0.330140 -0.644883 -0.689300
vn 0.330140 -0.644883 -0.689300
vn 0.311342 -0.802006 -0.509757
vn 0.311342 -0.802006 -0.509757
vn 0.311342 -0.802006 -0.509757
vn 0.311342 -0.802006 -0.509757
vn -0.467165 -0.882812 0.048986
vn -0.467165 -0.882812 0.048986
vn -0.467165 -0.882812 0.048986
vn -0.467165 -0.882812 0.048986
vn 0.101642 -0.973731 -0.203756
vn 0.101642 -0.973731 -0.203756
vn 0.101642 -0.973731 -0.203756
vn 0.101642 -0.973731 -0.203756
vn -0.393397 -0.868695 -0.301012
vn -0.393397 -0.868695 -0.301012
vn -0.393397 -0.868695 -0.301012
vn -0.393397 -0.868695 -0.301012
vn -0.224937 -0.921803 -0.315727
vn -0.224937 -0.921803 -0.315727
vn -0.224937 -0.921803 -0.315727
vn -0.224937 -0.921803 -0.315727
vn 0.155435 -0.952907 -0.260399
vn 0.155435 -0.952907 -0.260399
vn 0.155435 -0.952908 -0.260399
vn 0.155435 -0.952907 -0.260399
vn 0.064527 -0.997135 -0.039476
vn 0.064527 -0.997135 -0.039476
vn 0.064527 -0.997135 -0.039476
vn 0.064527 -0.997135 -0.039476
vn 0.151166 -0.982208 -0.111432
vn 0.151166 -0.982208 -0.111432
vn 0.151166 -0.982208 -0.111432
vn 0.151166 -0.982208 -0.111432
vn 0.277591 -0.873838 -0.399186
vn 0.277591 -0.873838 -0.399186
vn 0.277591 -0.873838 -0.399186
vn 0.277591 -0.873838 -0.399186
vn 0.945941 -0.287253 -0.150601
vn 0.945941 -0.287253 -0.150601
vn 0.945941 -0.287253 -0.150601
vn 0.945941 -0.287253 -0.150601
vn -0.011302 -0.853121 -0.521591
vn -0.011302 -0.853121 -0.521591
vn -0.011302 -0.853121 -0.521591
vn -0.011302 -0.853121 -0.521591
vn -0.587447 -0.556142 -0.587888
vn -0.587447 -0.556142 -0.587888
vn -0.587447 -0.556142 -0.587888
vn -0.587447 -0.556142 -0.587888
vn -0.070662 -0.685701 -0.724446
vn -0.070662 -0.685701 -0.724446
vn -0.070662 -0.685701 -0.724446
vn -0.070662 -0.685701 -0.724446
vn -0.176005 -0.715897 -0.675658
vn -0.176005 -0.715897 -0.675658
vn -0.176005 -0.715897 -0.675658
vn -0.176005 -0.715897 -0.675658
vn 0.106908 -0.700797 -0.705304
vn 0.106908 -0.700797 -0.705304
vn 0.106908 -0.700797 -0.705304
vn 0.106908 -0.700797 -0.705304
vn -0.561171 -0.490547 -0.666671
vn -0.561171 -0.490547 -0.666671
vn -0.561171 -0.490547 -0.666671
vn -0.561171 -0.490547 -0.666671
vn -0.021189 -0.995377 0.093675
vn -0.021189 -0.995377 0.093675
vn -0.021189 -0.995377 0.093675
vn -0.021189 -0.995377 0.093675
vn -0.111298 -0.980964 0.159134
vn -0.111298 -0.980964 0.159134
vn -0.111298 -0.980964 0.159134
vn -0.111298 -0.980964 0.159134
vn -0.512723 -0.850463 -0.117593
vn -0.512723 -0.850463 -0.117593
vn -0.512723 -0.850463 -0.117593
vn -0.512723 -0.850463 -0.117593
vn -0.353146 -0.927438 -0.123072
vn -0.353146 -0.927438 -0.123072
vn -0.353146 -0.927438 -0.123072
vn -0.353146 -0.927438 -0.123072
vn -0.562772 -0.797588 0.217122
vn -0.562772 -0.797588 0.217122
vn -0.562772 -0.797588 0.217122
vn -0.562772 -0.797588 0.217122
vn 0.540525 -0.694483 -0.474897
vn 0.540525 -0.694483 -0.474897
vn 0.540525 -0.694483 -0.474897
vn 0.540525 -0.694483 -0.474897
vn 0.080476 -0.890849 -0.447116
vn 0.080476 -0.890849 -0.447116
vn 0.080476 -0.890849 -0.447116
vn 0.080476 -0.890849 -0.447116
vn 0.000766 -0.917942 -0.396714
vn 0.000766 -0.917942 -0.396714
vn 0.000766 -0.917942 -0.396714
vn 0.000766 -0.917942 -0.396714
vn -0.927638 -0.341569 -0.151057
vn -0.927638 -0.341569 -0.151057
vn -0.927638 -0.341569 -0.151057
vn -0.927638 -0.341569 -0.151057
vn 0.223446 -0.803441 -0.551865
vn 0.223039 -0.803498 -0.551947
vn 0.212107 -0.804983 -0.554088
vn 0.212107 -0.804983 -0.554088
vn 0.093255 -0.805489 -0.585227
vn 0.093255 -0.805489 -0.585227
vn 0.093255 -0.805489 -0.585227
vn 0.093255 -0.805489 -0.585227
vn 0.256967 -0.825802 -0.502015
vn 0.256967 -0.825802 -0.502015
vn 0.258005 -0.825327 -0.502263
vn 0.257206 -0.825693 -0.502072
vn 0.258941 -0.824899 -0.502485
vn -0.088273 -0.795792 -0.599102
vn -0.088273 -0.795792 -0.599102
vn -0.088273 -0.795792 -0.599102
vn -0.088273 -0.795792 -0.599102
vn 0.241092 -0.807359 -0.538560
vn 0.241092 -0.807359 -0.538560
vn 0.241092 -0.807359 -0.538560
vn 0.241092 -0.807359 -0.538560
vn 0.238396 -0.618607 -0.748661
vn 0.238396 -0.618607 -0.748661
vn 0.238396 -0.618607 -0.748661
vn 0.238396 -0.618607 -0.748661
vn -0.493143 -0.352363 -0.795394
vn -0.493143 -0.352363 -0.795394
vn -0.493143 -0.352363 -0.795394
vn -0.493143 -0.352363 -0.795394
vn 0.029293 -0.648289 -0.760831
vn 0.029293 -0.648289 -0.760831
vn 0.029293 -0.648289 -0.760831
vn 0.029293 -0.648289 -0.760831
vn 0.103598 -0.540561 -0.834902
vn 0.103598 -0.540561 -0.834902
vn 0.103598 -0.540561 -0.834902
vn 0.103598 -0.540561 -0.834902
vn -0.074019 -0.874411 -0.479507
vn -0.074019 -0.874411 -0.479507
vn -0.074019 -0.874411 -0.479507
vn -0.074019 -0.874411 -0.479507
vn -0.072185 -0.812791 -0.578066
vn -0.072185 -0.812791 -0.578066
vn -0.072185 -0.812791 -0.578066
vn -0.072185 -0.812791 -0.578066
vn 0.176274 -0.675345 -0.716126
vn 0.176274 -0.675345 -0.716126
vn 0.176274 -0.675345 -0.716126
vn 0.176274 -0.675345 -0.716126
vn 0.110252 -0.844220 -0.524536
vn 0.110252 -0.844220 -0.524536
vn 0.110252 -0.844220 -0.524536
vn 0.110252 -0.844220 -0.524536
vn 0.313972 -0.888842 -0.333738
vn 0.313972 -0.888842 -0.333738
vn 0.313972 -0.888842 -0.333738
vn 0.313972 -0.888842 -0.333738
vn 0.459416 -0.362559 0.810856
vn 0.469198 -0.358141 0.807210
vn 0.459416 -0.362559 0.810856
vn 0.469262 -0.358112 0.807186
vn 0.908878 -0.107546 0.402959
vn 0.908878 -0.107546 0.402959
vn 0.908878 -0.107546 0.402959
vn 0.908878 -0.107546 0.402959
vn -0.090052 -0.995098 0.040863
vn -0.090052 -0.995098 0.040863
vn -0.090052 -0.995098 0.040863
vn -0.090052 -0.995098 0.040863
vn -0.090057 -0.995098 0.040859
vn -0.090057 -0.995098 0.040859
vn -0.090057 -0.995098 0.040859
vn -0.090057 -0.995098 0.040859
vn -0.127373 -0.989490 -0.068447
vn -0.127373 -0.989490 -0.068447
vn -0.127373 -0.989490 -0.068447
vn -0.127373 -0.989490 -0.068447
vn -0.184345 -0.968394 -0.168017
vn -0.184345 -0.968394 -0.168017
vn -0.184345 -0.968394 -0.168017
vn -0.184345 -0.968394 -0.168017
vn -0.136256 -0.986573 -0.090043
vn -0.136256 -0.986573 -0.090043
vn -0.136256 -0.986573 -0.090043
vn -0.136256 -0.986573 -0.090043
vn -0.119188 -0.922953 -0.365995
vn -0.119188 -0.922953 -0.365995
vn -0.119188 -0.922953 -0.365995
vn -0.119188 -0.922953 -0.365995
vn -0.098732 -0.842540 -0.529508
vn -0.098732 -0.842540 -0.529508
vn -0.098732 -0.842540 -0.529508
vn -0.098732 -0.842540 -0.529508
vn 0.295129 -0.746993 -0.595735
vn 0.295129 -0.746993 -0.595735
vn 0.295129 -0.746993 -0.595735
vn 0.295129 -0.746993 -0.595735
vn 0.273107 -0.799822 -0.534506
vn 0.268986 -0.806661 -0.526255
vn 0.272841 -0.800267 -0.533976
vn 0.268986 -0.806661 -0.526255
vn -0.244259 -0.655913 -0.714224
vn -0.244259 -0.655913 -0.714224
vn -0.244259 -0.655913 -0.714224
vn -0.244259 -0.655913 -0.714224
vn 0.390684 0.576812 -0.717394
vn 0.390684 0.576812 -0.717394
vn 0.390684 0.576812 -0.717394
vn 0.390684 0.576812 -0.717394
vn 0.147777 -0.783658 -0.603359
vn 0.147777 -0.783658 -0.603359
vn 0.147777 -0.783658 -0.603359
vn 0.147777 -0.783658 -0.603359
vn -0.624602 0.777958 0.068215
vn -0.624602 0.777958 0.068215
vn -0.624602 0.777958 0.068215
vn -0.624602 0.777958 0.068215
vn 0.048924 -0.096248 0.994154
vn 0.048924 -0.096248 0.994154
vn 0.048924 -0.096248 0.994154
vn 0.048924 -0.096248 0.994154
vn -0.691554 0.498372 0.522857
vn -0.691554 0.498372 0.522857
vn -0.691554 0.498372 0.522857
vn -0.691554 0.498372 0.522857
vn 0.896824 0.114251 0.427379
vn 0.909705 0.130636 0.394171
vn 0.895630 0.112806 0.430259
vn 0.909705 0.130636 0.394171
vn 0.966554 0.126638 0.223016
vn 0.966554 0.126638 0.223016
vn 0.966554 0.126638 0.223016
vn 0.966554 0.126638 0.223016
vn 0.596054 0.364601 0.715392
vn 0.596054 0.364601 0.715392
vn 0.596054 0.364601 0.715392
vn 0.596054 0.364601 0.715392
vn -0.510043 0.328741 -0.794849
vn -0.510043 0.328741 -0.794849
vn -0.510043 0.328741 -0.794849
vn -0.510043 0.328741 -0.794849
vn -0.615378 0.024606 -0.787848
vn -0.615378 0.024606 -0.787848
vn -0.615378 0.024606 -0.787848
vn -0.615378 0.024606 -0.787848
vn -0.299664 -0.920209 -0.251826
vn -0.299664 -0.920209 -0.251826
vn -0.299664 -0.920209 -0.251826
vn -0.299664 -0.920209 -0.251826
vn -0.877172 -0.131089 -0.461936
vn -0.884985 -0.118413 -0.450310
vn -0.884687 -0.118908 -0.450766
vn -0.877172 -0.131089 -0.461936
vn -0.589449 0.778760 -0.214669
vn -0.588663 0.787851 -0.181014
vn -0.588697 0.787592 -0.182028
vn -0.589449 0.778760 -0.214669
vn -0.885520 -0.120284 -0.448762
vn -0.876967 -0.132517 -0.461919
vn -0.885765 -0.119925 -0.448374
vn -0.876967 -0.132517 -0.461919
vn -0.184583 0.982725 0.013465
vn -0.157138 0.987272 0.024527
vn -0.149921 0.988461 0.021635
vn -0.163696 0.986229 0.023599
vn -0.159026 0.979247 0.125645
vn -0.148339 0.978942 0.140244
vn -0.158882 0.979238 0.125897
vn -0.150598 0.979069 0.136912
vn -0.176619 0.979380 0.098088
vn -0.213282 0.878870 0.426730
vn -0.228931 0.882037 0.411828
vn -0.228678 0.881989 0.412070
vn -0.213282 0.878870 0.426730
vn -0.292493 0.744149 0.600575
vn -0.291531 0.741666 0.604104
vn -0.295697 0.752417 0.588585
vn -0.294413 0.734858 0.610987
vn -0.292550 0.737722 0.608425
vn -0.219664 0.967876 0.122325
vn -0.225917 0.964307 0.138108
vn -0.239530 0.961989 0.131160
vn -0.214646 0.968780 0.124063
vn -0.198525 0.973897 0.110053
vn -0.200497 0.974106 0.104491
vn -0.173450 0.981927 0.075727
vn -0.176471 0.981552 0.073578
vn -0.172488 0.982134 0.075238
vn -0.328600 0.783249 0.527772
vn -0.309228 0.789365 0.530360
vn -0.335768 0.792307 0.509422
vn -0.312297 0.794876 0.520234
vn -0.312297 0.794876 0.520234
vn -0.309228 0.789365 0.530360
vn -0.273205 0.797938 0.537266
vn -0.274168 0.798211 0.536368
vn -0.303226 0.715227 0.629686
vn -0.300247 0.719307 0.626458
vn -0.303226 0.715227 0.629686
vn -0.300672 0.720808 0.624526
vn -0.441846 -0.195258 0.875583
vn -0.441846 -0.195258 0.875583
vn -0.441846 -0.195258 0.875583
vn -0.441846 -0.195258 0.875583
vn -0.015974 0.977583 0.209944
vn -0.015974 0.977583 0.209944
vn 0.441846 0.195258 -0.875583
vn 0.441846 0.195258 -0.875583
vn -0.015974 0.977583 0.209944
vn -0.015974 0.977583 0.209944
vn 0.441846 0.195258 -0.875583
vn 0.441846 0.195258 -0.875583
vn 0.015974 -0.977583 -0.209944
vn 0.015974 -0.977583 -0.209944
vn 0.015974 -0.977583 -0.209944
vn 0.015974 -0.977583 -0.209944
vn 0.896949 -0.078776 0.435060
vn 0.896949 -0.078776 0.435060
vn 0.896949 -0.078776 0.435060
vn 0.896949 -0.078776 0.435060
vn -0.896949 0.078776 -0.435060
vn -0.896949 0.078776 -0.435060
vn -0.896949 0.078776 -0.435060
vn -0.896949 0.078776 -0.435060

g HousesCrashedBridge2
usemtl HousesCrashedBridge2subMesh0
s 1
f 3/3/3 2/2/2 1/1/1
f 6/6/6 5/5/5 4/4/4
f 9/9/9 8/8/8 7/7/7
f 12/12/12 11/11/11 10/10/10
f 15/15/15 14/14/14 13/13/13
f 18/18/18 17/17/17 16/16/16
f 21/21/21 20/20/20 19/19/19
f 24/24/24 23/23/23 22/22/22
f 27/27/27 26/26/26 25/25/25
f 25/25/25 26/26/26 28/28/28
f 31/31/31 30/30/30 29/29/29
f 29/29/29 30/30/30 32/32/32
f 35/35/35 34/34/34 33/33/33
f 33/33/33 34/34/34 36/36/36
f 34/34/34 37/37/37 36/36/36
f 36/36/36 37/37/37 38/38/38
f 37/37/37 39/39/39 38/38/38
f 38/38/38 39/39/39 40/40/40
f 39/39/39 41/41/41 40/40/40
f 40/40/40 41/41/41 42/42/42
f 42/42/42 41/41/41 43/43/43
f 46/46/46 45/45/45 44/44/44
f 44/44/44 45/45/45 47/47/47
f 50/50/50 49/49/49 48/48/48
f 48/48/48 49/49/49 51/51/51
f 52/52/52 53/53/53 54/54/54
f 54/54/54 55/55/55 52/52/52
f 54/54/54 56/56/56 55/55/55
f 56/56/56 54/54/54 57/57/57
f 57/57/57 54/54/54 58/58/58
f 59/59/59 54/54/54 53/53/53
f 54/54/54 59/59/59 60/60/60
f 60/60/60 59/59/59 61/61/61
f 61/61/61 59/59/59 62/62/62
f 62/62/62 59/59/59 63/63/63
f 63/63/63 59/59/59 64/64/64
f 63/63/63 64/64/64 65/65/65
f 65/65/65 64/64/64 66/66/66
f 67/67/67 54/54/54 60/60/60
f 68/68/68 67/67/67 60/60/60
f 69/69/69 67/67/67 68/68/68
f 70/70/70 54/54/54 67/67/67
f 71/71/71 54/54/54 70/70/70
f 72/72/72 54/54/54 71/71/71
f 75/75/75 74/74/74 73/73/73
f 76/76/76 75/75/75 73/73/73
f 77/77/77 75/75/75 76/76/76
f 80/80/80 79/79/79 78/78/78
f 78/78/78 79/79/79 81/81/81
f 84/84/84 83/83/83 82/82/82
f 85/85/85 83/83/83 84/84/84
f 88/88/88 87/87/87 86/86/86
f 86/86/86 87/87/87 89/89/89
f 87/87/87 90/90/90 89/89/89
f 89/89/89 90/90/90 91/91/91
f 94/94/94 93/93/93 92/92/92
f 92/92/92 93/93/93 95/95/95
f 96/96/96 92/92/92 95/95/95
f 97/97/97 92/92/92 96/96/96
f 97/97/97 96/96/96 98/98/98
f 98/98/98 96/96/96 99/99/99
f 100/100/100 98/98/98 99/99/99
f 101/101/101 102/102/102 103/103/103
f 106/106/106 105/105/105 104/104/104
f 104/104/104 107/107/107 106/106/106
f 110/110/110 109/109/109 108/108/108
f 108/108/108 111/111/111 110/110/110
f 111/111/111 112/112/112 110/110/110
f 113/113/113 110/110/110 112/112/112
f 114/114/114 110/110/110 113/113/113
f 115/115/115 114/114/114 113/113/113
f 116/116/116 115/115/115 113/113/113
f 117/117/117 114/114/114 115/115/115
f 118/118/118 117/117/117 115/115/115
f 119/119/119 117/117/117 118/118/118
f 120/120/120 118/118/118 115/115/115
f 121/121/121 118/118/118 120/120/120
f 124/124/124 123/123/123 122/122/122
f 122/122/122 123/123/123 125/125/125
f 126/126/126 122/122/122 125/125/125
f 129/129/129 128/128/128 127/127/127
f 130/130/130 128/128/128 129/129/129
f 133/133/133 132/132/132 131/131/131
f 131/131/131 132/132/132 134/134/134
f 132/132/132 135/135/135 134/134/134
f 134/134/134 135/135/135 136/136/136
f 139/139/139 138/138/138 137/137/137
f 140/140/140 139/139/139 137/137/137
f 141/141/141 139/139/139 140/140/140
f 142/142/142 139/139/139 141/141/141
f 143/143/143 139/139/139 142/142/142
f 144/144/144 143/143/143 142/142/142
f 147/147/147 146/146/146 145/145/145
f 145/145/145 146/146/146 148/148/148
f 151/151/151 150/150/150 149/149/149
f 149/149/149 150/150/150 152/152/152
f 155/155/155 154/154/154 153/153/153
f 153/153/153 154/154/154 156/156/156
f 159/159/159 158/158/158 157/157/157
f 157/157/157 158/158/158 160/160/160
f 158/158/158 161/161/161 160/160/160
f 162/162/162 161/161/161 158/158/158
f 162/162/162 158/158/158 163/163/163
f 164/164/164 162/162/162 163/163/163
f 165/165/165 162/162/162 164/164/164
f 166/166/166 165/165/165 164/164/164
f 169/169/169 168/168/168 167/167/167
f 167/167/167 168/168/168 170/170/170
f 173/173/173 172/172/172 171/171/171
f 171/171/171 172/172/172 174/174/174
f 177/177/177 176/176/176 175/175/175
f 175/175/175 176/176/176 178/178/178
f 181/181/181 180/180/180 179/179/179
f 180/180/180 182/182/182 179/179/179
f 183/183/183 182/182/182 180/180/180
f 184/184/184 183/183/183 180/180/180
f 185/185/185 183/183/183 184/184/184
f 188/188/188 187/187/187 186/186/186
f 189/189/189 187/187/187 188/188/188
f 192/192/192 191/191/191 190/190/190
f 190/190/190 191/191/191 193/193/193
f 196/196/196 195/195/195 194/194/194
f 194/194/194 195/195/195 197/197/197
f 194/194/194 197/197/197 198/198/198
f 198/198/198 197/197/197 199/199/199
f 200/200/200 194/194/194 198/198/198
f 203/203/203 202/202/202 201/201/201
f 201/201/201 202/202/202 204/204/204
f 207/207/207 206/206/206 205/205/205
f 205/205/205 208/208/208 207/207/207
f 208/208/208 209/209/209 207/207/207
f 210/210/210 207/207/207 209/209/209
f 211/211/211 209/209/209 208/208/208
f 212/212/212 209/209/209 211/211/211
f 213/213/213 212/212/212 211/211/211
f 216/216/216 215/215/215 214/214/214
f 217/217/217 216/216/216 214/214/214
f 218/218/218 216/216/216 217/217/217
f 214/214/214 219/219/219 217/217/217
f 220/220/220 219/219/219 214/214/214
f 223/223/223 222/222/222 221/221/221
f 224/224/224 222/222/222 223/223/223
f 224/224/224 223/223/223 225/225/225
f 225/225/225 223/223/223 226/226/226
f 229/229/229 228/228/228 227/227/227
f 227/227/227 228/228/228 230/230/230
f 230/230/230 228/228/228 231/231/231
f 231/231/231 228/228/228 232/232/232
f 233/233/233 232/232/232 228/228/228
f 231/231/231 232/232/232 234/234/234
f 234/234/234 232/232/232 235/235/235
f 234/234/234 235/235/235 236/236/236
f 239/239/239 238/238/238 237/237/237
f 237/237/237 238/238/238 240/240/240
f 243/243/243 242/242/242 241/241/241
f 241/241/241 242/242/242 244/244/244
f 247/247/247 246/246/246 245/245/245
f 248/248/248 246/246/246 247/247/247
f 251/251/251 250/250/250 249/249/249
f 249/249/249 250/250/250 252/252/252
f 255/255/255 254/254/254 253/253/253
f 256/256/256 254/254/254 255/255/255
f 259/259/259 258/258/258 257/257/257
f 260/260/260 258/258/258 259/259/259
f 263/263/263 262/262/262 261/261/261
f 261/261/261 262/262/262 264/264/264
f 267/267/267 266/266/266 265/265/265
f 268/268/268 266/266/266 267/267/267
f 271/271/271 270/270/270 269/269/269
f 269/269/269 270/270/270 272/272/272
f 275/275/275 274/274/274 273/273/273
f 273/273/273 274/274/274 276/276/276
f 279/279/279 278/278/278 277/277/277
f 280/280/280 278/278/278 279/279/279
f 283/283/283 282/282/282 281/281/281
f 284/284/284 282/282/282 283/283/283
f 286/286/286 285/285/285 283/283/283
f 287/287/287 285/285/285 286/286/286
f 288/288/288 287/287/287 286/286/286
f 289/289/289 287/287/287 288/288/288
f 292/292/292 291/291/291 290/290/290
f 293/293/293 291/291/291 292/292/292
f 296/296/296 295/295/295 294/294/294
f 294/294/294 295/295/295 297/297/297
f 294/294/294 297/297/297 298/298/298
f 298/298/298 297/297/297 299/299/299
f 302/302/302 301/301/301 300/300/300
f 300/300/300 301/301/301 303/303/303
f 306/306/306 305/305/305 304/304/304
f 304/304/304 305/305/305 307/307/307
f 304/304/304 307/307/307 308/308/308
f 308/308/308 307/307/307 309/309/309
f 308/308/308 309/309/309 310/310/310
f 308/308/308 310/310/310 311/311/311
f 308/308/308 311/311/311 312/312/312
f 312/312/312 311/311/311 313/313/313
f 316/316/316 315/315/315 314/314/314
f 314/314/314 315/315/315 317/317/317
f 320/320/320 319/319/319 318/318/318
f 321/321/321 319/319/319 320/320/320
f 324/324/324 323/323/323 322/322/322
f 322/322/322 323/323/323 325/325/325
f 328/328/328 327/327/327 326/326/326
f 326/326/326 327/327/327 329/329/329
f 332/332/332 331/331/331 330/330/330
f 330/330/330 331/331/331 333/333/333
f 336/336/336 335/335/335 334/334/334
f 334/334/334 335/335/335 337/337/337
f 4127/4127/4127 4126/4126/4126 4124/4124/4124
f 4125/4125/4125 4127/4127/4127 4124/4124/4124
f 4129/4129/4129 4128/4128/4128 4132/4132/4132
f 4133/4133/4133 4129/4129/4129 4132/4132/4132
f 4131/4131/4131 4130/4130/4130 4134/4134/4134
f 4135/4135/4135 4131/4131/4131 4134/4134/4134
f 4138/4138/4138 4137/4137/4137 4136/4136/4136
f 4139/4139/4139 4138/4138/4138 4136/4136/4136
f 4142/4142/4142 4141/4141/4141 4140/4140/4140
f 4143/4143/4143 4142/4142/4142 4140/4140/4140
f 4146/4146/4146 4145/4145/4145 4144/4144/4144
f 4147/4147/4147 4146/4146/4146 4144/4144/4144

usemtl HousesCrashedBridge2subMesh1
f 340/340/340 339/339/339 338/338/338
f 343/343/343 342/342/342 341/341/341
f 346/346/346 345/345/345 344/344/344
f 349/349/349 348/348/348 347/347/347
f 352/352/352 351/351/351 350/350/350
f 355/355/355 354/354/354 353/353/353
f 358/358/358 357/357/357 356/356/356
f 361/361/361 360/360/360 359/359/359
f 364/364/364 363/363/363 362/362/362
f 367/367/367 366/366/366 365/365/365
f 370/370/370 369/369/369 368/368/368
f 373/373/373 372/372/372 371/371/371
f 376/376/376 375/375/375 374/374/374
f 379/379/379 378/378/378 377/377/377
f 382/382/382 381/381/381 380/380/380
f 385/385/385 384/384/384 383/383/383
f 388/388/388 387/387/387 386/386/386
f 391/391/391 390/390/390 389/389/389
f 394/394/394 393/393/393 392/392/392
f 397/397/397 396/396/396 395/395/395
f 400/400/400 399/399/399 398/398/398
f 403/403/403 402/402/402 401/401/401
f 406/406/406 405/405/405 404/404/404
f 409/409/409 408/408/408 407/407/407
f 412/412/412 411/411/411 410/410/410
f 415/415/415 414/414/414 413/413/413
f 418/418/418 417/417/417 416/416/416
f 421/421/421 420/420/420 419/419/419
f 424/424/424 423/423/423 422/422/422
f 427/427/427 426/426/426 425/425/425
f 430/430/430 429/429/429 428/428/428
f 433/433/433 432/432/432 431/431/431
f 436/436/436 435/435/435 434/434/434
f 439/439/439 438/438/438 437/437/437
f 442/442/442 441/441/441 440/440/440
f 445/445/445 444/444/444 443/443/443
f 448/448/448 447/447/447 446/446/446
f 451/451/451 450/450/450 449/449/449
f 450/450/450 453/453/453 452/452/452
f 453/453/453 454/454/454 452/452/452
f 455/455/455 454/454/454 453/453/453
f 458/458/458 457/457/457 456/456/456
f 461/461/461 460/460/460 459/459/459
f 464/464/464 463/463/463 462/462/462
f 467/467/467 466/466/466 465/465/465
f 470/470/470 469/469/469 468/468/468
f 473/473/473 472/472/472 471/471/471
f 476/476/476 475/475/475 474/474/474
f 479/479/479 478/478/478 477/477/477
f 482/482/482 481/481/481 480/480/480
f 485/485/485 484/484/484 483/483/483
f 488/488/488 487/487/487 486/486/486
f 491/491/491 490/490/490 489/489/489
f 494/494/494 493/493/493 492/492/492
f 497/497/497 496/496/496 495/495/495
f 500/500/500 499/499/499 498/498/498
f 503/503/503 502/502/502 501/501/501
f 506/506/506 505/505/505 504/504/504
f 509/509/509 508/508/508 507/507/507
f 512/512/512 511/511/511 510/510/510
f 515/515/515 514/514/514 513/513/513
f 518/518/518 517/517/517 516/516/516
f 521/521/521 520/520/520 519/519/519
f 524/524/524 523/523/523 522/522/522
f 527/527/527 526/526/526 525/525/525
f 530/530/530 529/529/529 528/528/528
f 533/533/533 532/532/532 531/531/531
f 536/536/536 535/535/535 534/534/534
f 539/539/539 538/538/538 537/537/537
f 542/542/542 541/541/541 540/540/540
f 545/545/545 544/544/544 543/543/543
f 548/548/548 547/547/547 546/546/546
f 551/551/551 550/550/550 549/549/549
f 554/554/554 553/553/553 552/552/552
f 557/557/557 556/556/556 555/555/555
f 560/560/560 559/559/559 558/558/558
f 563/563/563 562/562/562 561/561/561
f 566/566/566 565/565/565 564/564/564
f 569/569/569 568/568/568 567/567/567
f 572/572/572 571/571/571 570/570/570
f 575/575/575 574/574/574 573/573/573
f 578/578/578 577/577/577 576/576/576
f 581/581/581 580/580/580 579/579/579
f 584/584/584 583/583/583 582/582/582
f 587/587/587 586/586/586 585/585/585
f 590/590/590 589/589/589 588/588/588
f 593/593/593 592/592/592 591/591/591
f 596/596/596 595/595/595 594/594/594
f 599/599/599 598/598/598 597/597/597
f 602/602/602 601/601/601 600/600/600
f 605/605/605 604/604/604 603/603/603
f 608/608/608 607/607/607 606/606/606
f 611/611/611 610/610/610 609/609/609
f 614/614/614 613/613/613 612/612/612
f 617/617/617 616/616/616 615/615/615
f 620/620/620 619/619/619 618/618/618
f 623/623/623 622/622/622 621/621/621
f 626/626/626 625/625/625 624/624/624
f 629/629/629 628/628/628 627/627/627
f 632/632/632 631/631/631 630/630/630
f 635/635/635 634/634/634 633/633/633
f 638/638/638 637/637/637 636/636/636
f 641/641/641 640/640/640 639/639/639
f 644/644/644 643/643/643 642/642/642
f 647/647/647 646/646/646 645/645/645
f 650/650/650 649/649/649 648/648/648
f 653/653/653 652/652/652 651/651/651
f 656/656/656 655/655/655 654/654/654
f 658/658/658 657/657/657 654/654/654
f 654/654/654 657/657/657 659/659/659
f 657/657/657 660/660/660 659/659/659
f 659/659/659 660/660/660 661/661/661
f 664/664/664 663/663/663 662/662/662
f 667/667/667 666/666/666 665/665/665
f 670/670/670 669/669/669 668/668/668
f 673/673/673 672/672/672 671/671/671
f 676/676/676 675/675/675 674/674/674
f 679/679/679 678/678/678 677/677/677
f 682/682/682 681/681/681 680/680/680
f 685/685/685 684/684/684 683/683/683
f 688/688/688 687/687/687 686/686/686
f 691/691/691 690/690/690 689/689/689
f 694/694/694 693/693/693 692/692/692
f 697/697/697 696/696/696 695/695/695
f 700/700/700 699/699/699 698/698/698
f 703/703/703 702/702/702 701/701/701
f 706/706/706 705/705/705 704/704/704
f 709/709/709 708/708/708 707/707/707
f 712/712/712 711/711/711 710/710/710
f 715/715/715 714/714/714 713/713/713
f 718/718/718 717/717/717 716/716/716
f 721/721/721 720/720/720 719/719/719
f 724/724/724 723/723/723 722/722/722
f 727/727/727 726/726/726 725/725/725
f 730/730/730 729/729/729 728/728/728
f 733/733/733 732/732/732 731/731/731
f 736/736/736 735/735/735 734/734/734
f 739/739/739 738/738/738 737/737/737
f 742/742/742 741/741/741 740/740/740
f 745/745/745 744/744/744 743/743/743
f 748/748/748 747/747/747 746/746/746
f 751/751/751 750/750/750 749/749/749
f 754/754/754 753/753/753 752/752/752
f 757/757/757 756/756/756 755/755/755
f 760/760/760 759/759/759 758/758/758
f 763/763/763 762/762/762 761/761/761
f 766/766/766 765/765/765 764/764/764
f 769/769/769 768/768/768 767/767/767
f 772/772/772 771/771/771 770/770/770
f 775/775/775 774/774/774 773/773/773
f 778/778/778 777/777/777 776/776/776
f 781/781/781 780/780/780 779/779/779
f 784/784/784 783/783/783 782/782/782
f 782/782/782 783/783/783 785/785/785
f 788/788/788 787/787/787 786/786/786
f 789/789/789 787/787/787 788/788/788
f 792/792/792 791/791/791 790/790/790
f 790/790/790 791/791/791 793/793/793
f 796/796/796 795/795/795 794/794/794
f 797/797/797 795/795/795 796/796/796
f 800/800/800 799/799/799 798/798/798
f 801/801/801 799/799/799 800/800/800
f 804/804/804 803/803/803 802/802/802
f 802/802/802 803/803/803 805/805/805
f 808/808/808 807/807/807 806/806/806
f 809/809/809 807/807/807 808/808/808
f 812/812/812 811/811/811 810/810/810
f 813/813/813 811/811/811 812/812/812
f 816/816/816 815/815/815 814/814/814
f 814/814/814 815/815/815 817/817/817
f 815/815/815 818/818/818 817/817/817
f 817/817/817 818/818/818 819/819/819
f 822/822/822 821/821/821 820/820/820
f 820/820/820 821/821/821 823/823/823
f 826/826/826 825/825/825 824/824/824
f 824/824/824 825/825/825 827/827/827
f 830/830/830 829/829/829 828/828/828
f 828/828/828 829/829/829 831/831/831
f 834/834/834 833/833/833 832/832/832
f 835/835/835 833/833/833 834/834/834
f 838/838/838 837/837/837 836/836/836
f 836/836/836 837/837/837 839/839/839
f 842/842/842 841/841/841 840/840/840
f 840/840/840 841/841/841 843/843/843
f 846/846/846 845/845/845 844/844/844
f 844/844/844 845/845/845 847/847/847
f 850/850/850 849/849/849 848/848/848
f 851/851/851 849/849/849 850/850/850
f 854/854/854 853/853/853 852/852/852
f 852/852/852 853/853/853 855/855/855
f 858/858/858 857/857/857 856/856/856
f 859/859/859 857/857/857 858/858/858
f 862/862/862 861/861/861 860/860/860
f 860/860/860 861/861/861 863/863/863
f 866/866/866 865/865/865 864/864/864
f 867/867/867 865/865/865 866/866/866
f 870/870/870 869/869/869 868/868/868
f 868/868/868 869/869/869 871/871/871
f 874/874/874 873/873/873 872/872/872
f 875/875/875 873/873/873 874/874/874
f 878/878/878 877/877/877 876/876/876
f 876/876/876 877/877/877 879/879/879
f 882/882/882 881/881/881 880/880/880
f 883/883/883 881/881/881 882/882/882
f 886/886/886 885/885/885 884/884/884
f 887/887/887 885/885/885 886/886/886
f 890/890/890 889/889/889 888/888/888
f 888/888/888 889/889/889 891/891/891
f 894/894/894 893/893/893 892/892/892
f 895/895/895 893/893/893 894/894/894
f 898/898/898 897/897/897 896/896/896
f 896/896/896 897/897/897 899/899/899
f 902/902/902 901/901/901 900/900/900
f 903/903/903 901/901/901 902/902/902
f 906/906/906 905/905/905 904/904/904
f 904/904/904 905/905/905 907/907/907
f 910/910/910 909/909/909 908/908/908
f 911/911/911 909/909/909 910/910/910
f 914/914/914 913/913/913 912/912/912
f 915/915/915 913/913/913 914/914/914
f 918/918/918 917/917/917 916/916/916
f 919/919/919 917/917/917 918/918/918
f 922/922/922 921/921/921 920/920/920
f 923/923/923 921/921/921 922/922/922
f 923/923/923 924/924/924 921/921/921
f 925/925/925 924/924/924 923/923/923
f 928/928/928 927/927/927 926/926/926
f 926/926/926 927/927/927 929/929/929
f 932/932/932 931/931/931 930/930/930
f 930/930/930 931/931/931 933/933/933
f 936/936/936 935/935/935 934/934/934
f 934/934/934 935/935/935 937/937/937
f 940/940/940 939/939/939 938/938/938
f 941/941/941 939/939/939 940/940/940
f 944/944/944 943/943/943 942/942/942
f 945/945/945 943/943/943 944/944/944
f 945/945/945 946/946/946 943/943/943
f 947/947/947 946/946/946 945/945/945
f 947/947/947 948/948/948 946/946/946
f 946/946/946 948/948/948 949/949/949
f 952/952/952 951/951/951 950/950/950
f 950/950/950 951/951/951 953/953/953
f 953/953/953 951/951/951 954/954/954
f 951/951/951 955/955/955 954/954/954
f 954/954/954 955/955/955 956/956/956
f 959/959/959 958/958/958 957/957/957
f 957/957/957 958/958/958 960/960/960
f 963/963/963 962/962/962 961/961/961
f 964/964/964 962/962/962 963/963/963
f 964/964/964 965/965/965 962/962/962
f 966/966/966 965/965/965 964/964/964
f 966/966/966 967/967/967 965/965/965
f 968/968/968 967/967/967 966/966/966
f 968/968/968 969/969/969 967/967/967
f 970/970/970 969/969/969 968/968/968
f 973/973/973 972/972/972 971/971/971
f 974/974/974 972/972/972 973/973/973
f 974/974/974 973/973/973 975/975/975
f 975/975/975 973/973/973 976/976/976
f 979/979/979 978/978/978 977/977/977
f 980/980/980 978/978/978 979/979/979
f 983/983/983 982/982/982 981/981/981
f 981/981/981 982/982/982 984/984/984
f 987/987/987 986/986/986 985/985/985
f 988/988/988 986/986/986 987/987/987
f 991/991/991 990/990/990 989/989/989
f 989/989/989 990/990/990 992/992/992
f 995/995/995 994/994/994 993/993/993
f 993/993/993 994/994/994 996/996/996
f 999/999/999 998/998/998 997/997/997
f 1000/1000/1000 998/998/998 999/999/999
f 1003/1003/1003 1002/1002/1002 1001/1001/1001
f 1004/1004/1004 1002/1002/1002 1003/1003/1003
f 1007/1007/1007 1006/1006/1006 1005/1005/1005
f 1008/1008/1008 1006/1006/1006 1007/1007/1007
f 1011/1011/1011 1010/1010/1010 1009/1009/1009
f 1012/1012/1012 1010/1010/1010 1011/1011/1011
f 1015/1015/1015 1014/1014/1014 1013/1013/1013
f 1013/1013/1013 1014/1014/1014 1016/1016/1016
f 1019/1019/1019 1018/1018/1018 1017/1017/1017
f 1017/1017/1017 1018/1018/1018 1020/1020/1020
f 1023/1023/1023 1022/1022/1022 1021/1021/1021
f 1024/1024/1024 1022/1022/1022 1023/1023/1023
f 1027/1027/1027 1026/1026/1026 1025/1025/1025
f 1028/1028/1028 1026/1026/1026 1027/1027/1027
f 1031/1031/1031 1030/1030/1030 1029/1029/1029
f 1029/1029/1029 1030/1030/1030 1032/1032/1032
f 1032/1032/1032 1030/1030/1030 1033/1033/1033
f 1033/1033/1033 1030/1030/1030 1034/1034/1034
f 1037/1037/1037 1036/1036/1036 1035/1035/1035
f 1035/1035/1035 1036/1036/1036 1038/1038/1038
f 1041/1041/1041 1040/1040/1040 1039/1039/1039
f 1039/1039/1039 1040/1040/1040 1042/1042/1042
f 1039/1039/1039 1042/1042/1042 1043/1043/1043
f 1043/1043/1043 1042/1042/1042 1044/1044/1044
f 1047/1047/1047 1046/1046/1046 1045/1045/1045
f 1045/1045/1045 1046/1046/1046 1048/1048/1048
f 1048/1048/1048 1046/1046/1046 1049/1049/1049
f 1049/1049/1049 1046/1046/1046 1050/1050/1050
f 1050/1050/1050 1051/1051/1051 1049/1049/1049
f 1049/1049/1049 1051/1051/1051 1052/1052/1052
f 1055/1055/1055 1054/1054/1054 1053/1053/1053
f 1053/1053/1053 1054/1054/1054 1056/1056/1056
f 1059/1059/1059 1058/1058/1058 1057/1057/1057
f 1060/1060/1060 1058/1058/1058 1059/1059/1059
f 1063/1063/1063 1062/1062/1062 1061/1061/1061
f 1061/1061/1061 1062/1062/1062 1064/1064/1064
f 1067/1067/1067 1066/1066/1066 1065/1065/1065
f 1065/1065/1065 1066/1066/1066 1068/1068/1068
f 1071/1071/1071 1070/1070/1070 1069/1069/1069
f 1072/1072/1072 1071/1071/1071 1069/1069/1069
f 1073/1073/1073 1071/1071/1071 1072/1072/1072
f 1076/1076/1076 1075/1075/1075 1074/1074/1074
f 1074/1074/1074 1075/1075/1075 1077/1077/1077
f 1080/1080/1080 1079/1079/1079 1078/1078/1078
f 1081/1081/1081 1079/1079/1079 1080/1080/1080
f 1082/1082/1082 1079/1079/1079 1081/1081/1081
f 1085/1085/1085 1084/1084/1084 1083/1083/1083
f 1086/1086/1086 1084/1084/1084 1085/1085/1085
f 1089/1089/1089 1088/1088/1088 1087/1087/1087
f 1090/1090/1090 1088/1088/1088 1089/1089/1089
f 1093/1093/1093 1092/1092/1092 1091/1091/1091
f 1091/1091/1091 1092/1092/1092 1094/1094/1094
f 1097/1097/1097 1096/1096/1096 1095/1095/1095
f 1095/1095/1095 1096/1096/1096 1098/1098/1098
f 1101/1101/1101 1100/1100/1100 1099/1099/1099
f 1102/1102/1102 1100/1100/1100 1101/1101/1101
f 1105/1105/1105 1104/1104/1104 1103/1103/1103
f 1103/1103/1103 1104/1104/1104 1106/1106/1106
f 1106/1106/1106 1107/1107/1107 1103/1103/1103
f 1108/1108/1108 1107/1107/1107 1106/1106/1106
f 1108/1108/1108 1109/1109/1109 1107/1107/1107
f 1107/1107/1107 1109/1109/1109 1110/1110/1110
f 1110/1110/1110 1109/1109/1109 1111/1111/1111
f 1111/1111/1111 1109/1109/1109 1112/1112/1112
f 1115/1115/1115 1114/1114/1114 1113/1113/1113
f 1116/1116/1116 1114/1114/1114 1115/1115/1115
f 1119/1119/1119 1118/1118/1118 1117/1117/1117
f 1117/1117/1117 1118/1118/1118 1120/1120/1120
f 1123/1123/1123 1122/1122/1122 1121/1121/1121
f 1124/1124/1124 1122/1122/1122 1123/1123/1123
f 1127/1127/1127 1126/1126/1126 1125/1125/1125
f 1125/1125/1125 1126/1126/1126 1128/1128/1128
f 1131/1131/1131 1130/1130/1130 1129/1129/1129
f 1129/1129/1129 1130/1130/1130 1132/1132/1132
f 1135/1135/1135 1134/1134/1134 1133/1133/1133
f 1136/1136/1136 1134/1134/1134 1135/1135/1135
f 1139/1139/1139 1138/1138/1138 1137/1137/1137
f 1137/1137/1137 1138/1138/1138 1140/1140/1140
f 1140/1140/1140 1141/1141/1141 1137/1137/1137
f 1137/1137/1137 1141/1141/1141 1142/1142/1142
f 1141/1141/1141 1143/1143/1143 1142/1142/1142
f 1142/1142/1142 1143/1143/1143 1144/1144/1144
f 1143/1143/1143 1145/1145/1145 1144/1144/1144
f 1144/1144/1144 1145/1145/1145 1146/1146/1146
f 1146/1146/1146 1145/1145/1145 1147/1147/1147
f 1147/1147/1147 1145/1145/1145 1148/1148/1148
f 1149/1149/1149 1147/1147/1147 1148/1148/1148
f 1150/1150/1150 1147/1147/1147 1149/1149/1149
f 1153/1153/1153 1152/1152/1152 1151/1151/1151
f 1151/1151/1151 1152/1152/1152 1154/1154/1154
f 1154/1154/1154 1152/1152/1152 1155/1155/1155
f 1158/1158/1158 1157/1157/1157 1156/1156/1156
f 1156/1156/1156 1157/1157/1157 1159/1159/1159
f 1162/1162/1162 1161/1161/1161 1160/1160/1160
f 1163/1163/1163 1161/1161/1161 1162/1162/1162
f 1166/1166/1166 1165/1165/1165 1164/1164/1164
f 1164/1164/1164 1165/1165/1165 1167/1167/1167
f 1170/1170/1170 1169/1169/1169 1168/1168/1168
f 1168/1168/1168 1169/1169/1169 1171/1171/1171
f 1174/1174/1174 1173/1173/1173 1172/1172/1172
f 1175/1175/1175 1173/1173/1173 1174/1174/1174
f 1176/1176/1176 1173/1173/1173 1175/1175/1175
f 1177/1177/1177 1173/1173/1173 1176/1176/1176
f 1176/1176/1176 1178/1178/1178 1177/1177/1177
f 1179/1179/1179 1178/1178/1178 1176/1176/1176
f 1182/1182/1182 1181/1181/1181 1180/1180/1180
f 1180/1180/1180 1181/1181/1181 1183/1183/1183
f 1186/1186/1186 1185/1185/1185 1184/1184/1184
f 1184/1184/1184 1185/1185/1185 1187/1187/1187
f 1185/1185/1185 1188/1188/1188 1187/1187/1187
f 1189/1189/1189 1188/1188/1188 1185/1185/1185
f 1189/1189/1189 1190/1190/1190 1188/1188/1188
f 1191/1191/1191 1190/1190/1190 1189/1189/1189
f 1194/1194/1194 1193/1193/1193 1192/1192/1192
f 1194/1194/1194 1195/1195/1195 1193/1193/1193
f 1193/1193/1193 1195/1195/1195 1196/1196/1196
f 1199/1199/1199 1198/1198/1198 1197/1197/1197
f 1200/1200/1200 1198/1198/1198 1199/1199/1199
f 1203/1203/1203 1202/1202/1202 1201/1201/1201
f 1201/1201/1201 1202/1202/1202 1204/1204/1204
f 1207/1207/1207 1206/1206/1206 1205/1205/1205
f 1208/1208/1208 1206/1206/1206 1207/1207/1207
f 1211/1211/1211 1210/1210/1210 1209/1209/1209
f 1212/1212/1212 1210/1210/1210 1211/1211/1211
f 1215/1215/1215 1214/1214/1214 1213/1213/1213
f 1216/1216/1216 1214/1214/1214 1215/1215/1215
f 1219/1219/1219 1218/1218/1218 1217/1217/1217
f 1220/1220/1220 1218/1218/1218 1219/1219/1219
f 1221/1221/1221 1218/1218/1218 1220/1220/1220
f 1222/1222/1222 1218/1218/1218 1221/1221/1221
f 1225/1225/1225 1224/1224/1224 1223/1223/1223
f 1223/1223/1223 1224/1224/1224 1226/1226/1226
f 1224/1224/1224 1227/1227/1227 1226/1226/1226
f 1226/1226/1226 1227/1227/1227 1228/1228/1228
f 1227/1227/1227 1229/1229/1229 1228/1228/1228
f 1228/1228/1228 1229/1229/1229 1230/1230/1230
f 1229/1229/1229 1231/1231/1231 1230/1230/1230
f 1232/1232/1232 1231/1231/1231 1229/1229/1229
f 1235/1235/1235 1234/1234/1234 1233/1233/1233
f 1233/1233/1233 1234/1234/1234 1236/1236/1236
f 1236/1236/1236 1234/1234/1234 1237/1237/1237
f 1237/1237/1237 1234/1234/1234 1238/1238/1238
f 1238/1238/1238 1239/1239/1239 1237/1237/1237
f 1237/1237/1237 1239/1239/1239 1240/1240/1240
f 1243/1243/1243 1242/1242/1242 1241/1241/1241
f 1241/1241/1241 1242/1242/1242 1244/1244/1244
f 1244/1244/1244 1242/1242/1242 1245/1245/1245
f 1245/1245/1245 1242/1242/1242 1246/1246/1246
f 1246/1246/1246 1247/1247/1247 1245/1245/1245
f 1245/1245/1245 1247/1247/1247 1248/1248/1248
f 1248/1248/1248 1247/1247/1247 1249/1249/1249
f 1249/1249/1249 1247/1247/1247 1250/1250/1250
f 1253/1253/1253 1252/1252/1252 1251/1251/1251
f 1251/1251/1251 1252/1252/1252 1254/1254/1254
f 1257/1257/1257 1256/1256/1256 1255/1255/1255
f 1258/1258/1258 1256/1256/1256 1257/1257/1257
f 1261/1261/1261 1260/1260/1260 1259/1259/1259
f 1259/1259/1259 1260/1260/1260 1262/1262/1262
f 1265/1265/1265 1264/1264/1264 1263/1263/1263
f 1266/1266/1266 1264/1264/1264 1265/1265/1265
f 1269/1269/1269 1268/1268/1268 1267/1267/1267
f 1270/1270/1270 1268/1268/1268 1269/1269/1269
f 1271/1271/1271 1268/1268/1268 1270/1270/1270
f 1271/1271/1271 1270/1270/1270 1272/1272/1272
f 1275/1275/1275 1274/1274/1274 1273/1273/1273
f 1273/1273/1273 1274/1274/1274 1276/1276/1276
f 1279/1279/1279 1278/1278/1278 1277/1277/1277
f 1280/1280/1280 1278/1278/1278 1279/1279/1279
f 1283/1283/1283 1282/1282/1282 1281/1281/1281
f 1281/1281/1281 1282/1282/1282 1284/1284/1284
f 1287/1287/1287 1286/1286/1286 1285/1285/1285
f 1288/1288/1288 1286/1286/1286 1287/1287/1287
f 1291/1291/1291 1290/1290/1290 1289/1289/1289
f 1289/1289/1289 1290/1290/1290 1292/1292/1292
f 1295/1295/1295 1294/1294/1294 1293/1293/1293
f 1296/1296/1296 1294/1294/1294 1295/1295/1295
f 1299/1299/1299 1298/1298/1298 1297/1297/1297
f 1300/1300/1300 1298/1298/1298 1299/1299/1299
f 1303/1303/1303 1302/1302/1302 1301/1301/1301
f 1301/1301/1301 1302/1302/1302 1304/1304/1304
f 1307/1307/1307 1306/1306/1306 1305/1305/1305
f 1305/1305/1305 1306/1306/1306 1308/1308/1308
f 1311/1311/1311 1310/1310/1310 1309/1309/1309
f 1309/1309/1309 1310/1310/1310 1312/1312/1312
f 1315/1315/1315 1314/1314/1314 1313/1313/1313
f 1316/1316/1316 1315/1315/1315 1313/1313/1313
f 1317/1317/1317 1315/1315/1315 1316/1316/1316
f 1313/1313/1313 1318/1318/1318 1316/1316/1316
f 1319/1319/1319 1318/1318/1318 1313/1313/1313
f 1319/1319/1319 1320/1320/1320 1318/1318/1318
f 1321/1321/1321 1320/1320/1320 1319/1319/1319
f 1324/1324/1324 1323/1323/1323 1322/1322/1322
f 1322/1322/1322 1323/1323/1323 1325/1325/1325
f 1328/1328/1328 1327/1327/1327 1326/1326/1326
f 1326/1326/1326 1327/1327/1327 1329/1329/1329
f 1332/1332/1332 1331/1331/1331 1330/1330/1330
f 1332/1332/1332 1330/1330/1330 1333/1333/1333
f 1333/1333/1333 1330/1330/1330 1334/1334/1334
f 1335/1335/1335 1333/1333/1333 1334/1334/1334
f 1336/1336/1336 1333/1333/1333 1335/1335/1335
f 1339/1339/1339 1338/1338/1338 1337/1337/1337
f 1337/1337/1337 1338/1338/1338 1340/1340/1340
f 1343/1343/1343 1342/1342/1342 1341/1341/1341
f 1341/1341/1341 1342/1342/1342 1344/1344/1344
f 1347/1347/1347 1346/1346/1346 1345/1345/1345
f 1346/1346/1346 1348/1348/1348 1345/1345/1345
f 1345/1345/1345 1348/1348/1348 1349/1349/1349
f 1352/1352/1352 1351/1351/1351 1350/1350/1350
f 1350/1350/1350 1351/1351/1351 1353/1353/1353
f 1351/1351/1351 1354/1354/1354 1353/1353/1353
f 1353/1353/1353 1354/1354/1354 1355/1355/1355
f 1358/1358/1358 1357/1357/1357 1356/1356/1356
f 1359/1359/1359 1357/1357/1357 1358/1358/1358
f 1360/1360/1360 1359/1359/1359 1358/1358/1358
f 1361/1361/1361 1359/1359/1359 1360/1360/1360
f 1361/1361/1361 1360/1360/1360 1362/1362/1362
f 1362/1362/1362 1360/1360/1360 1363/1363/1363
f 1366/1366/1366 1365/1365/1365 1364/1364/1364
f 1367/1367/1367 1365/1365/1365 1366/1366/1366
f 1370/1370/1370 1369/1369/1369 1368/1368/1368
f 1368/1368/1368 1369/1369/1369 1371/1371/1371
f 1374/1374/1374 1373/1373/1373 1372/1372/1372
f 1375/1375/1375 1373/1373/1373 1374/1374/1374
f 1378/1378/1378 1377/1377/1377 1376/1376/1376
f 1376/1376/1376 1377/1377/1377 1379/1379/1379
f 1382/1382/1382 1381/1381/1381 1380/1380/1380
f 1380/1380/1380 1381/1381/1381 1383/1383/1383
f 1386/1386/1386 1385/1385/1385 1384/1384/1384
f 1384/1384/1384 1385/1385/1385 1387/1387/1387
f 1390/1390/1390 1389/1389/1389 1388/1388/1388
f 1388/1388/1388 1389/1389/1389 1391/1391/1391
f 1394/1394/1394 1393/1393/1393 1392/1392/1392
f 1392/1392/1392 1393/1393/1393 1395/1395/1395
f 1398/1398/1398 1397/1397/1397 1396/1396/1396
f 1396/1396/1396 1397/1397/1397 1399/1399/1399
f 1402/1402/1402 1401/1401/1401 1400/1400/1400
f 1400/1400/1400 1401/1401/1401 1403/1403/1403
f 1406/1406/1406 1405/1405/1405 1404/1404/1404
f 1407/1407/1407 1405/1405/1405 1406/1406/1406
f 1410/1410/1410 1409/1409/1409 1408/1408/1408
f 1411/1411/1411 1409/1409/1409 1410/1410/1410
f 1414/1414/1414 1413/1413/1413 1412/1412/1412
f 1415/1415/1415 1413/1413/1413 1414/1414/1414
f 1418/1418/1418 1417/1417/1417 1416/1416/1416
f 1416/1416/1416 1417/1417/1417 1419/1419/1419
f 1422/1422/1422 1421/1421/1421 1420/1420/1420
f 1420/1420/1420 1421/1421/1421 1423/1423/1423
f 1426/1426/1426 1425/1425/1425 1424/1424/1424
f 1424/1424/1424 1425/1425/1425 1427/1427/1427
f 1430/1430/1430 1429/1429/1429 1428/1428/1428
f 1431/1431/1431 1429/1429/1429 1430/1430/1430
f 1434/1434/1434 1433/1433/1433 1432/1432/1432
f 1435/1435/1435 1433/1433/1433 1434/1434/1434
f 1436/1436/1436 1433/1433/1433 1435/1435/1435
f 1437/1437/1437 1433/1433/1433 1436/1436/1436
f 1438/1438/1438 1437/1437/1437 1436/1436/1436
f 1439/1439/1439 1437/1437/1437 1438/1438/1438
f 1442/1442/1442 1441/1441/1441 1440/1440/1440
f 1443/1443/1443 1441/1441/1441 1442/1442/1442
f 1443/1443/1443 1444/1444/1444 1441/1441/1441
f 1441/1441/1441 1444/1444/1444 1445/1445/1445
f 1448/1448/1448 1447/1447/1447 1446/1446/1446
f 1446/1446/1446 1447/1447/1447 1449/1449/1449
f 1452/1452/1452 1451/1451/1451 1450/1450/1450
f 1451/1451/1451 1453/1453/1453 1450/1450/1450
f 1450/1450/1450 1453/1453/1453 1454/1454/1454
f 1457/1457/1457 1456/1456/1456 1455/1455/1455
f 1458/1458/1458 1456/1456/1456 1457/1457/1457
f 1459/1459/1459 1458/1458/1458 1457/1457/1457
f 1460/1460/1460 1458/1458/1458 1459/1459/1459
f 1463/1463/1463 1462/1462/1462 1461/1461/1461
f 1464/1464/1464 1462/1462/1462 1463/1463/1463
f 1467/1467/1467 1466/1466/1466 1465/1465/1465
f 1465/1465/1465 1466/1466/1466 1468/1468/1468
f 1471/1471/1471 1470/1470/1470 1469/1469/1469
f 1472/1472/1472 1470/1470/1470 1471/1471/1471
f 1475/1475/1475 1474/1474/1474 1473/1473/1473
f 1473/1473/1473 1474/1474/1474 1476/1476/1476
f 1479/1479/1479 1478/1478/1478 1477/1477/1477
f 1477/1477/1477 1478/1478/1478 1480/1480/1480
f 1483/1483/1483 1482/1482/1482 1481/1481/1481
f 1484/1484/1484 1482/1482/1482 1483/1483/1483
f 1487/1487/1487 1486/1486/1486 1485/1485/1485
f 1488/1488/1488 1486/1486/1486 1487/1487/1487
f 1491/1491/1491 1490/1490/1490 1489/1489/1489
f 1489/1489/1489 1490/1490/1490 1492/1492/1492
f 1495/1495/1495 1494/1494/1494 1493/1493/1493
f 1496/1496/1496 1494/1494/1494 1495/1495/1495
f 1499/1499/1499 1498/1498/1498 1497/1497/1497
f 1500/1500/1500 1498/1498/1498 1499/1499/1499
f 1503/1503/1503 1502/1502/1502 1501/1501/1501
f 1501/1501/1501 1502/1502/1502 1504/1504/1504
f 1507/1507/1507 1506/1506/1506 1505/1505/1505
f 1505/1505/1505 1506/1506/1506 1508/1508/1508
f 1511/1511/1511 1510/1510/1510 1509/1509/1509
f 1509/1509/1509 1510/1510/1510 1512/1512/1512
f 1515/1515/1515 1514/1514/1514 1513/1513/1513
f 1516/1516/1516 1514/1514/1514 1515/1515/1515
f 1519/1519/1519 1518/1518/1518 1517/1517/1517
f 1520/1520/1520 1518/1518/1518 1519/1519/1519
f 1523/1523/1523 1522/1522/1522 1521/1521/1521
f 1521/1521/1521 1522/1522/1522 1524/1524/1524
f 1527/1527/1527 1526/1526/1526 1525/1525/1525
f 1525/1525/1525 1526/1526/1526 1528/1528/1528
f 1531/1531/1531 1530/1530/1530 1529/1529/1529
f 1532/1532/1532 1530/1530/1530 1531/1531/1531
f 1535/1535/1535 1534/1534/1534 1533/1533/1533
f 1533/1533/1533 1534/1534/1534 1536/1536/1536
f 1539/1539/1539 1538/1538/1538 1537/1537/1537
f 1540/1540/1540 1538/1538/1538 1539/1539/1539
f 1543/1543/1543 1542/1542/1542 1541/1541/1541
f 1542/1542/1542 1544/1544/1544 1541/1541/1541
f 1545/1545/1545 1541/1541/1541 1544/1544/1544
f 1545/1545/1545 1544/1544/1544 1546/1546/1546
f 1549/1549/1549 1548/1548/1548 1547/1547/1547
f 1547/1547/1547 1548/1548/1548 1550/1550/1550
f 1553/1553/1553 1552/1552/1552 1551/1551/1551
f 1554/1554/1554 1552/1552/1552 1553/1553/1553
f 1557/1557/1557 1556/1556/1556 1555/1555/1555
f 1555/1555/1555 1556/1556/1556 1558/1558/1558
f 1561/1561/1561 1560/1560/1560 1559/1559/1559
f 1559/1559/1559 1560/1560/1560 1562/1562/1562
f 1565/1565/1565 1564/1564/1564 1563/1563/1563
f 1563/1563/1563 1564/1564/1564 1566/1566/1566
f 1569/1569/1569 1568/1568/1568 1567/1567/1567
f 1570/1570/1570 1568/1568/1568 1569/1569/1569
f 1573/1573/1573 1572/1572/1572 1571/1571/1571
f 1574/1574/1574 1572/1572/1572 1573/1573/1573
f 1577/1577/1577 1576/1576/1576 1575/1575/1575
f 1575/1575/1575 1576/1576/1576 1578/1578/1578
f 1581/1581/1581 1580/1580/1580 1579/1579/1579
f 1582/1582/1582 1580/1580/1580 1581/1581/1581
f 1585/1585/1585 1584/1584/1584 1583/1583/1583
f 1583/1583/1583 1584/1584/1584 1586/1586/1586
f 1589/1589/1589 1588/1588/1588 1587/1587/1587
f 1590/1590/1590 1588/1588/1588 1589/1589/1589
f 1593/1593/1593 1592/1592/1592 1591/1591/1591
f 1591/1591/1591 1592/1592/1592 1594/1594/1594
f 1597/1597/1597 1596/1596/1596 1595/1595/1595
f 1598/1598/1598 1596/1596/1596 1597/1597/1597
f 1601/1601/1601 1600/1600/1600 1599/1599/1599
f 1602/1602/1602 1600/1600/1600 1601/1601/1601
f 1605/1605/1605 1604/1604/1604 1603/1603/1603
f 1603/1603/1603 1604/1604/1604 1606/1606/1606
f 1609/1609/1609 1608/1608/1608 1607/1607/1607
f 1607/1607/1607 1608/1608/1608 1610/1610/1610
f 1613/1613/1613 1612/1612/1612 1611/1611/1611
f 1611/1611/1611 1612/1612/1612 1614/1614/1614
f 1617/1617/1617 1616/1616/1616 1615/1615/1615
f 1615/1615/1615 1616/1616/1616 1618/1618/1618
f 1621/1621/1621 1620/1620/1620 1619/1619/1619
f 1622/1622/1622 1620/1620/1620 1621/1621/1621
f 1625/1625/1625 1624/1624/1624 1623/1623/1623
f 1626/1626/1626 1624/1624/1624 1625/1625/1625
f 1629/1629/1629 1628/1628/1628 1627/1627/1627
f 1627/1627/1627 1628/1628/1628 1630/1630/1630
f 1633/1633/1633 1632/1632/1632 1631/1631/1631
f 1634/1634/1634 1632/1632/1632 1633/1633/1633
f 1637/1637/1637 1636/1636/1636 1635/1635/1635
f 1635/1635/1635 1636/1636/1636 1638/1638/1638
f 1636/1636/1636 1639/1639/1639 1638/1638/1638
f 1638/1638/1638 1639/1639/1639 1640/1640/1640
f 1643/1643/1643 1642/1642/1642 1641/1641/1641
f 1641/1641/1641 1642/1642/1642 1644/1644/1644
f 1647/1647/1647 1646/1646/1646 1645/1645/1645
f 1648/1648/1648 1646/1646/1646 1647/1647/1647
f 1651/1651/1651 1650/1650/1650 1649/1649/1649
f 1649/1649/1649 1650/1650/1650 1652/1652/1652
f 1650/1650/1650 1653/1653/1653 1652/1652/1652
f 1652/1652/1652 1653/1653/1653 1654/1654/1654
f 1653/1653/1653 1655/1655/1655 1654/1654/1654
f 1654/1654/1654 1655/1655/1655 1656/1656/1656
f 1657/1657/1657 1654/1654/1654 1656/1656/1656
f 1660/1660/1660 1659/1659/1659 1658/1658/1658
f 1658/1658/1658 1659/1659/1659 1661/1661/1661
f 1664/1664/1664 1663/1663/1663 1662/1662/1662
f 1665/1665/1665 1663/1663/1663 1664/1664/1664
f 1666/1666/1666 1665/1665/1665 1664/1664/1664
f 1667/1667/1667 1665/1665/1665 1666/1666/1666
f 1668/1668/1668 1667/1667/1667 1666/1666/1666
f 1669/1669/1669 1667/1667/1667 1668/1668/1668
f 1670/1670/1670 1669/1669/1669 1668/1668/1668
f 1671/1671/1671 1669/1669/1669 1670/1670/1670
f 1674/1674/1674 1673/1673/1673 1672/1672/1672
f 1672/1672/1672 1673/1673/1673 1675/1675/1675
f 1678/1678/1678 1677/1677/1677 1676/1676/1676
f 1679/1679/1679 1677/1677/1677 1678/1678/1678
f 1682/1682/1682 1681/1681/1681 1680/1680/1680
f 1680/1680/1680 1681/1681/1681 1683/1683/1683
f 1680/1680/1680 1683/1683/1683 1684/1684/1684
f 1684/1684/1684 1683/1683/1683 1685/1685/1685
f 1686/1686/1686 1684/1684/1684 1685/1685/1685
f 1687/1687/1687 1684/1684/1684 1686/1686/1686
f 1687/1687/1687 1686/1686/1686 1688/1688/1688
f 1688/1688/1688 1686/1686/1686 1689/1689/1689
f 1690/1690/1690 1688/1688/1688 1689/1689/1689
f 1691/1691/1691 1688/1688/1688 1690/1690/1690
f 1691/1691/1691 1692/1692/1692 1688/1688/1688
f 1693/1693/1693 1692/1692/1692 1691/1691/1691
f 1693/1693/1693 1694/1694/1694 1692/1692/1692
f 1695/1695/1695 1694/1694/1694 1693/1693/1693
f 1698/1698/1698 1697/1697/1697 1696/1696/1696
f 1699/1699/1699 1698/1698/1698 1696/1696/1696
f 1700/1700/1700 1698/1698/1698 1699/1699/1699
f 1699/1699/1699 1696/1696/1696 1701/1701/1701
f 1701/1701/1701 1696/1696/1696 1702/1702/1702
f 1703/1703/1703 1701/1701/1701 1702/1702/1702
f 1704/1704/1704 1701/1701/1701 1703/1703/1703
f 1707/1707/1707 1706/1706/1706 1705/1705/1705
f 1705/1705/1705 1706/1706/1706 1708/1708/1708
f 1711/1711/1711 1710/1710/1710 1709/1709/1709
f 1709/1709/1709 1710/1710/1710 1712/1712/1712
f 1715/1715/1715 1714/1714/1714 1713/1713/1713
f 1713/1713/1713 1714/1714/1714 1716/1716/1716
f 1717/1717/1717 1716/1716/1716 1714/1714/1714
f 1718/1718/1718 1716/1716/1716 1717/1717/1717
f 1717/1717/1717 1719/1719/1719 1718/1718/1718
f 1720/1720/1720 1719/1719/1719 1717/1717/1717
f 1719/1719/1719 1721/1721/1721 1718/1718/1718
f 1722/1722/1722 1716/1716/1716 1718/1718/1718
f 1718/1718/1718 1721/1721/1721 1722/1722/1722
f 1723/1723/1723 1716/1716/1716 1722/1722/1722
f 1722/1722/1722 1721/1721/1721 1724/1724/1724
f 1721/1721/1721 1725/1725/1725 1724/1724/1724
f 1724/1724/1724 1726/1726/1726 1722/1722/1722
f 1726/1726/1726 1723/1723/1723 1722/1722/1722
f 1727/1727/1727 1723/1723/1723 1726/1726/1726
f 1730/1730/1730 1729/1729/1729 1728/1728/1728
f 1728/1728/1728 1729/1729/1729 1731/1731/1731
f 1734/1734/1734 1733/1733/1733 1732/1732/1732
f 1732/1732/1732 1733/1733/1733 1735/1735/1735
f 1738/1738/1738 1737/1737/1737 1736/1736/1736
f 1739/1739/1739 1737/1737/1737 1738/1738/1738
f 1742/1742/1742 1741/1741/1741 1740/1740/1740
f 1740/1740/1740 1741/1741/1741 1743/1743/1743
f 1746/1746/1746 1745/1745/1745 1744/1744/1744
f 1744/1744/1744 1745/1745/1745 1747/1747/1747
f 1750/1750/1750 1749/1749/1749 1748/1748/1748
f 1748/1748/1748 1749/1749/1749 1751/1751/1751
f 1754/1754/1754 1753/1753/1753 1752/1752/1752
f 1755/1755/1755 1753/1753/1753 1754/1754/1754
f 1758/1758/1758 1757/1757/1757 1756/1756/1756
f 1756/1756/1756 1757/1757/1757 1759/1759/1759
f 1762/1762/1762 1761/1761/1761 1760/1760/1760
f 1760/1760/1760 1761/1761/1761 1763/1763/1763
f 1766/1766/1766 1765/1765/1765 1764/1764/1764
f 1764/1764/1764 1765/1765/1765 1767/1767/1767
f 1770/1770/1770 1769/1769/1769 1768/1768/1768
f 1768/1768/1768 1769/1769/1769 1771/1771/1771
f 1774/1774/1774 1773/1773/1773 1772/1772/1772
f 1775/1775/1775 1773/1773/1773 1774/1774/1774
f 1778/1778/1778 1777/1777/1777 1776/1776/1776
f 1779/1779/1779 1777/1777/1777 1778/1778/1778
f 1778/1778/1778 1780/1780/1780 1779/1779/1779
f 1779/1779/1779 1780/1780/1780 1781/1781/1781
f 1784/1784/1784 1783/1783/1783 1782/1782/1782
f 1782/1782/1782 1783/1783/1783 1785/1785/1785
f 1783/1783/1783 1786/1786/1786 1785/1785/1785
f 1785/1785/1785 1786/1786/1786 1787/1787/1787
f 1790/1790/1790 1789/1789/1789 1788/1788/1788
f 1788/1788/1788 1789/1789/1789 1791/1791/1791
f 1794/1794/1794 1793/1793/1793 1792/1792/1792
f 1795/1795/1795 1793/1793/1793 1794/1794/1794
f 1794/1794/1794 1796/1796/1796 1795/1795/1795
f 1795/1795/1795 1796/1796/1796 1797/1797/1797
f 1800/1800/1800 1799/1799/1799 1798/1798/1798
f 1798/1798/1798 1799/1799/1799 1801/1801/1801
f 1804/1804/1804 1803/1803/1803 1802/1802/1802
f 1805/1805/1805 1803/1803/1803 1804/1804/1804
f 1806/1806/1806 1803/1803/1803 1805/1805/1805
f 1807/1807/1807 1803/1803/1803 1806/1806/1806
f 1810/1810/1810 1809/1809/1809 1808/1808/1808
f 1811/1811/1811 1809/1809/1809 1810/1810/1810
f 1814/1814/1814 1813/1813/1813 1812/1812/1812
f 1812/1812/1812 1813/1813/1813 1815/1815/1815
f 1818/1818/1818 1817/1817/1817 1816/1816/1816
f 1819/1819/1819 1817/1817/1817 1818/1818/1818
f 1822/1822/1822 1821/1821/1821 1820/1820/1820
f 1823/1823/1823 1821/1821/1821 1822/1822/1822
f 1823/1823/1823 1824/1824/1824 1821/1821/1821
f 1825/1825/1825 1824/1824/1824 1823/1823/1823
f 1828/1828/1828 1827/1827/1827 1826/1826/1826
f 1826/1826/1826 1827/1827/1827 1829/1829/1829
f 1832/1832/1832 1831/1831/1831 1830/1830/1830
f 1833/1833/1833 1831/1831/1831 1832/1832/1832
f 1836/1836/1836 1835/1835/1835 1834/1834/1834
f 1837/1837/1837 1835/1835/1835 1836/1836/1836
f 1840/1840/1840 1839/1839/1839 1838/1838/1838
f 1841/1841/1841 1839/1839/1839 1840/1840/1840
f 1844/1844/1844 1843/1843/1843 1842/1842/1842
f 1842/1842/1842 1843/1843/1843 1845/1845/1845
f 1848/1848/1848 1847/1847/1847 1846/1846/1846
f 1849/1849/1849 1847/1847/1847 1848/1848/1848
f 1849/1849/1849 1848/1848/1848 1850/1850/1850
f 1850/1850/1850 1848/1848/1848 1851/1851/1851
f 1854/1854/1854 1853/1853/1853 1852/1852/1852
f 1855/1855/1855 1853/1853/1853 1854/1854/1854
f 1858/1858/1858 1857/1857/1857 1856/1856/1856
f 1856/1856/1856 1857/1857/1857 1859/1859/1859
f 1862/1862/1862 1861/1861/1861 1860/1860/1860
f 1860/1860/1860 1861/1861/1861 1863/1863/1863
f 1866/1866/1866 1865/1865/1865 1864/1864/1864
f 1866/1866/1866 1867/1867/1867 1865/1865/1865
f 1868/1868/1868 1867/1867/1867 1866/1866/1866
f 1871/1871/1871 1870/1870/1870 1869/1869/1869
f 1872/1872/1872 1870/1870/1870 1871/1871/1871
f 1872/1872/1872 1871/1871/1871 1873/1873/1873
f 1873/1873/1873 1871/1871/1871 1874/1874/1874
f 1873/1873/1873 1874/1874/1874 1875/1875/1875
f 1875/1875/1875 1874/1874/1874 1876/1876/1876
f 1879/1879/1879 1878/1878/1878 1877/1877/1877
f 1877/1877/1877 1878/1878/1878 1880/1880/1880
f 1877/1877/1877 1880/1880/1880 1881/1881/1881
f 1881/1881/1881 1880/1880/1880 1882/1882/1882
f 1885/1885/1885 1884/1884/1884 1883/1883/1883
f 1886/1886/1886 1884/1884/1884 1885/1885/1885
f 1887/1887/1887 1886/1886/1886 1885/1885/1885
f 1890/1890/1890 1889/1889/1889 1888/1888/1888
f 1888/1888/1888 1889/1889/1889 1891/1891/1891
f 1888/1888/1888 1891/1891/1891 1892/1892/1892
f 1892/1892/1892 1891/1891/1891 1893/1893/1893
f 1894/1894/1894 1892/1892/1892 1893/1893/1893
f 1895/1895/1895 1892/1892/1892 1894/1894/1894
f 1898/1898/1898 1897/1897/1897 1896/1896/1896
f 1899/1899/1899 1897/1897/1897 1898/1898/1898
f 1902/1902/1902 1901/1901/1901 1900/1900/1900
f 1900/1900/1900 1901/1901/1901 1903/1903/1903
f 1906/1906/1906 1905/1905/1905 1904/1904/1904
f 1907/1907/1907 1905/1905/1905 1906/1906/1906
f 1910/1910/1910 1909/1909/1909 1908/1908/1908
f 1911/1911/1911 1909/1909/1909 1910/1910/1910
f 1914/1914/1914 1913/1913/1913 1912/1912/1912
f 1912/1912/1912 1913/1913/1913 1915/1915/1915
f 1918/1918/1918 1917/1917/1917 1916/1916/1916
f 1916/1916/1916 1917/1917/1917 1919/1919/1919
f 1922/1922/1922 1921/1921/1921 1920/1920/1920
f 1923/1923/1923 1921/1921/1921 1922/1922/1922
f 1926/1926/1926 1925/1925/1925 1924/1924/1924
f 1924/1924/1924 1925/1925/1925 1927/1927/1927
f 1930/1930/1930 1929/1929/1929 1928/1928/1928
f 1928/1928/1928 1929/1929/1929 1931/1931/1931
f 1934/1934/1934 1933/1933/1933 1932/1932/1932
f 1932/1932/1932 1933/1933/1933 1935/1935/1935
f 1936/1936/1936 1935/1935/1935 1933/1933/1933
f 1939/1939/1939 1938/1938/1938 1937/1937/1937
f 1940/1940/1940 1938/1938/1938 1939/1939/1939
f 1943/1943/1943 1942/1942/1942 1941/1941/1941
f 1941/1941/1941 1942/1942/1942 1944/1944/1944
f 1945/1945/1945 1941/1941/1941 1944/1944/1944
f 1946/1946/1946 1941/1941/1941 1945/1945/1945
f 1947/1947/1947 1946/1946/1946 1945/1945/1945
f 1948/1948/1948 1946/1946/1946 1947/1947/1947
f 1951/1951/1951 1950/1950/1950 1949/1949/1949
f 1952/1952/1952 1950/1950/1950 1951/1951/1951
f 1955/1955/1955 1954/1954/1954 1953/1953/1953
f 1956/1956/1956 1954/1954/1954 1955/1955/1955
f 1959/1959/1959 1958/1958/1958 1957/1957/1957
f 1960/1960/1960 1958/1958/1958 1959/1959/1959
f 1963/1963/1963 1962/1962/1962 1961/1961/1961
f 1961/1961/1961 1962/1962/1962 1964/1964/1964
f 1967/1967/1967 1966/1966/1966 1965/1965/1965
f 1968/1968/1968 1965/1965/1965 1966/1966/1966
f 1971/1971/1971 1970/1970/1970 1969/1969/1969
f 1969/1969/1969 1970/1970/1970 1972/1972/1972
f 1975/1975/1975 1974/1974/1974 1973/1973/1973
f 1973/1973/1973 1974/1974/1974 1976/1976/1976
f 1973/1973/1973 1976/1976/1976 1977/1977/1977
f 1977/1977/1977 1976/1976/1976 1978/1978/1978
f 1981/1981/1981 1980/1980/1980 1979/1979/1979
f 1979/1979/1979 1980/1980/1980 1982/1982/1982
f 1985/1985/1985 1984/1984/1984 1983/1983/1983
f 1983/1983/1983 1984/1984/1984 1986/1986/1986
f 1987/1987/1987 1983/1983/1983 1986/1986/1986
f 1988/1988/1988 1983/1983/1983 1987/1987/1987
f 1989/1989/1989 1988/1988/1988 1987/1987/1987
f 1990/1990/1990 1988/1988/1988 1989/1989/1989
f 1993/1993/1993 1992/1992/1992 1991/1991/1991
f 1994/1994/1994 1992/1992/1992 1993/1993/1993
f 1997/1997/1997 1996/1996/1996 1995/1995/1995
f 1998/1998/1998 1996/1996/1996 1997/1997/1997
f 2001/2001/2001 2000/2000/2000 1999/1999/1999
f 2002/2002/2002 2000/2000/2000 2001/2001/2001
f 2005/2005/2005 2004/2004/2004 2003/2003/2003
f 2006/2006/2006 2004/2004/2004 2005/2005/2005
f 2009/2009/2009 2008/2008/2008 2007/2007/2007
f 2010/2010/2010 2008/2008/2008 2009/2009/2009
f 2013/2013/2013 2012/2012/2012 2011/2011/2011
f 2014/2014/2014 2012/2012/2012 2013/2013/2013
f 2017/2017/2017 2016/2016/2016 2015/2015/2015
f 2015/2015/2015 2016/2016/2016 2018/2018/2018
f 2021/2021/2021 2020/2020/2020 2019/2019/2019
f 2022/2022/2022 2020/2020/2020 2021/2021/2021
f 2025/2025/2025 2024/2024/2024 2023/2023/2023
f 2026/2026/2026 2024/2024/2024 2025/2025/2025
f 2029/2029/2029 2028/2028/2028 2027/2027/2027
f 2027/2027/2027 2028/2028/2028 2030/2030/2030
f 2033/2033/2033 2032/2032/2032 2031/2031/2031
f 2034/2034/2034 2032/2032/2032 2033/2033/2033
f 2037/2037/2037 2036/2036/2036 2035/2035/2035
f 2035/2035/2035 2036/2036/2036 2038/2038/2038
f 2041/2041/2041 2040/2040/2040 2039/2039/2039
f 2039/2039/2039 2040/2040/2040 2042/2042/2042
f 2045/2045/2045 2044/2044/2044 2043/2043/2043
f 2043/2043/2043 2044/2044/2044 2046/2046/2046
f 2049/2049/2049 2048/2048/2048 2047/2047/2047
f 2047/2047/2047 2048/2048/2048 2050/2050/2050
f 2053/2053/2053 2052/2052/2052 2051/2051/2051
f 2051/2051/2051 2052/2052/2052 2054/2054/2054
f 2057/2057/2057 2056/2056/2056 2055/2055/2055
f 2058/2058/2058 2056/2056/2056 2057/2057/2057
f 2061/2061/2061 2060/2060/2060 2059/2059/2059
f 2062/2062/2062 2060/2060/2060 2061/2061/2061
f 2065/2065/2065 2064/2064/2064 2063/2063/2063
f 2066/2066/2066 2064/2064/2064 2065/2065/2065
f 2067/2067/2067 2066/2066/2066 2065/2065/2065
f 2070/2070/2070 2069/2069/2069 2068/2068/2068
f 2071/2071/2071 2069/2069/2069 2070/2070/2070
f 2072/2072/2072 2071/2071/2071 2070/2070/2070
f 2073/2073/2073 2071/2071/2071 2072/2072/2072
f 2076/2076/2076 2075/2075/2075 2074/2074/2074
f 2074/2074/2074 2075/2075/2075 2077/2077/2077
f 2075/2075/2075 2078/2078/2078 2077/2077/2077
f 2079/2079/2079 2078/2078/2078 2075/2075/2075
f 2079/2079/2079 2080/2080/2080 2078/2078/2078
f 2081/2081/2081 2080/2080/2080 2079/2079/2079
f 2084/2084/2084 2083/2083/2083 2082/2082/2082
f 2085/2085/2085 2083/2083/2083 2084/2084/2084
f 2086/2086/2086 2085/2085/2085 2084/2084/2084
f 2087/2087/2087 2085/2085/2085 2086/2086/2086
f 2090/2090/2090 2089/2089/2089 2088/2088/2088
f 2091/2091/2091 2089/2089/2089 2090/2090/2090
f 2094/2094/2094 2093/2093/2093 2092/2092/2092
f 2092/2092/2092 2093/2093/2093 2095/2095/2095
f 2098/2098/2098 2097/2097/2097 2096/2096/2096
f 2099/2099/2099 2097/2097/2097 2098/2098/2098
f 2102/2102/2102 2101/2101/2101 2100/2100/2100
f 2100/2100/2100 2101/2101/2101 2103/2103/2103
f 2106/2106/2106 2105/2105/2105 2104/2104/2104
f 2107/2107/2107 2105/2105/2105 2106/2106/2106
f 2110/2110/2110 2109/2109/2109 2108/2108/2108
f 2111/2111/2111 2109/2109/2109 2110/2110/2110
f 2112/2112/2112 2111/2111/2111 2110/2110/2110
f 2113/2113/2113 2111/2111/2111 2112/2112/2112
f 2116/2116/2116 2115/2115/2115 2114/2114/2114
f 2117/2117/2117 2115/2115/2115 2116/2116/2116
f 2120/2120/2120 2119/2119/2119 2118/2118/2118
f 2121/2121/2121 2119/2119/2119 2120/2120/2120
f 2124/2124/2124 2123/2123/2123 2122/2122/2122
f 2125/2125/2125 2123/2123/2123 2124/2124/2124
f 2128/2128/2128 2127/2127/2127 2126/2126/2126
f 2126/2126/2126 2127/2127/2127 2129/2129/2129
f 2132/2132/2132 2131/2131/2131 2130/2130/2130
f 2133/2133/2133 2131/2131/2131 2132/2132/2132
f 2136/2136/2136 2135/2135/2135 2134/2134/2134
f 2134/2134/2134 2135/2135/2135 2137/2137/2137
f 2140/2140/2140 2139/2139/2139 2138/2138/2138
f 2138/2138/2138 2139/2139/2139 2141/2141/2141
f 2144/2144/2144 2143/2143/2143 2142/2142/2142
f 2142/2142/2142 2143/2143/2143 2145/2145/2145
f 2148/2148/2148 2147/2147/2147 2146/2146/2146
f 2149/2149/2149 2147/2147/2147 2148/2148/2148
f 2152/2152/2152 2151/2151/2151 2150/2150/2150
f 2153/2153/2153 2151/2151/2151 2152/2152/2152
f 2156/2156/2156 2155/2155/2155 2154/2154/2154
f 2154/2154/2154 2155/2155/2155 2157/2157/2157
f 2160/2160/2160 2159/2159/2159 2158/2158/2158
f 2158/2158/2158 2159/2159/2159 2161/2161/2161
f 2159/2159/2159 2162/2162/2162 2161/2161/2161
f 2161/2161/2161 2162/2162/2162 2163/2163/2163
f 2162/2162/2162 2164/2164/2164 2163/2163/2163
f 2163/2163/2163 2164/2164/2164 2165/2165/2165
f 2168/2168/2168 2167/2167/2167 2166/2166/2166
f 2169/2169/2169 2167/2167/2167 2168/2168/2168
f 2170/2170/2170 2169/2169/2169 2168/2168/2168
f 2171/2171/2171 2169/2169/2169 2170/2170/2170
f 2172/2172/2172 2171/2171/2171 2170/2170/2170
f 2173/2173/2173 2171/2171/2171 2172/2172/2172
f 2174/2174/2174 2173/2173/2173 2172/2172/2172
f 2175/2175/2175 2173/2173/2173 2174/2174/2174
f 2178/2178/2178 2177/2177/2177 2176/2176/2176
f 2179/2179/2179 2177/2177/2177 2178/2178/2178
f 2182/2182/2182 2181/2181/2181 2180/2180/2180
f 2183/2183/2183 2181/2181/2181 2182/2182/2182
f 2186/2186/2186 2185/2185/2185 2184/2184/2184
f 2187/2187/2187 2185/2185/2185 2186/2186/2186
f 2190/2190/2190 2189/2189/2189 2188/2188/2188
f 2191/2191/2191 2189/2189/2189 2190/2190/2190
f 2194/2194/2194 2193/2193/2193 2192/2192/2192
f 2195/2195/2195 2193/2193/2193 2194/2194/2194
f 2196/2196/2196 2195/2195/2195 2194/2194/2194
f 2197/2197/2197 2195/2195/2195 2196/2196/2196
f 2200/2200/2200 2199/2199/2199 2198/2198/2198
f 2201/2201/2201 2199/2199/2199 2200/2200/2200
f 2201/2201/2201 2202/2202/2202 2199/2199/2199
f 2199/2199/2199 2202/2202/2202 2203/2203/2203
f 2206/2206/2206 2205/2205/2205 2204/2204/2204
f 2207/2207/2207 2205/2205/2205 2206/2206/2206
f 2210/2210/2210 2209/2209/2209 2208/2208/2208
f 2211/2211/2211 2209/2209/2209 2210/2210/2210
f 2214/2214/2214 2213/2213/2213 2212/2212/2212
f 2212/2212/2212 2213/2213/2213 2215/2215/2215
f 2218/2218/2218 2217/2217/2217 2216/2216/2216
f 2216/2216/2216 2217/2217/2217 2219/2219/2219
f 2222/2222/2222 2221/2221/2221 2220/2220/2220
f 2220/2220/2220 2221/2221/2221 2223/2223/2223
f 2226/2226/2226 2225/2225/2225 2224/2224/2224
f 2224/2224/2224 2225/2225/2225 2227/2227/2227
f 2230/2230/2230 2229/2229/2229 2228/2228/2228
f 2228/2228/2228 2229/2229/2229 2231/2231/2231
f 2229/2229/2229 2232/2232/2232 2231/2231/2231
f 2231/2231/2231 2232/2232/2232 2233/2233/2233
f 2232/2232/2232 2234/2234/2234 2233/2233/2233
f 2233/2233/2233 2234/2234/2234 2235/2235/2235
f 2238/2238/2238 2237/2237/2237 2236/2236/2236
f 2236/2236/2236 2237/2237/2237 2239/2239/2239
f 2242/2242/2242 2241/2241/2241 2240/2240/2240
f 2240/2240/2240 2241/2241/2241 2243/2243/2243
f 2241/2241/2241 2244/2244/2244 2243/2243/2243
f 2243/2243/2243 2244/2244/2244 2245/2245/2245
f 2244/2244/2244 2246/2246/2246 2245/2245/2245
f 2247/2247/2247 2246/2246/2246 2244/2244/2244
f 2248/2248/2248 2246/2246/2246 2247/2247/2247
f 2249/2249/2249 2246/2246/2246 2248/2248/2248
f 2252/2252/2252 2251/2251/2251 2250/2250/2250
f 2250/2250/2250 2251/2251/2251 2253/2253/2253
f 2251/2251/2251 2254/2254/2254 2253/2253/2253
f 2253/2253/2253 2254/2254/2254 2255/2255/2255
f 2254/2254/2254 2256/2256/2256 2255/2255/2255
f 2257/2257/2257 2256/2256/2256 2254/2254/2254
f 2260/2260/2260 2259/2259/2259 2258/2258/2258
f 2261/2261/2261 2259/2259/2259 2260/2260/2260
f 2262/2262/2262 2261/2261/2261 2260/2260/2260
f 2263/2263/2263 2261/2261/2261 2262/2262/2262
f 2264/2264/2264 2263/2263/2263 2262/2262/2262
f 2265/2265/2265 2263/2263/2263 2264/2264/2264
f 2268/2268/2268 2267/2267/2267 2266/2266/2266
f 2266/2266/2266 2267/2267/2267 2269/2269/2269
f 2267/2267/2267 2270/2270/2270 2269/2269/2269
f 2269/2269/2269 2270/2270/2270 2271/2271/2271
f 2270/2270/2270 2272/2272/2272 2271/2271/2271
f 2271/2271/2271 2272/2272/2272 2273/2273/2273
f 2276/2276/2276 2275/2275/2275 2274/2274/2274
f 2277/2277/2277 2275/2275/2275 2276/2276/2276
f 2278/2278/2278 2277/2277/2277 2276/2276/2276
f 2279/2279/2279 2277/2277/2277 2278/2278/2278
f 2280/2280/2280 2279/2279/2279 2278/2278/2278
f 2281/2281/2281 2279/2279/2279 2280/2280/2280
f 2284/2284/2284 2283/2283/2283 2282/2282/2282
f 2282/2282/2282 2283/2283/2283 2285/2285/2285
f 2283/2283/2283 2286/2286/2286 2285/2285/2285
f 2285/2285/2285 2286/2286/2286 2287/2287/2287
f 2286/2286/2286 2288/2288/2288 2287/2287/2287
f 2289/2289/2289 2288/2288/2288 2286/2286/2286
f 2292/2292/2292 2291/2291/2291 2290/2290/2290
f 2290/2290/2290 2291/2291/2291 2293/2293/2293
f 2296/2296/2296 2295/2295/2295 2294/2294/2294
f 2297/2297/2297 2295/2295/2295 2296/2296/2296
f 2300/2300/2300 2299/2299/2299 2298/2298/2298
f 2301/2301/2301 2299/2299/2299 2300/2300/2300
f 2304/2304/2304 2303/2303/2303 2302/2302/2302
f 2302/2302/2302 2303/2303/2303 2305/2305/2305
f 2308/2308/2308 2307/2307/2307 2306/2306/2306
f 2309/2309/2309 2307/2307/2307 2308/2308/2308
f 2312/2312/2312 2311/2311/2311 2310/2310/2310
f 2313/2313/2313 2311/2311/2311 2312/2312/2312
f 2316/2316/2316 2315/2315/2315 2314/2314/2314
f 2314/2314/2314 2315/2315/2315 2317/2317/2317
f 2320/2320/2320 2319/2319/2319 2318/2318/2318
f 2318/2318/2318 2319/2319/2319 2321/2321/2321
f 2324/2324/2324 2323/2323/2323 2322/2322/2322
f 2325/2325/2325 2323/2323/2323 2324/2324/2324
f 2328/2328/2328 2327/2327/2327 2326/2326/2326
f 2329/2329/2329 2327/2327/2327 2328/2328/2328
f 2332/2332/2332 2331/2331/2331 2330/2330/2330
f 2333/2333/2333 2331/2331/2331 2332/2332/2332
f 2336/2336/2336 2335/2335/2335 2334/2334/2334
f 2337/2337/2337 2335/2335/2335 2336/2336/2336
f 2340/2340/2340 2339/2339/2339 2338/2338/2338
f 2341/2341/2341 2339/2339/2339 2340/2340/2340
f 2344/2344/2344 2343/2343/2343 2342/2342/2342
f 2345/2345/2345 2343/2343/2343 2344/2344/2344
f 2348/2348/2348 2347/2347/2347 2346/2346/2346
f 2349/2349/2349 2347/2347/2347 2348/2348/2348
f 2352/2352/2352 2351/2351/2351 2350/2350/2350
f 2353/2353/2353 2351/2351/2351 2352/2352/2352
f 2356/2356/2356 2355/2355/2355 2354/2354/2354
f 2354/2354/2354 2355/2355/2355 2357/2357/2357
f 2360/2360/2360 2359/2359/2359 2358/2358/2358
f 2358/2358/2358 2359/2359/2359 2361/2361/2361
f 2364/2364/2364 2363/2363/2363 2362/2362/2362
f 2365/2365/2365 2363/2363/2363 2364/2364/2364
f 2368/2368/2368 2367/2367/2367 2366/2366/2366
f 2366/2366/2366 2367/2367/2367 2369/2369/2369
f 2367/2367/2367 2370/2370/2370 2369/2369/2369
f 2371/2371/2371 2370/2370/2370 2367/2367/2367
f 2374/2374/2374 2373/2373/2373 2372/2372/2372
f 2375/2375/2375 2373/2373/2373 2374/2374/2374
f 2378/2378/2378 2377/2377/2377 2376/2376/2376
f 2379/2379/2379 2377/2377/2377 2378/2378/2378
f 2382/2382/2382 2381/2381/2381 2380/2380/2380
f 2380/2380/2380 2381/2381/2381 2383/2383/2383
f 2386/2386/2386 2385/2385/2385 2384/2384/2384
f 2387/2387/2387 2385/2385/2385 2386/2386/2386
f 2390/2390/2390 2389/2389/2389 2388/2388/2388
f 2388/2388/2388 2389/2389/2389 2391/2391/2391
f 2389/2389/2389 2392/2392/2392 2391/2391/2391
f 2391/2391/2391 2392/2392/2392 2393/2393/2393
f 2392/2392/2392 2394/2394/2394 2393/2393/2393
f 2393/2393/2393 2394/2394/2394 2395/2395/2395
f 2398/2398/2398 2397/2397/2397 2396/2396/2396
f 2399/2399/2399 2397/2397/2397 2398/2398/2398
f 2402/2402/2402 2401/2401/2401 2400/2400/2400
f 2403/2403/2403 2401/2401/2401 2402/2402/2402
f 2404/2404/2404 2403/2403/2403 2402/2402/2402
f 2405/2405/2405 2403/2403/2403 2404/2404/2404
f 2406/2406/2406 2405/2405/2405 2404/2404/2404
f 2407/2407/2407 2405/2405/2405 2406/2406/2406
f 2410/2410/2410 2409/2409/2409 2408/2408/2408
f 2411/2411/2411 2409/2409/2409 2410/2410/2410
f 2414/2414/2414 2413/2413/2413 2412/2412/2412
f 2415/2415/2415 2413/2413/2413 2414/2414/2414
f 2418/2418/2418 2417/2417/2417 2416/2416/2416
f 2419/2419/2419 2417/2417/2417 2418/2418/2418
f 2422/2422/2422 2421/2421/2421 2420/2420/2420
f 2420/2420/2420 2421/2421/2421 2423/2423/2423
f 2426/2426/2426 2425/2425/2425 2424/2424/2424
f 2427/2427/2427 2425/2425/2425 2426/2426/2426
f 2430/2430/2430 2429/2429/2429 2428/2428/2428
f 2430/2430/2430 2428/2428/2428 2431/2431/2431
f 2431/2431/2431 2428/2428/2428 2432/2432/2432
f 2435/2435/2435 2434/2434/2434 2433/2433/2433
f 2436/2436/2436 2434/2434/2434 2435/2435/2435
f 2439/2439/2439 2438/2438/2438 2437/2437/2437
f 2437/2437/2437 2438/2438/2438 2440/2440/2440
f 2438/2438/2438 2441/2441/2441 2440/2440/2440
f 2442/2442/2442 2441/2441/2441 2438/2438/2438
f 2445/2445/2445 2444/2444/2444 2443/2443/2443
f 2446/2446/2446 2444/2444/2444 2445/2445/2445
f 2449/2449/2449 2448/2448/2448 2447/2447/2447
f 2447/2447/2447 2448/2448/2448 2450/2450/2450
f 2453/2453/2453 2452/2452/2452 2451/2451/2451
f 2451/2451/2451 2452/2452/2452 2454/2454/2454
f 2451/2451/2451 2454/2454/2454 2455/2455/2455
f 2455/2455/2455 2454/2454/2454 2456/2456/2456
f 2456/2456/2456 2457/2457/2457 2455/2455/2455
f 2460/2460/2460 2459/2459/2459 2458/2458/2458
f 2458/2458/2458 2459/2459/2459 2461/2461/2461
f 2464/2464/2464 2463/2463/2463 2462/2462/2462
f 2465/2465/2465 2463/2463/2463 2464/2464/2464
f 2468/2468/2468 2467/2467/2467 2466/2466/2466
f 2469/2469/2469 2467/2467/2467 2468/2468/2468
f 2472/2472/2472 2471/2471/2471 2470/2470/2470
f 2473/2473/2473 2471/2471/2471 2472/2472/2472
f 2476/2476/2476 2475/2475/2475 2474/2474/2474
f 2474/2474/2474 2475/2475/2475 2477/2477/2477
f 2480/2480/2480 2479/2479/2479 2478/2478/2478
f 2478/2478/2478 2479/2479/2479 2481/2481/2481
f 2484/2484/2484 2483/2483/2483 2482/2482/2482
f 2485/2485/2485 2483/2483/2483 2484/2484/2484
f 2485/2485/2485 2484/2484/2484 2486/2486/2486
f 2485/2485/2485 2486/2486/2486 2487/2487/2487
f 2486/2486/2486 2484/2484/2484 2488/2488/2488
f 2488/2488/2488 2484/2484/2484 2489/2489/2489
f 2492/2492/2492 2491/2491/2491 2490/2490/2490
f 2490/2490/2490 2491/2491/2491 2493/2493/2493
f 2496/2496/2496 2495/2495/2495 2494/2494/2494
f 2497/2497/2497 2495/2495/2495 2496/2496/2496
f 2500/2500/2500 2499/2499/2499 2498/2498/2498
f 2501/2501/2501 2499/2499/2499 2500/2500/2500
f 2504/2504/2504 2503/2503/2503 2502/2502/2502
f 2502/2502/2502 2503/2503/2503 2505/2505/2505
f 2508/2508/2508 2507/2507/2507 2506/2506/2506
f 2509/2509/2509 2507/2507/2507 2508/2508/2508
f 2512/2512/2512 2511/2511/2511 2510/2510/2510
f 2510/2510/2510 2511/2511/2511 2513/2513/2513
f 2516/2516/2516 2515/2515/2515 2514/2514/2514
f 2517/2517/2517 2515/2515/2515 2516/2516/2516
f 2520/2520/2520 2519/2519/2519 2518/2518/2518
f 2518/2518/2518 2519/2519/2519 2521/2521/2521
f 2524/2524/2524 2523/2523/2523 2522/2522/2522
f 2522/2522/2522 2523/2523/2523 2525/2525/2525
f 2528/2528/2528 2527/2527/2527 2526/2526/2526
f 2526/2526/2526 2527/2527/2527 2529/2529/2529
f 2532/2532/2532 2531/2531/2531 2530/2530/2530
f 2530/2530/2530 2531/2531/2531 2533/2533/2533
f 2536/2536/2536 2535/2535/2535 2534/2534/2534
f 2537/2537/2537 2535/2535/2535 2536/2536/2536
f 2540/2540/2540 2539/2539/2539 2538/2538/2538
f 2541/2541/2541 2539/2539/2539 2540/2540/2540
f 2544/2544/2544 2543/2543/2543 2542/2542/2542
f 2542/2542/2542 2543/2543/2543 2545/2545/2545
f 2548/2548/2548 2547/2547/2547 2546/2546/2546
f 2549/2549/2549 2547/2547/2547 2548/2548/2548
f 2552/2552/2552 2551/2551/2551 2550/2550/2550
f 2553/2553/2553 2551/2551/2551 2552/2552/2552
f 2556/2556/2556 2555/2555/2555 2554/2554/2554
f 2554/2554/2554 2555/2555/2555 2557/2557/2557
f 2560/2560/2560 2559/2559/2559 2558/2558/2558
f 2561/2561/2561 2559/2559/2559 2560/2560/2560
f 2564/2564/2564 2563/2563/2563 2562/2562/2562
f 2562/2562/2562 2563/2563/2563 2565/2565/2565
f 2568/2568/2568 2567/2567/2567 2566/2566/2566
f 2569/2569/2569 2567/2567/2567 2568/2568/2568
f 2572/2572/2572 2571/2571/2571 2570/2570/2570
f 2570/2570/2570 2571/2571/2571 2573/2573/2573
f 2576/2576/2576 2575/2575/2575 2574/2574/2574
f 2577/2577/2577 2575/2575/2575 2576/2576/2576
f 2580/2580/2580 2579/2579/2579 2578/2578/2578
f 2581/2581/2581 2579/2579/2579 2580/2580/2580
f 2582/2582/2582 2581/2581/2581 2580/2580/2580
f 2583/2583/2583 2581/2581/2581 2582/2582/2582
f 2586/2586/2586 2585/2585/2585 2584/2584/2584
f 2587/2587/2587 2585/2585/2585 2586/2586/2586
f 2590/2590/2590 2589/2589/2589 2588/2588/2588
f 2591/2591/2591 2589/2589/2589 2590/2590/2590
f 2594/2594/2594 2593/2593/2593 2592/2592/2592
f 2595/2595/2595 2593/2593/2593 2594/2594/2594
f 2598/2598/2598 2597/2597/2597 2596/2596/2596
f 2596/2596/2596 2597/2597/2597 2599/2599/2599
f 2602/2602/2602 2601/2601/2601 2600/2600/2600
f 2603/2603/2603 2601/2601/2601 2602/2602/2602
f 2606/2606/2606 2605/2605/2605 2604/2604/2604
f 2604/2604/2604 2605/2605/2605 2607/2607/2607
f 2610/2610/2610 2609/2609/2609 2608/2608/2608
f 2611/2611/2611 2609/2609/2609 2610/2610/2610
f 2614/2614/2614 2613/2613/2613 2612/2612/2612
f 2615/2615/2615 2613/2613/2613 2614/2614/2614
f 2615/2615/2615 2616/2616/2616 2613/2613/2613
f 2617/2617/2617 2616/2616/2616 2615/2615/2615
f 2620/2620/2620 2619/2619/2619 2618/2618/2618
f 2618/2618/2618 2619/2619/2619 2621/2621/2621
f 2624/2624/2624 2623/2623/2623 2622/2622/2622
f 2622/2622/2622 2623/2623/2623 2625/2625/2625
f 2628/2628/2628 2627/2627/2627 2626/2626/2626
f 2629/2629/2629 2627/2627/2627 2628/2628/2628
f 2632/2632/2632 2631/2631/2631 2630/2630/2630
f 2633/2633/2633 2631/2631/2631 2632/2632/2632
f 2636/2636/2636 2635/2635/2635 2634/2634/2634
f 2634/2634/2634 2635/2635/2635 2637/2637/2637
f 2640/2640/2640 2639/2639/2639 2638/2638/2638
f 2638/2638/2638 2639/2639/2639 2641/2641/2641
f 2644/2644/2644 2643/2643/2643 2642/2642/2642
f 2645/2645/2645 2643/2643/2643 2644/2644/2644
f 2648/2648/2648 2647/2647/2647 2646/2646/2646
f 2649/2649/2649 2647/2647/2647 2648/2648/2648
f 2652/2652/2652 2651/2651/2651 2650/2650/2650
f 2653/2653/2653 2651/2651/2651 2652/2652/2652
f 2656/2656/2656 2655/2655/2655 2654/2654/2654
f 2654/2654/2654 2655/2655/2655 2657/2657/2657
f 2660/2660/2660 2659/2659/2659 2658/2658/2658
f 2661/2661/2661 2659/2659/2659 2660/2660/2660
f 2664/2664/2664 2663/2663/2663 2662/2662/2662
f 2662/2662/2662 2663/2663/2663 2665/2665/2665
f 2668/2668/2668 2667/2667/2667 2666/2666/2666
f 2666/2666/2666 2667/2667/2667 2669/2669/2669
f 2672/2672/2672 2671/2671/2671 2670/2670/2670
f 2673/2673/2673 2671/2671/2671 2672/2672/2672
f 2676/2676/2676 2675/2675/2675 2674/2674/2674
f 2674/2674/2674 2675/2675/2675 2677/2677/2677
f 2680/2680/2680 2679/2679/2679 2678/2678/2678
f 2678/2678/2678 2679/2679/2679 2681/2681/2681
f 2684/2684/2684 2683/2683/2683 2682/2682/2682
f 2682/2682/2682 2683/2683/2683 2685/2685/2685
f 2688/2688/2688 2687/2687/2687 2686/2686/2686
f 2689/2689/2689 2687/2687/2687 2688/2688/2688
f 2692/2692/2692 2691/2691/2691 2690/2690/2690
f 2690/2690/2690 2691/2691/2691 2693/2693/2693
f 2696/2696/2696 2695/2695/2695 2694/2694/2694
f 2694/2694/2694 2695/2695/2695 2697/2697/2697
f 2700/2700/2700 2699/2699/2699 2698/2698/2698
f 2701/2701/2701 2699/2699/2699 2700/2700/2700
f 2702/2702/2702 2701/2701/2701 2700/2700/2700
f 2703/2703/2703 2701/2701/2701 2702/2702/2702
f 2706/2706/2706 2705/2705/2705 2704/2704/2704
f 2707/2707/2707 2705/2705/2705 2706/2706/2706
f 2710/2710/2710 2709/2709/2709 2708/2708/2708
f 2711/2711/2711 2709/2709/2709 2710/2710/2710
f 2714/2714/2714 2713/2713/2713 2712/2712/2712
f 2712/2712/2712 2713/2713/2713 2715/2715/2715
f 2718/2718/2718 2717/2717/2717 2716/2716/2716
f 2719/2719/2719 2717/2717/2717 2718/2718/2718
f 2722/2722/2722 2721/2721/2721 2720/2720/2720
f 2720/2720/2720 2721/2721/2721 2723/2723/2723
f 2726/2726/2726 2725/2725/2725 2724/2724/2724
f 2724/2724/2724 2725/2725/2725 2727/2727/2727
f 2730/2730/2730 2729/2729/2729 2728/2728/2728
f 2731/2731/2731 2729/2729/2729 2730/2730/2730
f 2734/2734/2734 2733/2733/2733 2732/2732/2732
f 2732/2732/2732 2733/2733/2733 2735/2735/2735
f 2738/2738/2738 2737/2737/2737 2736/2736/2736
f 2736/2736/2736 2737/2737/2737 2739/2739/2739
f 2742/2742/2742 2741/2741/2741 2740/2740/2740
f 2743/2743/2743 2741/2741/2741 2742/2742/2742
f 2746/2746/2746 2745/2745/2745 2744/2744/2744
f 2747/2747/2747 2745/2745/2745 2746/2746/2746
f 2750/2750/2750 2749/2749/2749 2748/2748/2748
f 2748/2748/2748 2749/2749/2749 2751/2751/2751
f 2749/2749/2749 2752/2752/2752 2751/2751/2751
f 2751/2751/2751 2752/2752/2752 2753/2753/2753
f 2756/2756/2756 2755/2755/2755 2754/2754/2754
f 2754/2754/2754 2755/2755/2755 2757/2757/2757
f 2760/2760/2760 2759/2759/2759 2758/2758/2758
f 2758/2758/2758 2759/2759/2759 2761/2761/2761
f 2764/2764/2764 2763/2763/2763 2762/2762/2762
f 2765/2765/2765 2763/2763/2763 2764/2764/2764
f 2768/2768/2768 2767/2767/2767 2766/2766/2766
f 2769/2769/2769 2767/2767/2767 2768/2768/2768
f 2772/2772/2772 2771/2771/2771 2770/2770/2770
f 2770/2770/2770 2771/2771/2771 2773/2773/2773
f 2776/2776/2776 2775/2775/2775 2774/2774/2774
f 2774/2774/2774 2775/2775/2775 2777/2777/2777
f 2780/2780/2780 2779/2779/2779 2778/2778/2778
f 2778/2778/2778 2779/2779/2779 2781/2781/2781
f 2784/2784/2784 2783/2783/2783 2782/2782/2782
f 2785/2785/2785 2783/2783/2783 2784/2784/2784
f 2786/2786/2786 2785/2785/2785 2784/2784/2784
f 2787/2787/2787 2785/2785/2785 2786/2786/2786
f 2790/2790/2790 2789/2789/2789 2788/2788/2788
f 2788/2788/2788 2789/2789/2789 2791/2791/2791
f 2794/2794/2794 2793/2793/2793 2792/2792/2792
f 2795/2795/2795 2793/2793/2793 2794/2794/2794
f 2798/2798/2798 2797/2797/2797 2796/2796/2796
f 2796/2796/2796 2797/2797/2797 2799/2799/2799
f 2802/2802/2802 2801/2801/2801 2800/2800/2800
f 2803/2803/2803 2801/2801/2801 2802/2802/2802
f 2806/2806/2806 2805/2805/2805 2804/2804/2804
f 2807/2807/2807 2805/2805/2805 2806/2806/2806
f 2810/2810/2810 2809/2809/2809 2808/2808/2808
f 2808/2808/2808 2809/2809/2809 2811/2811/2811
f 2814/2814/2814 2813/2813/2813 2812/2812/2812
f 2815/2815/2815 2813/2813/2813 2814/2814/2814
f 2818/2818/2818 2817/2817/2817 2816/2816/2816
f 2819/2819/2819 2817/2817/2817 2818/2818/2818
f 2822/2822/2822 2821/2821/2821 2820/2820/2820
f 2820/2820/2820 2821/2821/2821 2823/2823/2823
f 2826/2826/2826 2825/2825/2825 2824/2824/2824
f 2824/2824/2824 2825/2825/2825 2827/2827/2827
f 2830/2830/2830 2829/2829/2829 2828/2828/2828
f 2828/2828/2828 2829/2829/2829 2831/2831/2831
f 2834/2834/2834 2833/2833/2833 2832/2832/2832
f 2835/2835/2835 2833/2833/2833 2834/2834/2834
f 2838/2838/2838 2837/2837/2837 2836/2836/2836
f 2839/2839/2839 2837/2837/2837 2838/2838/2838
f 2842/2842/2842 2841/2841/2841 2840/2840/2840
f 2843/2843/2843 2841/2841/2841 2842/2842/2842
f 2846/2846/2846 2845/2845/2845 2844/2844/2844
f 2844/2844/2844 2845/2845/2845 2847/2847/2847
f 2850/2850/2850 2849/2849/2849 2848/2848/2848
f 2848/2848/2848 2849/2849/2849 2851/2851/2851
f 2854/2854/2854 2853/2853/2853 2852/2852/2852
f 2855/2855/2855 2853/2853/2853 2854/2854/2854
f 2858/2858/2858 2857/2857/2857 2856/2856/2856
f 2859/2859/2859 2857/2857/2857 2858/2858/2858
f 2862/2862/2862 2861/2861/2861 2860/2860/2860
f 2860/2860/2860 2861/2861/2861 2863/2863/2863
f 2866/2866/2866 2865/2865/2865 2864/2864/2864
f 2864/2864/2864 2865/2865/2865 2867/2867/2867
f 2870/2870/2870 2869/2869/2869 2868/2868/2868
f 2868/2868/2868 2869/2869/2869 2871/2871/2871
f 2874/2874/2874 2873/2873/2873 2872/2872/2872
f 2872/2872/2872 2873/2873/2873 2875/2875/2875
f 2878/2878/2878 2877/2877/2877 2876/2876/2876
f 2879/2879/2879 2877/2877/2877 2878/2878/2878
f 2882/2882/2882 2881/2881/2881 2880/2880/2880
f 2883/2883/2883 2881/2881/2881 2882/2882/2882
f 2883/2883/2883 2884/2884/2884 2881/2881/2881
f 2885/2885/2885 2884/2884/2884 2883/2883/2883
f 2888/2888/2888 2887/2887/2887 2886/2886/2886
f 2889/2889/2889 2887/2887/2887 2888/2888/2888
f 2892/2892/2892 2891/2891/2891 2890/2890/2890
f 2893/2893/2893 2891/2891/2891 2892/2892/2892
f 2896/2896/2896 2895/2895/2895 2894/2894/2894
f 2894/2894/2894 2895/2895/2895 2897/2897/2897
f 2900/2900/2900 2899/2899/2899 2898/2898/2898
f 2898/2898/2898 2899/2899/2899 2901/2901/2901
f 2904/2904/2904 2903/2903/2903 2902/2902/2902
f 2905/2905/2905 2903/2903/2903 2904/2904/2904
f 2908/2908/2908 2907/2907/2907 2906/2906/2906
f 2909/2909/2909 2907/2907/2907 2908/2908/2908
f 2912/2912/2912 2911/2911/2911 2910/2910/2910
f 2913/2913/2913 2911/2911/2911 2912/2912/2912
f 2916/2916/2916 2915/2915/2915 2914/2914/2914
f 2917/2917/2917 2915/2915/2915 2916/2916/2916
f 2918/2918/2918 2915/2915/2915 2917/2917/2917
f 2919/2919/2919 2915/2915/2915 2918/2918/2918
f 2922/2922/2922 2921/2921/2921 2920/2920/2920
f 2923/2923/2923 2921/2921/2921 2922/2922/2922
f 2926/2926/2926 2925/2925/2925 2924/2924/2924
f 2927/2927/2927 2925/2925/2925 2926/2926/2926
f 2930/2930/2930 2929/2929/2929 2928/2928/2928
f 2931/2931/2931 2929/2929/2929 2930/2930/2930
f 2934/2934/2934 2933/2933/2933 2932/2932/2932
f 2935/2935/2935 2933/2933/2933 2934/2934/2934
f 2938/2938/2938 2937/2937/2937 2936/2936/2936
f 2939/2939/2939 2937/2937/2937 2938/2938/2938
f 2939/2939/2939 2940/2940/2940 2937/2937/2937
f 2937/2937/2937 2940/2940/2940 2941/2941/2941
f 2944/2944/2944 2943/2943/2943 2942/2942/2942
f 2942/2942/2942 2943/2943/2943 2945/2945/2945
f 2948/2948/2948 2947/2947/2947 2946/2946/2946
f 2949/2949/2949 2948/2948/2948 2946/2946/2946
f 2950/2950/2950 2948/2948/2948 2949/2949/2949
f 2953/2953/2953 2952/2952/2952 2951/2951/2951
f 2954/2954/2954 2952/2952/2952 2953/2953/2953
f 2957/2957/2957 2956/2956/2956 2955/2955/2955
f 2955/2955/2955 2956/2956/2956 2958/2958/2958
f 2961/2961/2961 2960/2960/2960 2959/2959/2959
f 2959/2959/2959 2960/2960/2960 2962/2962/2962
f 2960/2960/2960 2963/2963/2963 2962/2962/2962
f 2962/2962/2962 2963/2963/2963 2964/2964/2964
f 2963/2963/2963 2965/2965/2965 2964/2964/2964
f 2966/2966/2966 2965/2965/2965 2963/2963/2963
f 2969/2969/2969 2968/2968/2968 2967/2967/2967
f 2967/2967/2967 2968/2968/2968 2970/2970/2970
f 2973/2973/2973 2972/2972/2972 2971/2971/2971
f 2971/2971/2971 2972/2972/2972 2974/2974/2974
f 2972/2972/2972 2975/2975/2975 2974/2974/2974
f 2974/2974/2974 2975/2975/2975 2976/2976/2976
f 2975/2975/2975 2977/2977/2977 2976/2976/2976
f 2976/2976/2976 2977/2977/2977 2978/2978/2978
f 2981/2981/2981 2980/2980/2980 2979/2979/2979
f 2982/2982/2982 2980/2980/2980 2981/2981/2981
f 2985/2985/2985 2984/2984/2984 2983/2983/2983
f 2983/2983/2983 2984/2984/2984 2986/2986/2986
f 2989/2989/2989 2988/2988/2988 2987/2987/2987
f 2987/2987/2987 2988/2988/2988 2990/2990/2990
f 2993/2993/2993 2992/2992/2992 2991/2991/2991
f 2994/2994/2994 2992/2992/2992 2993/2993/2993
f 2997/2997/2997 2996/2996/2996 2995/2995/2995
f 2998/2998/2998 2996/2996/2996 2997/2997/2997
f 3001/3001/3001 3000/3000/3000 2999/2999/2999
f 3002/3002/3002 3000/3000/3000 3001/3001/3001
f 3005/3005/3005 3004/3004/3004 3003/3003/3003
f 3006/3006/3006 3004/3004/3004 3005/3005/3005
f 3009/3009/3009 3008/3008/3008 3007/3007/3007
f 3007/3007/3007 3008/3008/3008 3010/3010/3010
f 3013/3013/3013 3012/3012/3012 3011/3011/3011
f 3014/3014/3014 3012/3012/3012 3013/3013/3013
f 3017/3017/3017 3016/3016/3016 3015/3015/3015
f 3018/3018/3018 3016/3016/3016 3017/3017/3017
f 3021/3021/3021 3020/3020/3020 3019/3019/3019
f 3022/3022/3022 3020/3020/3020 3021/3021/3021
f 3025/3025/3025 3024/3024/3024 3023/3023/3023
f 3026/3026/3026 3024/3024/3024 3025/3025/3025
f 3029/3029/3029 3028/3028/3028 3027/3027/3027
f 3027/3027/3027 3028/3028/3028 3030/3030/3030
f 3033/3033/3033 3032/3032/3032 3031/3031/3031
f 3034/3034/3034 3032/3032/3032 3033/3033/3033
f 3037/3037/3037 3036/3036/3036 3035/3035/3035
f 3035/3035/3035 3036/3036/3036 3038/3038/3038
f 3041/3041/3041 3040/3040/3040 3039/3039/3039
f 3039/3039/3039 3040/3040/3040 3042/3042/3042
f 3045/3045/3045 3044/3044/3044 3043/3043/3043
f 3046/3046/3046 3044/3044/3044 3045/3045/3045
f 3049/3049/3049 3048/3048/3048 3047/3047/3047
f 3050/3050/3050 3048/3048/3048 3049/3049/3049
f 3053/3053/3053 3052/3052/3052 3051/3051/3051
f 3051/3051/3051 3052/3052/3052 3054/3054/3054
f 3052/3052/3052 3055/3055/3055 3054/3054/3054
f 3054/3054/3054 3055/3055/3055 3056/3056/3056
f 3056/3056/3056 3055/3055/3055 3057/3057/3057
f 3055/3055/3055 3058/3058/3058 3057/3057/3057
f 3059/3059/3059 3058/3058/3058 3055/3055/3055
f 3062/3062/3062 3061/3061/3061 3060/3060/3060
f 3060/3060/3060 3061/3061/3061 3063/3063/3063
f 3066/3066/3066 3065/3065/3065 3064/3064/3064
f 3064/3064/3064 3065/3065/3065 3067/3067/3067
f 3070/3070/3070 3069/3069/3069 3068/3068/3068
f 3068/3068/3068 3069/3069/3069 3071/3071/3071
f 3074/3074/3074 3073/3073/3073 3072/3072/3072
f 3075/3075/3075 3073/3073/3073 3074/3074/3074
f 3078/3078/3078 3077/3077/3077 3076/3076/3076
f 3079/3079/3079 3077/3077/3077 3078/3078/3078
f 3082/3082/3082 3081/3081/3081 3080/3080/3080
f 3080/3080/3080 3081/3081/3081 3083/3083/3083
f 3083/3083/3083 3081/3081/3081 3084/3084/3084
f 3084/3084/3084 3081/3081/3081 3085/3085/3085
f 3086/3086/3086 3084/3084/3084 3085/3085/3085
f 3087/3087/3087 3084/3084/3084 3086/3086/3086
f 3090/3090/3090 3089/3089/3089 3088/3088/3088
f 3091/3091/3091 3089/3089/3089 3090/3090/3090
f 3094/3094/3094 3093/3093/3093 3092/3092/3092
f 3092/3092/3092 3093/3093/3093 3095/3095/3095
f 3098/3098/3098 3097/3097/3097 3096/3096/3096
f 3099/3099/3099 3097/3097/3097 3098/3098/3098
f 3102/3102/3102 3101/3101/3101 3100/3100/3100
f 3100/3100/3100 3101/3101/3101 3103/3103/3103
f 3106/3106/3106 3105/3105/3105 3104/3104/3104
f 3107/3107/3107 3105/3105/3105 3106/3106/3106
f 3110/3110/3110 3109/3109/3109 3108/3108/3108
f 3111/3111/3111 3109/3109/3109 3110/3110/3110
f 3114/3114/3114 3113/3113/3113 3112/3112/3112
f 3115/3115/3115 3113/3113/3113 3114/3114/3114
f 3118/3118/3118 3117/3117/3117 3116/3116/3116
f 3116/3116/3116 3117/3117/3117 3119/3119/3119
f 3122/3122/3122 3121/3121/3121 3120/3120/3120
f 3120/3120/3120 3121/3121/3121 3123/3123/3123
f 3126/3126/3126 3125/3125/3125 3124/3124/3124
f 3127/3127/3127 3125/3125/3125 3126/3126/3126
f 3130/3130/3130 3129/3129/3129 3128/3128/3128
f 3131/3131/3131 3129/3129/3129 3130/3130/3130
f 3134/3134/3134 3133/3133/3133 3132/3132/3132
f 3132/3132/3132 3133/3133/3133 3135/3135/3135
f 3138/3138/3138 3137/3137/3137 3136/3136/3136
f 3136/3136/3136 3137/3137/3137 3139/3139/3139
f 3142/3142/3142 3141/3141/3141 3140/3140/3140
f 3140/3140/3140 3141/3141/3141 3143/3143/3143
f 3146/3146/3146 3145/3145/3145 3144/3144/3144
f 3144/3144/3144 3145/3145/3145 3147/3147/3147
f 3150/3150/3150 3149/3149/3149 3148/3148/3148
f 3148/3148/3148 3149/3149/3149 3151/3151/3151
f 3149/3149/3149 3152/3152/3152 3151/3151/3151
f 3151/3151/3151 3152/3152/3152 3153/3153/3153
f 3156/3156/3156 3155/3155/3155 3154/3154/3154
f 3155/3155/3155 3157/3157/3157 3154/3154/3154
f 3160/3160/3160 3159/3159/3159 3158/3158/3158
f 3158/3158/3158 3159/3159/3159 3161/3161/3161
f 3164/3164/3164 3163/3163/3163 3162/3162/3162
f 3162/3162/3162 3163/3163/3163 3165/3165/3165
f 3163/3163/3163 3166/3166/3166 3165/3165/3165
f 3167/3167/3167 3166/3166/3166 3163/3163/3163
f 3170/3170/3170 3169/3169/3169 3168/3168/3168
f 3171/3171/3171 3170/3170/3170 3168/3168/3168
f 3172/3172/3172 3170/3170/3170 3171/3171/3171
f 3173/3173/3173 3170/3170/3170 3172/3172/3172
f 3176/3176/3176 3175/3175/3175 3174/3174/3174
f 3177/3177/3177 3175/3175/3175 3176/3176/3176
f 3178/3178/3178 3175/3175/3175 3177/3177/3177
f 3179/3179/3179 3175/3175/3175 3178/3178/3178
f 3182/3182/3182 3181/3181/3181 3180/3180/3180
f 3183/3183/3183 3181/3181/3181 3182/3182/3182
f 3186/3186/3186 3185/3185/3185 3184/3184/3184
f 3184/3184/3184 3185/3185/3185 3187/3187/3187
f 3187/3187/3187 3185/3185/3185 3188/3188/3188
f 3189/3189/3189 3187/3187/3187 3188/3188/3188
f 3190/3190/3190 3187/3187/3187 3189/3189/3189
f 3191/3191/3191 3187/3187/3187 3190/3190/3190
f 3192/3192/3192 3187/3187/3187 3191/3191/3191
f 3195/3195/3195 3194/3194/3194 3193/3193/3193
f 3193/3193/3193 3194/3194/3194 3196/3196/3196
f 3199/3199/3199 3198/3198/3198 3197/3197/3197
f 3200/3200/3200 3198/3198/3198 3199/3199/3199
f 3203/3203/3203 3202/3202/3202 3201/3201/3201
f 3201/3201/3201 3202/3202/3202 3204/3204/3204
f 3207/3207/3207 3206/3206/3206 3205/3205/3205
f 3205/3205/3205 3208/3208/3208 3207/3207/3207
f 3209/3209/3209 3208/3208/3208 3205/3205/3205
f 3209/3209/3209 3210/3210/3210 3208/3208/3208
f 3208/3208/3208 3210/3210/3210 3211/3211/3211
f 3208/3208/3208 3211/3211/3211 3212/3212/3212
f 3215/3215/3215 3214/3214/3214 3213/3213/3213
f 3213/3213/3213 3214/3214/3214 3216/3216/3216
f 3219/3219/3219 3218/3218/3218 3217/3217/3217
f 3220/3220/3220 3218/3218/3218 3219/3219/3219
f 3223/3223/3223 3222/3222/3222 3221/3221/3221
f 3224/3224/3224 3222/3222/3222 3223/3223/3223
f 3227/3227/3227 3226/3226/3226 3225/3225/3225
f 3228/3228/3228 3226/3226/3226 3227/3227/3227
f 3231/3231/3231 3230/3230/3230 3229/3229/3229
f 3229/3229/3229 3230/3230/3230 3232/3232/3232
f 3235/3235/3235 3234/3234/3234 3233/3233/3233
f 3233/3233/3233 3234/3234/3234 3236/3236/3236
f 3234/3234/3234 3237/3237/3237 3236/3236/3236
f 3240/3240/3240 3239/3239/3239 3238/3238/3238
f 3241/3241/3241 3239/3239/3239 3240/3240/3240
f 3244/3244/3244 3243/3243/3243 3242/3242/3242
f 3245/3245/3245 3243/3243/3243 3244/3244/3244
f 3246/3246/3246 3243/3243/3243 3245/3245/3245
f 3247/3247/3247 3243/3243/3243 3246/3246/3246
f 3250/3250/3250 3249/3249/3249 3248/3248/3248
f 3248/3248/3248 3249/3249/3249 3251/3251/3251
f 3254/3254/3254 3253/3253/3253 3252/3252/3252
f 3252/3252/3252 3253/3253/3253 3255/3255/3255
f 3258/3258/3258 3257/3257/3257 3256/3256/3256
f 3259/3259/3259 3257/3257/3257 3258/3258/3258
f 3262/3262/3262 3261/3261/3261 3260/3260/3260
f 3263/3263/3263 3261/3261/3261 3262/3262/3262
f 3266/3266/3266 3265/3265/3265 3264/3264/3264
f 3267/3267/3267 3265/3265/3265 3266/3266/3266
f 3270/3270/3270 3269/3269/3269 3268/3268/3268
f 3268/3268/3268 3269/3269/3269 3271/3271/3271
f 3271/3271/3271 3269/3269/3269 3272/3272/3272
f 3273/3273/3273 3271/3271/3271 3272/3272/3272
f 3272/3272/3272 3269/3269/3269 3274/3274/3274
f 3274/3274/3274 3269/3269/3269 3275/3275/3275
f 3276/3276/3276 3274/3274/3274 3275/3275/3275
f 3277/3277/3277 3276/3276/3276 3275/3275/3275
f 3278/3278/3278 3274/3274/3274 3276/3276/3276
f 3279/3279/3279 3274/3274/3274 3278/3278/3278
f 3282/3282/3282 3281/3281/3281 3280/3280/3280
f 3280/3280/3280 3281/3281/3281 3283/3283/3283
f 3286/3286/3286 3285/3285/3285 3284/3284/3284
f 3287/3287/3287 3285/3285/3285 3286/3286/3286
f 3290/3290/3290 3289/3289/3289 3288/3288/3288
f 3291/3291/3291 3289/3289/3289 3290/3290/3290
f 3294/3294/3294 3293/3293/3293 3292/3292/3292
f 3295/3295/3295 3293/3293/3293 3294/3294/3294
f 3298/3298/3298 3297/3297/3297 3296/3296/3296
f 3299/3299/3299 3297/3297/3297 3298/3298/3298
f 3302/3302/3302 3301/3301/3301 3300/3300/3300
f 3303/3303/3303 3301/3301/3301 3302/3302/3302
f 3306/3306/3306 3305/3305/3305 3304/3304/3304
f 3304/3304/3304 3305/3305/3305 3307/3307/3307
f 3310/3310/3310 3309/3309/3309 3308/3308/3308
f 3308/3308/3308 3309/3309/3309 3311/3311/3311
f 3314/3314/3314 3313/3313/3313 3312/3312/3312
f 3312/3312/3312 3313/3313/3313 3315/3315/3315
f 3318/3318/3318 3317/3317/3317 3316/3316/3316
f 3316/3316/3316 3317/3317/3317 3319/3319/3319
f 3322/3322/3322 3321/3321/3321 3320/3320/3320
f 3323/3323/3323 3321/3321/3321 3322/3322/3322
f 3326/3326/3326 3325/3325/3325 3324/3324/3324
f 3324/3324/3324 3325/3325/3325 3327/3327/3327
f 3330/3330/3330 3329/3329/3329 3328/3328/3328
f 3331/3331/3331 3329/3329/3329 3330/3330/3330
f 3334/3334/3334 3333/3333/3333 3332/3332/3332
f 3335/3335/3335 3333/3333/3333 3334/3334/3334
f 3338/3338/3338 3337/3337/3337 3336/3336/3336
f 3339/3339/3339 3337/3337/3337 3338/3338/3338
f 3340/3340/3340 3339/3339/3339 3338/3338/3338
f 3343/3343/3343 3342/3342/3342 3341/3341/3341
f 3341/3341/3341 3342/3342/3342 3344/3344/3344
f 3347/3347/3347 3346/3346/3346 3345/3345/3345
f 3345/3345/3345 3346/3346/3346 3348/3348/3348
f 3351/3351/3351 3350/3350/3350 3349/3349/3349
f 3352/3352/3352 3350/3350/3350 3351/3351/3351
f 3355/3355/3355 3354/3354/3354 3353/3353/3353
f 3353/3353/3353 3354/3354/3354 3356/3356/3356
f 3359/3359/3359 3358/3358/3358 3357/3357/3357
f 3360/3360/3360 3358/3358/3358 3359/3359/3359
f 3363/3363/3363 3362/3362/3362 3361/3361/3361
f 3361/3361/3361 3362/3362/3362 3364/3364/3364
f 3367/3367/3367 3366/3366/3366 3365/3365/3365
f 3368/3368/3368 3366/3366/3366 3367/3367/3367
f 3371/3371/3371 3370/3370/3370 3369/3369/3369
f 3372/3372/3372 3370/3370/3370 3371/3371/3371
f 3375/3375/3375 3374/3374/3374 3373/3373/3373
f 3373/3373/3373 3374/3374/3374 3376/3376/3376
f 3379/3379/3379 3378/3378/3378 3377/3377/3377
f 3377/3377/3377 3378/3378/3378 3380/3380/3380
f 3383/3383/3383 3382/3382/3382 3381/3381/3381
f 3381/3381/3381 3382/3382/3382 3384/3384/3384
f 3387/3387/3387 3386/3386/3386 3385/3385/3385
f 3388/3388/3388 3386/3386/3386 3387/3387/3387
f 3391/3391/3391 3390/3390/3390 3389/3389/3389
f 3389/3389/3389 3390/3390/3390 3392/3392/3392
f 3395/3395/3395 3394/3394/3394 3393/3393/3393
f 3393/3393/3393 3394/3394/3394 3396/3396/3396
f 3399/3399/3399 3398/3398/3398 3397/3397/3397
f 3400/3400/3400 3398/3398/3398 3399/3399/3399
f 3403/3403/3403 3402/3402/3402 3401/3401/3401
f 3401/3401/3401 3402/3402/3402 3404/3404/3404
f 3407/3407/3407 3406/3406/3406 3405/3405/3405
f 3405/3405/3405 3406/3406/3406 3408/3408/3408
f 3411/3411/3411 3410/3410/3410 3409/3409/3409
f 3412/3412/3412 3410/3410/3410 3411/3411/3411
f 3415/3415/3415 3414/3414/3414 3413/3413/3413
f 3413/3413/3413 3414/3414/3414 3416/3416/3416
f 3419/3419/3419 3418/3418/3418 3417/3417/3417
f 3420/3420/3420 3418/3418/3418 3419/3419/3419
f 3423/3423/3423 3422/3422/3422 3421/3421/3421
f 3424/3424/3424 3422/3422/3422 3423/3423/3423
f 3427/3427/3427 3426/3426/3426 3425/3425/3425
f 3425/3425/3425 3426/3426/3426 3428/3428/3428
f 3431/3431/3431 3430/3430/3430 3429/3429/3429
f 3432/3432/3432 3430/3430/3430 3431/3431/3431
f 3435/3435/3435 3434/3434/3434 3433/3433/3433
f 3433/3433/3433 3434/3434/3434 3436/3436/3436
f 3433/3433/3433 3436/3436/3436 3437/3437/3437
f 3437/3437/3437 3436/3436/3436 3438/3438/3438
f 3441/3441/3441 3440/3440/3440 3439/3439/3439
f 3439/3439/3439 3440/3440/3440 3442/3442/3442
f 3445/3445/3445 3444/3444/3444 3443/3443/3443
f 3446/3446/3446 3444/3444/3444 3445/3445/3445
f 3447/3447/3447 3446/3446/3446 3445/3445/3445
f 3450/3450/3450 3449/3449/3449 3448/3448/3448
f 3451/3451/3451 3449/3449/3449 3450/3450/3450
f 3454/3454/3454 3453/3453/3453 3452/3452/3452
f 3455/3455/3455 3453/3453/3453 3454/3454/3454
f 3458/3458/3458 3457/3457/3457 3456/3456/3456
f 3459/3459/3459 3457/3457/3457 3458/3458/3458
f 3462/3462/3462 3461/3461/3461 3460/3460/3460
f 3463/3463/3463 3461/3461/3461 3462/3462/3462
f 3466/3466/3466 3465/3465/3465 3464/3464/3464
f 3467/3467/3467 3465/3465/3465 3466/3466/3466
f 3470/3470/3470 3469/3469/3469 3468/3468/3468
f 3471/3471/3471 3469/3469/3469 3470/3470/3470
f 3474/3474/3474 3473/3473/3473 3472/3472/3472
f 3475/3475/3475 3473/3473/3473 3474/3474/3474
f 3478/3478/3478 3477/3477/3477 3476/3476/3476
f 3476/3476/3476 3477/3477/3477 3479/3479/3479
f 3482/3482/3482 3481/3481/3481 3480/3480/3480
f 3480/3480/3480 3481/3481/3481 3483/3483/3483
f 3486/3486/3486 3485/3485/3485 3484/3484/3484
f 3484/3484/3484 3485/3485/3485 3487/3487/3487
f 3490/3490/3490 3489/3489/3489 3488/3488/3488
f 3488/3488/3488 3489/3489/3489 3491/3491/3491
f 3494/3494/3494 3493/3493/3493 3492/3492/3492
f 3492/3492/3492 3493/3493/3493 3495/3495/3495
f 3498/3498/3498 3497/3497/3497 3496/3496/3496
f 3499/3499/3499 3497/3497/3497 3498/3498/3498
f 3502/3502/3502 3501/3501/3501 3500/3500/3500
f 3500/3500/3500 3501/3501/3501 3503/3503/3503
f 3506/3506/3506 3505/3505/3505 3504/3504/3504
f 3504/3504/3504 3505/3505/3505 3507/3507/3507
f 3510/3510/3510 3509/3509/3509 3508/3508/3508
f 3508/3508/3508 3509/3509/3509 3511/3511/3511
f 3514/3514/3514 3513/3513/3513 3512/3512/3512
f 3512/3512/3512 3513/3513/3513 3515/3515/3515
f 3518/3518/3518 3517/3517/3517 3516/3516/3516
f 3516/3516/3516 3517/3517/3517 3519/3519/3519
f 3520/3520/3520 3516/3516/3516 3519/3519/3519
f 3521/3521/3521 3516/3516/3516 3520/3520/3520
f 3524/3524/3524 3523/3523/3523 3522/3522/3522
f 3522/3522/3522 3523/3523/3523 3525/3525/3525
f 3522/3522/3522 3525/3525/3525 3526/3526/3526
f 3526/3526/3526 3525/3525/3525 3527/3527/3527
f 3530/3530/3530 3529/3529/3529 3528/3528/3528
f 3531/3531/3531 3529/3529/3529 3530/3530/3530
f 3534/3534/3534 3533/3533/3533 3532/3532/3532
f 3535/3535/3535 3533/3533/3533 3534/3534/3534
f 3533/3533/3533 3535/3535/3535 3536/3536/3536
f 3537/3537/3537 3533/3533/3533 3536/3536/3536
f 3538/3538/3538 3536/3536/3536 3535/3535/3535
f 3541/3541/3541 3540/3540/3540 3539/3539/3539
f 3539/3539/3539 3540/3540/3540 3542/3542/3542
f 3545/3545/3545 3544/3544/3544 3543/3543/3543
f 3543/3543/3543 3544/3544/3544 3546/3546/3546
f 3546/3546/3546 3547/3547/3547 3543/3543/3543
f 3548/3548/3548 3547/3547/3547 3546/3546/3546
f 3548/3548/3548 3549/3549/3549 3547/3547/3547
f 3547/3547/3547 3549/3549/3549 3550/3550/3550
f 3549/3549/3549 3551/3551/3551 3550/3550/3550
f 3550/3550/3550 3551/3551/3551 3552/3552/3552
f 3555/3555/3555 3554/3554/3554 3553/3553/3553
f 3556/3556/3556 3554/3554/3554 3555/3555/3555
f 3559/3559/3559 3558/3558/3558 3557/3557/3557
f 3557/3557/3557 3558/3558/3558 3560/3560/3560
f 3563/3563/3563 3562/3562/3562 3561/3561/3561
f 3564/3564/3564 3562/3562/3562 3563/3563/3563
f 3567/3567/3567 3566/3566/3566 3565/3565/3565
f 3568/3568/3568 3566/3566/3566 3567/3567/3567
f 3571/3571/3571 3570/3570/3570 3569/3569/3569
f 3572/3572/3572 3570/3570/3570 3571/3571/3571
f 3575/3575/3575 3574/3574/3574 3573/3573/3573
f 3573/3573/3573 3574/3574/3574 3576/3576/3576
f 3574/3574/3574 3577/3577/3577 3576/3576/3576
f 3576/3576/3576 3577/3577/3577 3578/3578/3578
f 3579/3579/3579 3578/3578/3578 3577/3577/3577
f 3580/3580/3580 3578/3578/3578 3579/3579/3579
f 3583/3583/3583 3582/3582/3582 3581/3581/3581
f 3581/3581/3581 3582/3582/3582 3584/3584/3584
f 3585/3585/3585 3581/3581/3581 3584/3584/3584
f 3586/3586/3586 3581/3581/3581 3585/3585/3585
f 3587/3587/3587 3586/3586/3586 3585/3585/3585
f 3588/3588/3588 3586/3586/3586 3587/3587/3587
f 3591/3591/3591 3590/3590/3590 3589/3589/3589
f 3589/3589/3589 3590/3590/3590 3592/3592/3592
f 3590/3590/3590 3593/3593/3593 3592/3592/3592
f 3592/3592/3592 3593/3593/3593 3594/3594/3594
f 3597/3597/3597 3596/3596/3596 3595/3595/3595
f 3598/3598/3598 3596/3596/3596 3597/3597/3597
f 3601/3601/3601 3600/3600/3600 3599/3599/3599
f 3602/3602/3602 3600/3600/3600 3601/3601/3601
f 3605/3605/3605 3604/3604/3604 3603/3603/3603
f 3603/3603/3603 3604/3604/3604 3606/3606/3606
f 3609/3609/3609 3608/3608/3608 3607/3607/3607
f 3608/3608/3608 3610/3610/3610 3607/3607/3607
f 3611/3611/3611 3607/3607/3607 3610/3610/3610
f 3610/3610/3610 3608/3608/3608 3612/3612/3612
f 3612/3612/3612 3608/3608/3608 3613/3613/3613
f 3612/3612/3612 3613/3613/3613 3614/3614/3614
f 3614/3614/3614 3613/3613/3613 3615/3615/3615
f 3614/3614/3614 3615/3615/3615 3616/3616/3616
f 3616/3616/3616 3615/3615/3615 3617/3617/3617
f 3620/3620/3620 3619/3619/3619 3618/3618/3618
f 3621/3621/3621 3619/3619/3619 3620/3620/3620
f 3624/3624/3624 3623/3623/3623 3622/3622/3622
f 3622/3622/3622 3623/3623/3623 3625/3625/3625
f 3622/3622/3622 3625/3625/3625 3626/3626/3626
f 3626/3626/3626 3625/3625/3625 3627/3627/3627
f 3628/3628/3628 3626/3626/3626 3627/3627/3627
f 3629/3629/3629 3626/3626/3626 3628/3628/3628
f 3632/3632/3632 3631/3631/3631 3630/3630/3630
f 3630/3630/3630 3631/3631/3631 3633/3633/3633
f 3636/3636/3636 3635/3635/3635 3634/3634/3634
f 3634/3634/3634 3635/3635/3635 3637/3637/3637
f 3640/3640/3640 3639/3639/3639 3638/3638/3638
f 3641/3641/3641 3639/3639/3639 3640/3640/3640
f 3644/3644/3644 3643/3643/3643 3642/3642/3642
f 3642/3642/3642 3643/3643/3643 3645/3645/3645
f 3643/3643/3643 3646/3646/3646 3645/3645/3645
f 3645/3645/3645 3646/3646/3646 3647/3647/3647
f 3646/3646/3646 3648/3648/3648 3647/3647/3647
f 3647/3647/3647 3648/3648/3648 3649/3649/3649
f 3652/3652/3652 3651/3651/3651 3650/3650/3650
f 3650/3650/3650 3651/3651/3651 3653/3653/3653
f 3651/3651/3651 3654/3654/3654 3653/3653/3653
f 3653/3653/3653 3654/3654/3654 3655/3655/3655
f 3658/3658/3658 3657/3657/3657 3656/3656/3656
f 3656/3656/3656 3657/3657/3657 3659/3659/3659
f 3662/3662/3662 3661/3661/3661 3660/3660/3660
f 3663/3663/3663 3661/3661/3661 3662/3662/3662
f 3666/3666/3666 3665/3665/3665 3664/3664/3664
f 3664/3664/3664 3665/3665/3665 3667/3667/3667
f 3668/3668/3668 3664/3664/3664 3667/3667/3667
f 3669/3669/3669 3664/3664/3664 3668/3668/3668
f 3672/3672/3672 3671/3671/3671 3670/3670/3670
f 3670/3670/3670 3671/3671/3671 3673/3673/3673
f 3676/3676/3676 3675/3675/3675 3674/3674/3674
f 3677/3677/3677 3675/3675/3675 3676/3676/3676
f 3680/3680/3680 3679/3679/3679 3678/3678/3678
f 3678/3678/3678 3679/3679/3679 3681/3681/3681
f 3684/3684/3684 3683/3683/3683 3682/3682/3682
f 3682/3682/3682 3683/3683/3683 3685/3685/3685
f 3688/3688/3688 3687/3687/3687 3686/3686/3686
f 3689/3689/3689 3687/3687/3687 3688/3688/3688
f 3692/3692/3692 3691/3691/3691 3690/3690/3690
f 3693/3693/3693 3691/3691/3691 3692/3692/3692
f 3696/3696/3696 3695/3695/3695 3694/3694/3694
f 3697/3697/3697 3695/3695/3695 3696/3696/3696
f 3700/3700/3700 3699/3699/3699 3698/3698/3698
f 3701/3701/3701 3699/3699/3699 3700/3700/3700
f 3704/3704/3704 3703/3703/3703 3702/3702/3702
f 3702/3702/3702 3703/3703/3703 3705/3705/3705
f 3708/3708/3708 3707/3707/3707 3706/3706/3706
f 3706/3706/3706 3707/3707/3707 3709/3709/3709
f 3712/3712/3712 3711/3711/3711 3710/3710/3710
f 3713/3713/3713 3711/3711/3711 3712/3712/3712
f 3716/3716/3716 3715/3715/3715 3714/3714/3714
f 3717/3717/3717 3715/3715/3715 3716/3716/3716
f 3720/3720/3720 3719/3719/3719 3718/3718/3718
f 3721/3721/3721 3719/3719/3719 3720/3720/3720
f 3724/3724/3724 3723/3723/3723 3722/3722/3722
f 3722/3722/3722 3723/3723/3723 3725/3725/3725
f 3728/3728/3728 3727/3727/3727 3726/3726/3726
f 3726/3726/3726 3727/3727/3727 3729/3729/3729
f 3732/3732/3732 3731/3731/3731 3730/3730/3730
f 3733/3733/3733 3731/3731/3731 3732/3732/3732
f 3733/3733/3733 3734/3734/3734 3731/3731/3731
f 3735/3735/3735 3734/3734/3734 3733/3733/3733
f 3738/3738/3738 3737/3737/3737 3736/3736/3736
f 3739/3739/3739 3737/3737/3737 3738/3738/3738
f 3742/3742/3742 3741/3741/3741 3740/3740/3740
f 3740/3740/3740 3741/3741/3741 3743/3743/3743
f 3746/3746/3746 3745/3745/3745 3744/3744/3744
f 3744/3744/3744 3745/3745/3745 3747/3747/3747
f 3745/3745/3745 3748/3748/3748 3747/3747/3747
f 3747/3747/3747 3748/3748/3748 3749/3749/3749
f 3752/3752/3752 3751/3751/3751 3750/3750/3750
f 3753/3753/3753 3751/3751/3751 3752/3752/3752
f 3756/3756/3756 3755/3755/3755 3754/3754/3754
f 3754/3754/3754 3755/3755/3755 3757/3757/3757
f 3760/3760/3760 3759/3759/3759 3758/3758/3758
f 3758/3758/3758 3759/3759/3759 3761/3761/3761
f 3764/3764/3764 3763/3763/3763 3762/3762/3762
f 3765/3765/3765 3763/3763/3763 3764/3764/3764
f 3768/3768/3768 3767/3767/3767 3766/3766/3766
f 3766/3766/3766 3767/3767/3767 3769/3769/3769
f 3767/3767/3767 3770/3770/3770 3769/3769/3769
f 3773/3773/3773 3772/3772/3772 3771/3771/3771
f 3774/3774/3774 3772/3772/3772 3773/3773/3773
f 3777/3777/3777 3776/3776/3776 3775/3775/3775
f 3778/3778/3778 3777/3777/3777 3775/3775/3775
f 3779/3779/3779 3777/3777/3777 3778/3778/3778
f 3782/3782/3782 3781/3781/3781 3780/3780/3780
f 3780/3780/3780 3781/3781/3781 3783/3783/3783
f 3786/3786/3786 3785/3785/3785 3784/3784/3784
f 3784/3784/3784 3785/3785/3785 3787/3787/3787
f 3790/3790/3790 3789/3789/3789 3788/3788/3788
f 3791/3791/3791 3789/3789/3789 3790/3790/3790
f 3794/3794/3794 3793/3793/3793 3792/3792/3792
f 3795/3795/3795 3793/3793/3793 3794/3794/3794
f 3798/3798/3798 3797/3797/3797 3796/3796/3796
f 3799/3799/3799 3797/3797/3797 3798/3798/3798
f 3802/3802/3802 3801/3801/3801 3800/3800/3800
f 3800/3800/3800 3801/3801/3801 3803/3803/3803
f 3806/3806/3806 3805/3805/3805 3804/3804/3804
f 3804/3804/3804 3805/3805/3805 3807/3807/3807
f 3810/3810/3810 3809/3809/3809 3808/3808/3808
f 3808/3808/3808 3809/3809/3809 3811/3811/3811
f 3814/3814/3814 3813/3813/3813 3812/3812/3812
f 3815/3815/3815 3813/3813/3813 3814/3814/3814
f 3818/3818/3818 3817/3817/3817 3816/3816/3816
f 3816/3816/3816 3817/3817/3817 3819/3819/3819
f 3822/3822/3822 3821/3821/3821 3820/3820/3820
f 3820/3820/3820 3821/3821/3821 3823/3823/3823
f 3826/3826/3826 3825/3825/3825 3824/3824/3824
f 3827/3827/3827 3825/3825/3825 3826/3826/3826
f 3830/3830/3830 3829/3829/3829 3828/3828/3828
f 3831/3831/3831 3829/3829/3829 3830/3830/3830
f 3834/3834/3834 3833/3833/3833 3832/3832/3832
f 3835/3835/3835 3833/3833/3833 3834/3834/3834
f 3838/3838/3838 3837/3837/3837 3836/3836/3836
f 3839/3839/3839 3837/3837/3837 3838/3838/3838
f 3842/3842/3842 3841/3841/3841 3840/3840/3840
f 3840/3840/3840 3841/3841/3841 3843/3843/3843
f 3846/3846/3846 3845/3845/3845 3844/3844/3844
f 3847/3847/3847 3845/3845/3845 3846/3846/3846
f 3850/3850/3850 3849/3849/3849 3848/3848/3848
f 3851/3851/3851 3849/3849/3849 3850/3850/3850
f 3854/3854/3854 3853/3853/3853 3852/3852/3852
f 3852/3852/3852 3853/3853/3853 3855/3855/3855
f 3858/3858/3858 3857/3857/3857 3856/3856/3856
f 3859/3859/3859 3857/3857/3857 3858/3858/3858
f 3862/3862/3862 3861/3861/3861 3860/3860/3860
f 3863/3863/3863 3861/3861/3861 3862/3862/3862
f 3866/3866/3866 3865/3865/3865 3864/3864/3864
f 3867/3867/3867 3865/3865/3865 3866/3866/3866
f 3870/3870/3870 3869/3869/3869 3868/3868/3868
f 3868/3868/3868 3869/3869/3869 3871/3871/3871
f 3874/3874/3874 3873/3873/3873 3872/3872/3872
f 3872/3872/3872 3873/3873/3873 3875/3875/3875
f 3878/3878/3878 3877/3877/3877 3876/3876/3876
f 3876/3876/3876 3877/3877/3877 3879/3879/3879
f 3882/3882/3882 3881/3881/3881 3880/3880/3880
f 3880/3880/3880 3881/3881/3881 3883/3883/3883
f 3886/3886/3886 3885/3885/3885 3884/3884/3884
f 3884/3884/3884 3885/3885/3885 3887/3887/3887
f 3890/3890/3890 3889/3889/3889 3888/3888/3888
f 3891/3891/3891 3889/3889/3889 3890/3890/3890
f 3894/3894/3894 3893/3893/3893 3892/3892/3892
f 3892/3892/3892 3893/3893/3893 3895/3895/3895
f 3898/3898/3898 3897/3897/3897 3896/3896/3896
f 3899/3899/3899 3897/3897/3897 3898/3898/3898
f 3902/3902/3902 3901/3901/3901 3900/3900/3900
f 3900/3900/3900 3901/3901/3901 3903/3903/3903
f 3906/3906/3906 3905/3905/3905 3904/3904/3904
f 3904/3904/3904 3905/3905/3905 3907/3907/3907
f 3910/3910/3910 3909/3909/3909 3908/3908/3908
f 3911/3911/3911 3909/3909/3909 3910/3910/3910
f 3914/3914/3914 3913/3913/3913 3912/3912/3912
f 3912/3912/3912 3913/3913/3913 3915/3915/3915
f 3918/3918/3918 3917/3917/3917 3916/3916/3916
f 3916/3916/3916 3917/3917/3917 3919/3919/3919
f 3922/3922/3922 3921/3921/3921 3920/3920/3920
f 3923/3923/3923 3921/3921/3921 3922/3922/3922
f 3926/3926/3926 3925/3925/3925 3924/3924/3924
f 3927/3927/3927 3925/3925/3925 3926/3926/3926
f 3930/3930/3930 3929/3929/3929 3928/3928/3928
f 3928/3928/3928 3929/3929/3929 3931/3931/3931
f 3934/3934/3934 3933/3933/3933 3932/3932/3932
f 3935/3935/3935 3933/3933/3933 3934/3934/3934
f 3936/3936/3936 3935/3935/3935 3934/3934/3934
f 3939/3939/3939 3938/3938/3938 3937/3937/3937
f 3937/3937/3937 3938/3938/3938 3940/3940/3940
f 3943/3943/3943 3942/3942/3942 3941/3941/3941
f 3944/3944/3944 3942/3942/3942 3943/3943/3943
f 3947/3947/3947 3946/3946/3946 3945/3945/3945
f 3948/3948/3948 3946/3946/3946 3947/3947/3947
f 3951/3951/3951 3950/3950/3950 3949/3949/3949
f 3949/3949/3949 3950/3950/3950 3952/3952/3952
f 3955/3955/3955 3954/3954/3954 3953/3953/3953
f 3956/3956/3956 3954/3954/3954 3955/3955/3955
f 3959/3959/3959 3958/3958/3958 3957/3957/3957
f 3957/3957/3957 3958/3958/3958 3960/3960/3960
f 3963/3963/3963 3962/3962/3962 3961/3961/3961
f 3964/3964/3964 3962/3962/3962 3963/3963/3963
f 3967/3967/3967 3966/3966/3966 3965/3965/3965
f 3965/3965/3965 3966/3966/3966 3968/3968/3968
f 3971/3971/3971 3970/3970/3970 3969/3969/3969
f 3969/3969/3969 3970/3970/3970 3972/3972/3972
f 3975/3975/3975 3974/3974/3974 3973/3973/3973
f 3976/3976/3976 3974/3974/3974 3975/3975/3975
f 3979/3979/3979 3978/3978/3978 3977/3977/3977
f 3980/3980/3980 3978/3978/3978 3979/3979/3979
f 3983/3983/3983 3982/3982/3982 3981/3981/3981
f 3981/3981/3981 3982/3982/3982 3984/3984/3984
f 3987/3987/3987 3986/3986/3986 3985/3985/3985
f 3988/3988/3988 3986/3986/3986 3987/3987/3987
f 3991/3991/3991 3990/3990/3990 3989/3989/3989
f 3989/3989/3989 3990/3990/3990 3992/3992/3992
f 3995/3995/3995 3994/3994/3994 3993/3993/3993
f 3996/3996/3996 3994/3994/3994 3995/3995/3995
f 3999/3999/3999 3998/3998/3998 3997/3997/3997
f 4000/4000/4000 3998/3998/3998 3999/3999/3999
f 4003/4003/4003 4002/4002/4002 4001/4001/4001
f 4001/4001/4001 4002/4002/4002 4004/4004/4004
f 4007/4007/4007 4006/4006/4006 4005/4005/4005
f 4008/4008/4008 4006/4006/4006 4007/4007/4007
f 4011/4011/4011 4010/4010/4010 4009/4009/4009
f 4012/4012/4012 4010/4010/4010 4011/4011/4011
f 4015/4015/4015 4014/4014/4014 4013/4013/4013
f 4016/4016/4016 4014/4014/4014 4015/4015/4015
f 4019/4019/4019 4018/4018/4018 4017/4017/4017
f 4017/4017/4017 4018/4018/4018 4020/4020/4020
f 4023/4023/4023 4022/4022/4022 4021/4021/4021
f 4021/4021/4021 4022/4022/4022 4024/4024/4024
f 4027/4027/4027 4026/4026/4026 4025/4025/4025
f 4025/4025/4025 4026/4026/4026 4028/4028/4028
f 4031/4031/4031 4030/4030/4030 4029/4029/4029
f 4032/4032/4032 4030/4030/4030 4031/4031/4031
f 4035/4035/4035 4034/4034/4034 4033/4033/4033
f 4036/4036/4036 4034/4034/4034 4035/4035/4035
f 4039/4039/4039 4038/4038/4038 4037/4037/4037
f 4037/4037/4037 4038/4038/4038 4040/4040/4040
f 4043/4043/4043 4042/4042/4042 4041/4041/4041
f 4044/4044/4044 4042/4042/4042 4043/4043/4043
f 4047/4047/4047 4046/4046/4046 4045/4045/4045
f 4048/4048/4048 4046/4046/4046 4047/4047/4047
f 4051/4051/4051 4050/4050/4050 4049/4049/4049
f 4052/4052/4052 4050/4050/4050 4051/4051/4051
f 4055/4055/4055 4054/4054/4054 4053/4053/4053
f 4056/4056/4056 4054/4054/4054 4055/4055/4055
f 4059/4059/4059 4058/4058/4058 4057/4057/4057
f 4060/4060/4060 4058/4058/4058 4059/4059/4059
f 4063/4063/4063 4062/4062/4062 4061/4061/4061
f 4064/4064/4064 4062/4062/4062 4063/4063/4063
f 4067/4067/4067 4066/4066/4066 4065/4065/4065
f 4068/4068/4068 4066/4066/4066 4067/4067/4067
f 4071/4071/4071 4070/4070/4070 4069/4069/4069
f 4072/4072/4072 4070/4070/4070 4071/4071/4071
f 4075/4075/4075 4074/4074/4074 4073/4073/4073
f 4073/4073/4073 4074/4074/4074 4076/4076/4076
f 4079/4079/4079 4078/4078/4078 4077/4077/4077
f 4077/4077/4077 4078/4078/4078 4080/4080/4080
f 4083/4083/4083 4082/4082/4082 4081/4081/4081
f 4084/4084/4084 4082/4082/4082 4083/4083/4083

usemtl HousesCrashedBridge2subMesh2
f 4087/4087/4087 4086/4086/4086 4085/4085/4085
f 4085/4085/4085 4086/4086/4086 4088/4088/4088
f 4091/4091/4091 4090/4090/4090 4089/4089/4089
f 4089/4089/4089 4090/4090/4090 4092/4092/4092
f 4093/4093/4093 4089/4089/4089 4092/4092/4092
f 4096/4096/4096 4095/4095/4095 4094/4094/4094
f 4094/4094/4094 4095/4095/4095 4097/4097/4097
f 4100/4100/4100 4099/4099/4099 4098/4098/4098
f 4099/4099/4099 4101/4101/4101 4098/4098/4098
f 4098/4098/4098 4101/4101/4101 4102/4102/4102
f 4105/4105/4105 4104/4104/4104 4103/4103/4103
f 4103/4103/4103 4104/4104/4104 4106/4106/4106
f 4106/4106/4106 4107/4107/4107 4103/4103/4103
f 4108/4108/4108 4107/4107/4107 4106/4106/4106
f 4108/4108/4108 4109/4109/4109 4107/4107/4107
f 4110/4110/4110 4109/4109/4109 4108/4108/4108
f 4111/4111/4111 4109/4109/4109 4110/4110/4110
f 4114/4114/4114 4113/4113/4113 4112/4112/4112
f 4115/4115/4115 4113/4113/4113 4114/4114/4114
f 4118/4118/4118 4117/4117/4117 4116/4116/4116
f 4119/4119/4119 4117/4117/4117 4118/4118/4118
f 4122/4122/4122 4121/4121/4121 4120/4120/4120
f 4123/4123/4123 4121/4121/4121 4122/4122/4122
